Time[s],Displacement[mm],Force[kN],AxStrain_1,AxStrain_2,Thickness[mm],OuterWidth[mm],Diameter[mm]
0.61,0,-0.015237,0,0,1.5212,20,4.7722
1.11,-0.000224,-0.018037,0.00036493,4.0999e-05,0,0,0
1.61,0.000207,-0.020568,0.00027896,9.9995e-05,0,0,0
2.11,0.000151,-0.008116,1.6e-05,0.00022797,0,0,0
2.61,2.6e-05,0.018129,-4.6001e-05,0.00024697,0,0,0
3.11,0.000523,0.052154,-4.0001e-05,-6.5002e-05,0,0,0
3.61,0.000581,0.080987,6.6998e-05,0.00014199,0,0,0
4.11,0.000632,0.10944,4.5999e-05,6e-06,0,0,0
4.61,0.0002,0.13471,0.00018998,3.5999e-05,0,0,0
5.11,0.000906,0.16143,-8.5004e-05,0.00020998,0,0,0
5.61,0.000685,0.18571,0.00027696,8.8996e-05,0,0,0
6.11,0.000719,0.20857,0.00036793,2.8e-05,0,0,0
6.61,0.000794,0.23029,0.00039692,0.00014999,0,0,0
7.11,0.000685,0.24985,0.00067477,5.5998e-05,0,0,0
7.61,0.000678,0.26758,0.00062381,7.5997e-05,0,0,0
8.11,0.000772,0.28514,0.00070275,0.00018698,0,0,0
8.61,0.000639,0.30515,0.00054385,6.5998e-05,0,0,0
9.11,0.000672,0.32457,0.00067477,0.00019898,0,0,0
9.61,0.000656,0.34443,0.00056384,5.6998e-05,0,0,0
10.11,0.000739,0.36357,0.00039592,0.00010299,0,0,0
10.61,0.000679,0.38343,0.00026996,1.9e-05,0,0,0
11.11,0.000696,0.40257,0.00039592,0.00011799,0,0,0
11.61,0.000941,0.42243,0.00041591,-5.6002e-05,0,0,0
12.11,0.00074,0.44157,0.00020198,0.00023497,0,0,0
12.61,0.00078,0.46115,0.00021798,0.00027296,0,0,0
13.11,0.001224,0.47871,-2.6e-05,0.00040392,0,0,0
13.61,0.00115,0.49629,0.00012999,0.00016899,0,0,0
14.11,0.001267,0.51357,0.00010599,0.00032195,0,0,0
14.61,0.001541,0.53358,-6.5002e-05,7.9997e-05,0,0,0
15.11,0.001536,0.55256,1.7e-05,0.00031395,0,0,0
15.61,0.001556,0.57244,-5.0001e-05,0.00027496,0,0,0
16.11,0.001496,0.59028,0.00015199,0.00015199,0,0,0
16.61,0.001496,0.60886,6.5998e-05,0.00030795,0,0,0
17.11,0.001758,0.62657,0.00022497,0.00028796,0,0,0
17.61,0.002086,0.64643,0.0004539,0.00020498,0,0,0
18.11,0.001721,0.66585,0.00049288,0.00031795,0,0,0
18.61,0.00194,0.68615,0.00075472,0.00031795,0,0,0
19.11,0.001655,0.70585,0.0008936,0.00026496,0,0,0
19.61,0.001457,0.72643,0.0010524,0.00015599,0,0,0
20.11,0.00189,0.74657,0.00093656,0.00010599,0,0,0
20.61,0.001894,0.76743,0.0006318,0.00033095,0,0,0
21.11,0.001725,0.78757,0.00080767,0.00012599,0,0,0
21.61,0.002258,0.80557,0.00080368,0.00018498,0,0,0
22.11,0.001874,0.82286,0.00070475,7.2997e-05,0,0,0
22.61,0.00191,0.84443,0.00047988,0.00024197,0,0,0
23.11,0.0019,0.86671,0.00054285,0.00027096,0,0,0
23.61,0.002019,0.88572,0.00068876,0.00029796,0,0,0
24.11,0.002195,0.90415,0.00030095,0.00031395,0,0,0
24.61,0.002268,0.92715,0.00024497,0.00040392,0,0,0
25.11,0.002119,0.94956,0.00033095,0.00043391,0,0,0
25.61,0.002314,0.97,8.5996e-05,0.00039692,0,0,0
26.11,0.003082,0.98885,0.00019198,0.00046689,0,0,0
26.61,0.002844,1.0083,0.00054285,0.00046989,0,0,0
27.11,0.003089,1.0281,4.2999e-05,0.00029096,0,0,0
27.61,0.003314,1.05,0.00068177,0.00040692,0,0,0
28.11,0.003142,1.0716,0.00059282,0.00028096,0,0,0
28.61,0.00333,1.0924,0.00060881,0.00050987,0,0,0
29.11,0.003397,1.1129,0.00072474,0.00025497,0,0,0
29.61,0.003228,1.1341,0.00064879,0.00040692,0,0,0
30.11,0.003042,1.1549,0.0010524,-4.6001e-05,0,0,0
30.61,0.003181,1.1761,0.0010255,0.00036693,0,0,0
31.11,0.00334,1.1954,0.0010195,0.00033095,0,0,0
31.61,0.003079,1.216,0.00092657,0.00041391,0,0,0
32.11,0.003075,1.2363,0.00084364,0.00022198,0,0,0
32.61,0.003506,1.2587,0.00095954,0.00025497,0,0,0
33.11,0.00345,1.2787,0.0011843,0.00019498,0,0,0
33.61,0.003516,1.3003,0.00083065,0.00043391,0,0,0
34.11,0.003522,1.32,0.00061881,0.0004439,0,0,0
34.61,0.00334,1.3409,0.00048988,0.00026796,0,0,0
35.11,0.003529,1.3603,0.0011154,0.00038093,0,0,0
35.61,0.003767,1.3817,0.0007777,0.00042691,0,0,0
36.11,0.00432,1.4026,0.00071474,0.00052286,0,0,0
36.61,0.004777,1.4239,0.0010025,0.00040092,0,0,0
37.11,0.004919,1.4441,0.00070475,0.00066178,0,0,0
37.61,0.005111,1.4651,0.00091358,0.0007747,0,0,0
38.11,0.005178,1.4859,0.00062181,0.00073773,0,0,0
38.61,0.004767,1.5069,0.00094955,0.00067477,0,0,0
39.11,0.004956,1.5271,0.00097952,0.00060582,0,0,0
39.61,0.005082,1.5481,0.00092957,0.00080368,0,0,0
40.11,0.005009,1.5674,0.00094955,0.00051287,0,0,0
40.61,0.004883,1.5877,0.0010654,0.00051587,0,0,0
41.11,0.004549,1.6073,0.0013131,0.00052986,0,0,0
41.61,0.004698,1.6287,0.0013101,0.00046289,0,0,0
42.11,0.004618,1.6483,0.001396,0.00036693,0,0,0
42.61,0.004737,1.6686,0.0015278,0.00024197,0,0,0
43.11,0.004648,1.6879,0.001399,0.00049288,0,0,0
43.61,0.004665,1.7091,0.0017595,0.0004399,0,0,0
44.11,0.005184,1.7296,0.0015578,0.00056284,0,0,0
44.61,0.005032,1.7504,0.0014949,0.00049688,0,0,0
45.11,0.005055,1.7706,0.0014559,0.00061181,0,0,0
45.61,0.005446,1.7889,0.0015378,0.00057583,0,0,0
46.11,0.005575,1.808,0.0016536,0.00087062,0,0,0
46.61,0.00578,1.828,0.0014789,0.0004439,0,0,0
47.11,0.00585,1.8497,0.0013601,0.00076771,0,0,0
47.61,0.006075,1.8693,0.0014719,0.00057284,0,0,0
48.11,0.006422,1.8907,0.0013401,0.00080068,0,0,0
48.61,0.006326,1.9103,0.0011114,0.0007807,0,0,0
49.11,0.006581,1.9303,0.0011254,0.00093656,0,0,0
49.61,0.006595,1.9489,0.0010155,0.00075472,0,0,0
50.11,0.006399,1.9694,0.0011483,0.00086063,0,0,0
50.61,0.006326,1.9896,0.0012243,0.00060282,0,0,0
51.11,0.006313,2.0104,0.0011314,0.00061581,0,0,0
51.61,0.005893,2.0306,0.0012243,0.0006358,0,0,0
52.11,0.00586,2.0511,0.0012572,0.00046689,0,0,0
52.61,0.005793,2.0709,0.0015708,0.00067477,0,0,0
53.11,0.006019,2.0914,0.001419,0.00053286,0,0,0
53.61,0.005985,2.1116,0.0015807,0.00070775,0,0,0
54.11,0.006062,2.1321,0.0019251,0.0004439,0,0,0
54.61,0.006105,2.1507,0.0018293,0.00061181,0,0,0
55.1,0.006201,2.1707,0.0018493,0.0006358,0,0,0
55.61,0.006459,2.1903,0.0018024,0.00061181,0,0,0
56.11,0.006575,2.2117,0.0018553,0.00066478,0,0,0
56.61,0.007055,2.231,0.0018154,0.00056284,0,0,0
57.11,0.007303,2.252,0.0016906,0.00064879,0,0,0
57.61,0.007445,2.2713,0.0016576,0.00055285,0,0,0
58.11,0.007667,2.2913,0.0018423,0.00079468,0,0,0
58.61,0.007704,2.3099,0.0016177,0.0008996,0,0,0
59.11,0.008011,2.3301,0.001379,0.00064179,0,0,0
59.61,0.008071,2.3499,0.0012642,0.00084065,0,0,0
60.1,0.008015,2.3701,0.0011973,0.00073473,0,0,0
60.61,0.008045,2.3896,0.0012173,0.00059282,0,0,0
61.1,0.007992,2.4097,0.0012932,0.00067877,0,0,0
61.6,0.007522,2.4296,0.0013002,0.00049988,0,0,0
62.11,0.007303,2.4501,0.0012542,0.00067177,0,0,0
62.6,0.007392,2.4699,0.0013071,0.00067177,0,0,0
63.1,0.007118,2.4901,0.0012702,0.00079069,0,0,0
63.6,0.007399,2.5084,0.0013331,0.00058583,0,0,0
64.11,0.007482,2.5283,0.0016047,0.00070475,0,0,0
64.61,0.007641,2.5477,0.0018593,0.00061281,0,0,0
65.11,0.007614,2.569,0.0017295,0.00052286,0,0,0
65.61,0.007657,2.588,0.0019112,0.00056884,0,0,0
66.11,0.007611,2.609,0.0018094,0.00073473,0,0,0
66.61,0.008217,2.628,0.0018423,0.00056584,0,0,0
67.11,0.008293,2.6479,0.0018124,0.00074772,0,0,0
67.61,0.008561,2.6666,0.0015748,0.00047289,0,0,0
68.11,0.00918,2.6871,0.0014689,0.0007777,0,0,0
68.61,0.009339,2.7069,0.0015019,0.00085064,0,0,0
69.11,0.009379,2.7271,0.0011943,0.0010425,0,0,0
69.61,0.009756,2.7469,0.0011943,0.00084065,0,0,0
70.11,0.009518,2.7671,0.0012932,0.00071175,0,0,0
70.61,0.009336,2.7869,0.0011783,0.00061581,0,0,0
71.11,0.009435,2.8071,0.0011054,0.00073773,0,0,0
71.61,0.009005,2.8269,0.0010255,0.0006388,0,0,0
72.11,0.009025,2.8474,0.0010784,0.0007707,0,0,0
72.61,0.008886,2.8661,0.001432,0.00070475,0,0,0
73.11,0.008766,2.886,0.0011214,0.00073473,0,0,0
73.61,0.008756,2.9053,0.0014559,0.00074772,0,0,0
74.11,0.008697,2.9267,0.0015877,0.00072774,0,0,0
74.61,0.008892,2.946,0.0018423,0.00074772,0,0,0
75.11,0.008849,2.9673,0.0015378,0.00071175,0,0,0
75.61,0.008399,2.9867,0.0015218,0.00075072,0,0,0
76.11,0.009025,3.0069,0.0015019,0.00067177,0,0,0
76.61,0.009154,3.0256,0.0015478,0.00087062,0,0,0
77.11,0.009571,3.0461,0.0013171,0.00079768,0,0,0
77.61,0.009746,3.0661,0.0014659,0.00086063,0,0,0
78.11,0.010398,3.0871,0.0012572,0.00087062,0,0,0
78.61,0.010643,3.1076,0.0012602,0.00093356,0,0,0
79.11,0.010445,3.1281,0.0012442,0.0008966,0,0,0
79.61,0.010581,3.1479,0.0013761,0.00065878,0,0,0
80.11,0.010855,3.1681,0.0012572,0.0010584,0,0,0
80.61,0.011262,3.1879,0.0010984,0.0010984,0,0,0
81.11,0.011233,3.2081,0.0012672,0.0010295,0,0,0
81.61,0.011229,3.2267,0.0010824,0.0007777,0,0,0
82.11,0.010935,3.2464,0.0013701,0.00093656,0,0,0
82.61,0.010677,3.2656,0.001409,0.00082766,0,0,0
83.11,0.010779,3.2867,0.0015248,0.00080368,0,0,0
83.61,0.010581,3.306,0.0015977,0.00094655,0,0,0
84.11,0.010425,3.327,0.0016966,0.00064179,0,0,0
84.61,0.010362,3.346,0.0018623,0.00078469,0,0,0
85.11,0.010455,3.3656,0.0015907,0.00081767,0,0,0
85.61,0.010491,3.3839,0.0016147,0.00085663,0,0,0
86.11,0.010604,3.4041,0.001396,0.00092357,0,0,0
86.61,0.010733,3.4239,0.0015778,0.00090659,0,0,0
87.11,0.010978,3.4441,0.0013761,0.00081367,0,0,0
87.61,0.011309,3.4639,0.0012442,0.0010295,0,0,0
88.11,0.011749,3.4841,0.0013731,0.0010255,0,0,0
88.61,0.012107,3.5039,0.001386,0.0010485,0,0,0
89.11,0.012689,3.5239,0.001436,0.0010155,0,0,0
89.61,0.012905,3.5431,0.001426,0.00083065,0,0,0
90.11,0.013193,3.5631,0.0014619,0.0010225,0,0,0
90.61,0.013219,3.5814,0.0015778,0.0013561,0,0,0
91.11,0.013077,3.6007,0.0014889,0.0010355,0,0,0
91.61,0.013053,3.6193,0.001419,0.0012672,0,0,0
92.11,0.013153,3.6394,0.001409,0.0010325,0,0,0
92.61,0.012812,3.6576,0.0017395,0.0011713,0,0,0
93.11,0.012636,3.6777,0.0016836,0.0011184,0,0,0
93.61,0.012494,3.6963,0.0018453,0.0011413,0,0,0
94.11,0.012378,3.7156,0.0020798,0.0010255,0,0,0
94.61,0.01206,3.7336,0.0020898,0.0010684,0,0,0
95.11,0.012054,3.7529,0.0019311,0.0011643,0,0,0
95.61,0.012219,3.7711,0.0018593,0.00098951,0,0,0
96.11,0.012418,3.7904,0.0018683,0.00097652,0,0,0
96.61,0.012368,3.8096,0.0016307,0.0011154,0,0,0
97.11,0.012842,3.8291,0.0017595,0.0010225,0,0,0
97.61,0.012971,3.8479,0.0016706,0.0011354,0,0,0
98.11,0.013447,3.8671,0.0015708,0.0011384,0,0,0
98.61,0.013835,3.8859,0.0017565,0.0010055,0,0,0
99.11,0.014083,3.9054,0.0016806,0.001406,0,0,0
99.61,0.014523,3.9231,0.0017195,0.0011214,0,0,0
100.11,0.014566,3.942,0.0018653,0.0014989,0,0,0
100.61,0.01497,3.96,0.0018453,0.0016107,0,0,0
101.11,0.01508,3.9797,0.0018523,0.0014489,0,0,0
101.61,0.015129,3.9979,0.001981,0.001403,0,0,0
102.11,0.014848,4.0181,0.0019551,0.001409,0,0,0
102.61,0.014474,4.0366,0.0020898,0.0012173,0,0,0
103.11,0.014517,4.055,0.0022255,0.0012642,0,0,0
103.61,0.014202,4.0721,0.0022026,0.0011114,0,0,0
104.11,0.014179,4.0911,0.0021397,0.0013201,0,0,0
104.61,0.013699,4.1101,0.0024929,0.0011114,0,0,0
105.11,0.013706,4.1299,0.0021696,0.0011973,0,0,0
105.61,0.013735,4.1486,0.0021986,0.0011014,0,0,0
106.11,0.013855,4.1674,0.0021227,0.0011973,0,0,0
106.61,0.014093,4.1859,0.0019411,0.0011054,0,0,0
107.11,0.014513,4.2051,0.0020669,0.0011443,0,0,0
107.61,0.014401,4.2239,0.0020838,0.0010984,0,0,0
108.11,0.014848,4.2431,0.0021068,0.001426,0,0,0
108.61,0.015179,4.2607,0.002017,0.0013201,0,0,0
109.11,0.015613,4.2794,0.0021267,0.0013002,0,0,0
109.61,0.016083,4.2976,0.0022285,0.0015678,0,0,0
110.11,0.016318,4.3177,0.0022155,0.001379,0,0,0
110.61,0.016589,4.3363,0.002011,0.0014589,0,0,0
111.11,0.016632,4.3564,0.0022355,0.0015149,0,0,0
111.61,0.016751,4.3743,0.0023313,0.0016866,0,0,0
112.11,0.0169,4.3926,0.0023143,0.0015877,0,0,0
112.61,0.016808,4.4099,0.0021826,0.001423,0,0,0
113.11,0.016477,4.4291,0.0022814,0.001389,0,0,0
113.61,0.016331,4.4479,0.0021826,0.0015548,0,0,0
114.11,0.016189,4.4669,0.0024141,0.0014889,0,0,0
114.61,0.015891,4.4851,0.0024799,0.0013231,0,0,0
115.11,0.015891,4.5041,0.0024141,0.0015877,0,0,0
115.61,0.015725,4.5229,0.0025458,0.001389,0,0,0
116.11,0.015692,4.5421,0.002447,0.0013231,0,0,0
116.61,0.015659,4.5609,0.0024799,0.0014559,0,0,0
117.11,0.016255,4.5799,0.002447,0.001423,0,0,0
117.61,0.016288,4.597,0.0025458,0.0013561,0,0,0
118.11,0.016586,4.6157,0.0023812,0.001423,0,0,0
118.61,0.017116,4.634,0.0025787,0.0015877,0,0,0
119.11,0.017314,4.6537,0.0027442,0.0015218,0,0,0
119.61,0.017844,4.6713,0.0027771,0.0017195,0,0,0
120.11,0.018374,4.6907,0.002447,0.0016866,0,0,0
120.61,0.018705,4.7086,0.0025787,0.0016207,0,0,0
121.11,0.018837,4.7273,0.0025458,0.0016207,0,0,0
121.61,0.018671,4.7449,0.0025787,0.0019182,0,0,0
122.11,0.018903,4.7641,0.00281,0.0017535,0,0,0
122.61,0.019003,4.7826,0.0025458,0.0016866,0,0,0
123.11,0.018638,4.8014,0.0025787,0.0017864,0,0,0
123.61,0.018605,4.8199,0.0023472,0.0015218,0,0,0
124.11,0.018208,4.8391,0.0025458,0.0014559,0,0,0
124.61,0.018076,4.8579,0.0023812,0.0017195,0,0,0
125.11,0.017844,4.8769,0.0024799,0.0018852,0,0,0
125.61,0.01791,4.8951,0.0025458,0.0015218,0,0,0
126.11,0.017678,4.9141,0.002843,0.0015877,0,0,0
126.61,0.017745,4.9317,0.0026784,0.0015877,0,0,0
127.11,0.017943,4.9504,0.00281,0.0014559,0,0,0
127.61,0.018043,4.9683,0.0029417,0.0015877,0,0,0
128.1,0.018473,4.9877,0.00281,0.0016536,0,0,0
128.6,0.018837,5.0056,0.003173,0.0016536,0,0,0
129.1,0.019301,5.0254,0.003173,0.0017195,0,0,0
129.6,0.019665,5.0433,0.0029746,0.0017535,0,0,0
130.1,0.020128,5.0616,0.0029088,0.0017535,0,0,0
130.6,0.020492,5.0786,0.002843,0.0017535,0,0,0
131.1,0.020592,5.0974,0.0030085,0.0019182,0,0,0
131.6,0.020956,5.1159,0.0029088,0.0017864,0,0,0
132.1,0.020956,5.1351,0.0029088,0.0020509,0,0,0
132.6,0.021088,5.1539,0.0028759,0.0022485,0,0,0
133.1,0.020857,5.1729,0.0027771,0.0018193,0,0,0
133.6,0.020724,5.1911,0.0026116,0.001984,0,0,0
134.1,0.020559,5.2101,0.0024799,0.0018523,0,0,0
134.6,0.02036,5.2286,0.002843,0.0018523,0,0,0
135.1,0.020426,5.2474,0.0025458,0.0018852,0,0,0
135.6,0.020195,5.2644,0.0026116,0.0017864,0,0,0
136.1,0.019863,5.2827,0.002843,0.0015218,0,0,0
136.6,0.019996,5.3006,0.0026784,0.0017195,0,0,0
137.1,0.020327,5.3204,0.00281,0.0016866,0,0,0
137.6,0.020095,5.3386,0.0027771,0.0018193,0,0,0
138.1,0.020526,5.3584,0.0027442,0.0017864,0,0,0
138.6,0.02079,5.3763,0.0027771,0.0018193,0,0,0
139.1,0.021155,5.3949,0.0026784,0.0017864,0,0,0
139.6,0.02175,5.4123,0.0027771,0.0018523,0,0,0
140.1,0.022313,5.4314,0.0025787,0.0021168,0,0,0
140.6,0.022512,5.4496,0.0026445,0.0021168,0,0,0
141.1,0.022611,5.4684,0.0026784,0.0021497,0,0,0
141.6,0.022744,5.4869,0.0028759,0.0021826,0,0,0
142.1,0.023075,5.5061,0.0029417,0.002447,0,0,0
142.6,0.023075,5.5249,0.0027113,0.0021168,0,0,0
143.1,0.023174,5.5444,0.002843,0.0022814,0,0,0
143.6,0.022909,5.5633,0.0025458,0.0023143,0,0,0
144.1,0.023009,5.5824,0.0031072,0.0022485,0,0,0
144.6,0.022843,5.5997,0.0030085,0.0020838,0,0,0
145.1,0.022578,5.6187,0.0029417,0.0020838,0,0,0
145.6,0.022379,5.637,0.0033055,0.002017,0,0,0
146.1,0.022446,5.6567,0.0032059,0.0020509,0,0,0
146.6,0.022512,5.6746,0.0030085,0.0022155,0,0,0
147.1,0.022644,5.6944,0.0029756,0.0021826,0,0,0
147.6,0.022644,5.7126,0.0029746,0.0020509,0,0,0
148.1,0.023108,5.7313,0.0028759,0.0020509,0,0,0
148.6,0.023108,5.7489,0.0030085,0.001984,0,0,0
149.1,0.023571,5.7681,0.00281,0.001984,0,0,0
149.6,0.024167,5.7866,0.002843,0.0021168,0,0,0
150.1,0.024432,5.8057,0.0030414,0.0023472,0,0,0
150.6,0.024664,5.8246,0.0030085,0.0023143,0,0,0
151.1,0.025028,5.8439,0.0031072,0.0023472,0,0,0
151.6,0.025127,5.8621,0.0029417,0.0022814,0,0,0
152.1,0.025127,5.8811,0.0031072,0.00281,0,0,0
152.6,0.025359,5.8999,0.0034042,0.0026445,0,0,0
153.1,0.02526,5.9191,0.0032716,0.0027771,0,0,0
153.6,0.025558,5.9367,0.0036683,0.0025458,0,0,0
154.1,0.025326,5.9554,0.0034371,0.0026784,0,0,0
154.6,0.025227,5.9733,0.0035686,0.0026784,0,0,0
155.1,0.025392,5.9927,0.0036354,0.0026784,0,0,0
155.6,0.025061,6.0106,0.0035357,0.0026445,0,0,0
156.1,0.02526,6.0304,0.0036015,0.0023472,0,0,0
156.6,0.025193,6.0483,0.0036354,0.0023143,0,0,0
157.1,0.025458,6.0666,0.0033713,0.0022814,0,0,0
157.6,0.025392,6.0836,0.0033713,0.0022485,0,0,0
158.1,0.02569,6.1027,0.0032387,0.0024799,0,0,0
158.6,0.025988,6.1213,0.0034371,0.0025128,0,0,0
159.1,0.026352,6.1401,0.0036015,0.0026116,0,0,0
159.6,0.02665,6.1581,0.0036015,0.0024799,0,0,0
160.1,0.027014,6.1771,0.0036354,0.0027442,0,0,0
160.6,0.027246,6.1956,0.00347,0.0026784,0,0,0
161.1,0.027577,6.2144,0.0037669,0.0027771,0,0,0
161.6,0.027842,6.2329,0.0039651,0.0030085,0,0,0
162.1,0.027809,6.2521,0.003998,0.0030743,0,0,0
162.6,0.028074,6.2694,0.0039313,0.0032716,0,0,0
163.1,0.028372,6.2874,0.0045586,0.0030743,0,0,0
163.6,0.028272,6.3049,0.0041295,0.0032059,0,0,0
164.1,0.028438,6.3244,0.0041952,0.0032059,0,0,0
164.6,0.028405,6.3426,0.0044262,0.0030743,0,0,0
165.1,0.028338,6.3621,0.004228,0.0029746,0,0,0
165.6,0.028372,6.3796,0.0042948,0.0027113,0,0,0
166.1,0.028504,6.3976,0.0042948,0.0027771,0,0,0
166.6,0.02857,6.4149,0.0043605,0.0027771,0,0,0
167.1,0.028603,6.4341,0.0043605,0.00281,0,0,0
167.6,0.028769,6.4526,0.0043933,0.0027771,0,0,0
168.1,0.029166,6.4714,0.0043933,0.0027442,0,0,0
168.6,0.029563,6.4896,0.0041623,0.0029746,0,0,0
169.1,0.029729,6.5084,0.0043605,0.0030743,0,0,0
169.6,0.029762,6.5266,0.0045914,0.0030414,0,0,0
170.1,0.03006,6.5454,0.0045586,0.0030414,0,0,0
170.6,0.030457,6.5636,0.0043605,0.0032059,0,0,0
171.1,0.030722,6.5821,0.0047885,0.00347,0,0,0
171.6,0.03102,6.599,0.0046571,0.0034371,0,0,0
172.1,0.030954,6.6174,0.0047228,0.0036683,0,0,0
172.6,0.031318,6.6353,0.0049209,0.0038655,0,0,0
173.1,0.031417,6.6547,0.0049537,0.0039323,0,0,0
173.6,0.031417,6.6734,0.0049209,0.0036354,0,0,0
174.1,0.031649,6.6931,0.0048214,0.0038326,0,0,0
174.6,0.03155,6.71,0.0047885,0.0037011,0,0,0
175.1,0.031715,6.727,0.00469,0.0036354,0,0,0
175.6,0.031881,6.7439,0.0047228,0.0036015,0,0,0
176.1,0.031914,6.7621,0.0047228,0.0034042,0,0,0
176.6,0.032278,6.7801,0.00469,0.0034371,0,0,0
177.1,0.032245,6.8003,0.0048542,0.0035357,0,0,0
177.6,0.032742,6.8193,0.0047885,0.0033384,0,0,0
178.1,0.03294,6.8373,0.0046571,0.0035357,0,0,0
178.6,0.033073,6.8539,0.0046243,0.0032387,0,0,0
179.1,0.033503,6.8721,0.0047557,0.0034371,0,0,0
179.6,0.033801,6.8899,0.0043605,0.0035029,0,0,0
180.1,0.033768,6.9084,0.0047557,0.0035357,0,0,0
180.6,0.034,6.9254,0.0047885,0.003734,0,0,0
181.1,0.034397,6.9434,0.0049209,0.0041623,0,0,0
181.6,0.034265,6.9606,0.0049537,0.003998,0,0,0
182.1,0.034364,6.9794,0.0049865,0.0042619,0,0,0
182.6,0.034629,6.998,0.0051179,0.004459,0,0,0
183.1,0.034861,7.0179,0.0054143,0.00469,0,0,0
183.6,0.034794,7.0347,0.0053815,0.0046243,0,0,0
184.1,0.03496,7.0513,0.0057435,0.0045586,0,0,0
184.6,0.035159,7.0681,0.0058429,0.0045914,0,0,0
185.1,0.03539,7.0869,0.00548,0.0043933,0,0,0
185.6,0.035655,7.1049,0.005645,0.0043276,0,0,0
186.1,0.035787,7.1243,0.0058101,0.0041623,0,0,0
186.6,0.035986,7.1426,0.0054143,0.0041623,0,0,0
187.1,0.036648,7.1603,0.0055466,0.0040966,0,0,0
187.6,0.036814,7.1771,0.0050194,0.0039323,0,0,0
188.1,0.037112,7.1959,0.005283,0.0040966,0,0,0
188.6,0.037542,7.2139,0.0051845,0.0039651,0,0,0
189.1,0.037774,7.2321,0.00548,0.0043933,0,0,0
189.6,0.038072,7.2487,0.0056122,0.0040966,0,0,0
190.1,0.038204,7.2667,0.0056779,0.0043605,0,0,0
190.6,0.038237,7.2843,0.0059741,0.0045257,0,0,0
191.1,0.038336,7.3034,0.0060397,0.0046243,0,0,0
191.6,0.038701,7.3217,0.0063359,0.0046243,0,0,0
192.1,0.038668,7.3411,0.0064352,0.0049865,0,0,0
192.6,0.0388,7.3577,0.0068296,0.0049209,0,0,0
193.1,0.038866,7.3743,0.00706,0.0053158,0,0,0
193.6,0.039032,7.3906,0.0069935,0.0055794,0,0,0
194.1,0.039594,7.4084,0.0070263,0.0055138,0,0,0
194.6,0.039528,7.4259,0.0072566,0.0055138,0,0,0
195.1,0.040091,7.4453,0.0070928,0.0053815,0,0,0
195.6,0.040455,7.4639,0.0070928,0.0051507,0,0,0
196.1,0.041051,7.4817,0.0070263,0.0053158,0,0,0
196.6,0.041349,7.4981,0.0070263,0.0050194,0,0,0
197.1,0.042044,7.5161,0.0069607,0.0050522,0,0,0
197.6,0.042839,7.5339,0.0070263,0.0052502,0,0,0
198.1,0.042971,7.5519,0.00706,0.0050522,0,0,0
198.6,0.0436,7.568,0.0071583,0.0050194,0,0,0
199.1,0.043435,7.5854,0.0071583,0.0048552,0,0,0
199.6,0.043964,7.6023,0.0073886,0.0054481,0,0,0
200.1,0.043633,7.6207,0.0072238,0.005283,0,0,0
200.6,0.0437,7.6387,0.0073886,0.0054143,0,0,0
201.1,0.043998,7.6581,0.0075524,0.00548,0,0,0
201.6,0.043865,7.6744,0.0074214,0.0058429,0,0,0
202.1,0.043998,7.6906,0.0078154,0.0059413,0,0,0
202.6,0.043965,7.7066,0.0079136,0.0063687,0,0,0
203.1,0.04423,7.7244,0.0079136,0.0063687,0,0,0
203.6,0.04466,7.7416,0.0079801,0.0069279,0,0,0
204.1,0.044892,7.7606,0.0081437,0.0066975,0,0,0
204.6,0.045289,7.7783,0.0081437,0.0067641,0,0,0
205.1,0.045819,7.7953,0.0080128,0.0068624,0,0,0
205.6,0.046382,7.8109,0.0081437,0.0069607,0,0,0
206.1,0.046944,7.8284,0.0080783,0.0065664,0,0,0
206.6,0.047573,7.8456,0.0079136,0.0066647,0,0,0
207.1,0.04807,7.8634,0.0078154,0.0062047,0,0,0
207.6,0.048865,7.8794,0.0076844,0.0062703,0,0,0
208.1,0.049394,7.8964,0.0076179,0.0062703,0,0,0
208.6,0.049725,7.9126,0.0078809,0.0062047,0,0,0
209.1,0.050454,7.9307,0.0075852,0.0062047,0,0,0
209.6,0.050487,7.9484,0.0075524,0.0061719,0,0,0
210.1,0.050421,7.9671,0.0077826,0.0064352,0,0,0
210.6,0.050586,7.9827,0.0081765,0.0065992,0,0,0
211.1,0.050719,7.9983,0.0082092,0.0066647,0,0,0
211.6,0.050917,8.0141,0.0084393,0.0070273,0,0,0
212.1,0.050685,8.0319,0.0087347,0.0071256,0,0,0
212.6,0.050818,8.0489,0.0091609,0.0075524,0,0,0
213.1,0.05105,8.067,0.0093908,0.0078481,0,0,0
213.6,0.051513,8.0839,0.0097513,0.0077826,0,0,0
214.1,0.052175,8.1003,0.009981,0.0081437,0,0,0
214.6,0.05234,8.1161,0.009981,0.0084066,0,0,0
215.1,0.053069,8.1336,0.010112,0.0082757,0,0,0
215.6,0.053698,8.1501,0.010374,0.0081437,0,0,0
216.1,0.054691,8.1669,0.010177,0.0081765,0,0,0
216.6,0.055188,8.182,0.010046,0.0079146,0,0,0
217.1,0.056181,8.1984,0.0098503,0.0079473,0,0,0
217.6,0.05671,8.2146,0.0099157,0.0078809,0,0,0
218.1,0.057174,8.2321,0.0098167,0.0078809,0,0,0
218.6,0.05767,8.249,0.009981,0.0077499,0,0,0
219.1,0.058068,8.2671,0.0099484,0.0078809,0,0,0
219.6,0.058498,8.2824,0.010144,0.0079136,0,0,0
220.1,0.05863,8.2976,0.010177,0.0077499,0,0,0
220.6,0.058961,8.3126,0.010276,0.0082092,0,0,0
221.1,0.059425,8.3294,0.010341,0.0082429,0,0,0
221.6,0.059657,8.3456,0.010472,0.0087347,0,0,0
222.1,0.06012,8.3633,0.010866,0.0088002,0,0,0
222.6,0.060385,8.3796,0.010799,0.0092273,0,0,0
223.1,0.060882,8.3953,0.011291,0.0097513,0,0,0
223.6,0.061279,8.4099,0.011618,0.010014,0,0,0
224.1,0.061875,8.4264,0.011618,0.010014,0,0,0
224.6,0.06257,8.4426,0.012077,0.010309,0,0,0
225.1,0.063133,8.4591,0.011913,0.010374,0,0,0
225.6,0.063795,8.474,0.012109,0.01031,0,0,0
226.1,0.06449,8.4901,0.012109,0.010113,0,0,0
226.6,0.064987,8.5056,0.011945,0.010178,0,0,0
227.1,0.06545,8.5224,0.011782,0.0099484,0,0,0
227.6,0.066113,8.5387,0.011586,0.0099157,0,0,0
228.1,0.066609,8.5561,0.011356,0.0097513,0,0,0
228.6,0.06694,8.5707,0.011258,0.0097186,0,0,0
229.1,0.067404,8.5853,0.011422,0.009785,0,0,0
229.6,0.067967,8.5999,0.011226,0.0097186,0,0,0
230.1,0.068265,8.6161,0.011324,0.0098503,0,0,0
230.6,0.06896,8.6319,0.011553,0.010243,0,0,0
231.1,0.069556,8.649,0.011651,0.010408,0,0,0
231.6,0.070152,8.6649,0.011945,0.010735,0,0,0
232.1,0.071013,8.6803,0.012469,0.011095,0,0,0
232.6,0.071675,8.6949,0.012664,0.011193,0,0,0
233.1,0.072536,8.712,0.013123,0.01152,0,0,0
233.6,0.073363,8.7281,0.013547,0.011717,0,0,0
234.1,0.074058,8.7434,0.014004,0.012339,0,0,0
234.6,0.074754,8.7574,0.014298,0.012436,0,0,0
235.1,0.075217,8.7717,0.014298,0.012436,0,0,0
235.6,0.075879,8.7873,0.014363,0.012469,0,0,0
236.1,0.07621,8.8031,0.014298,0.012665,0,0,0
236.6,0.076575,8.8187,0.014396,0.012371,0,0,0
237.1,0.076773,8.8331,0.014298,0.012436,0,0,0
237.6,0.077336,8.8494,0.014102,0.012207,0,0,0
238.1,0.077667,8.8644,0.014167,0.012044,0,0,0
238.6,0.07813,8.879,0.014037,0.012208,0,0,0
239.1,0.078759,8.8931,0.014004,0.012207,0,0,0
239.6,0.079355,8.9089,0.014037,0.012175,0,0,0
240.1,0.079852,8.9239,0.014428,0.012241,0,0,0
240.6,0.080977,8.9389,0.01469,0.012404,0,0,0
241.1,0.081507,8.9531,0.015016,0.012339,0,0,0
241.6,0.082864,8.9681,0.014886,0.012665,0,0,0
242.1,0.083725,8.982,0.015342,0.013123,0,0,0
242.6,0.084817,8.9969,0.015439,0.013874,0,0,0
243.1,0.086009,9.0117,0.015765,0.013874,0,0,0
243.6,0.086605,9.0274,0.016189,0.014168,0,0,0
244.1,0.087234,9.041,0.016254,0.014723,0,0,0
244.6,0.088029,9.0559,0.016905,0.014788,0,0,0
245.1,0.088492,9.0696,0.016677,0.015082,0,0,0
245.6,0.089353,9.0836,0.016938,0.015179,0,0,0
246.1,0.089684,9.0966,0.017231,0.015179,0,0,0
246.6,0.090081,9.1111,0.017263,0.015147,0,0,0
247.1,0.090644,9.1251,0.016905,0.015049,0,0,0
247.6,0.091405,9.1399,0.016873,0.015212,0,0,0
248.1,0.091869,9.1541,0.016808,0.014951,0,0,0
248.6,0.092564,9.1686,0.016711,0.014983,0,0,0
249.1,0.093392,9.1824,0.016547,0.014723,0,0,0
249.6,0.094319,9.196,0.016547,0.015049,0,0,0
250.1,0.09508,9.2099,0.016645,0.014625,0,0,0
250.6,0.096173,9.2239,0.016776,0.014951,0,0,0
251.1,0.096934,9.239,0.017036,0.015017,0,0,0
251.6,0.097927,9.2531,0.017296,0.015636,0,0,0
252.1,0.098821,9.267,0.017328,0.015831,0,0,0
252.6,0.099417,9.2801,0.017849,0.016124,0,0,0
253.1,0.10025,9.2937,0.017979,0.016548,0,0,0
253.6,0.10091,9.308,0.018239,0.016547,0,0,0
254.1,0.10154,9.3221,0.018597,0.017069,0,0,0
254.6,0.1024,9.336,0.018791,0.017459,0,0,0
255.1,0.10329,9.3491,0.019279,0.017752,0,0,0
255.6,0.10395,9.3639,0.019116,0.017784,0,0,0
256.1,0.10495,9.3779,0.019279,0.017979,0,0,0
256.6,0.10581,9.3919,0.019604,0.017947,0,0,0
257.1,0.10654,9.4043,0.019604,0.017915,0,0,0
257.6,0.10786,9.4179,0.019831,0.017979,0,0,0
258.1,0.10872,9.4311,0.019993,0.01811,0,0,0
258.6,0.10991,9.4456,0.019928,0.01811,0,0,0
259.1,0.11087,9.4596,0.020025,0.017979,0,0,0
259.6,0.11203,9.4746,0.02035,0.017719,0,0,0
260.1,0.11322,9.4873,0.020414,0.017915,0,0,0
260.6,0.11392,9.5,0.020706,0.018142,0,0,0
261.1,0.11491,9.5129,0.020706,0.018597,0,0,0
261.6,0.11541,9.5269,0.021128,0.018629,0,0,0
262.1,0.11597,9.5401,0.021322,0.018629,0,0,0
262.6,0.11653,9.5547,0.021712,0.019149,0,0,0
263.1,0.11729,9.5684,0.021776,0.01954,0,0,0
263.6,0.11786,9.582,0.022068,0.019605,0,0,0
264.1,0.11849,9.5946,0.022424,0.020286,0,0,0
264.6,0.11925,9.6084,0.022683,0.020254,0,0,0
265.1,0.12044,9.6219,0.023103,0.020707,0,0,0
265.6,0.12133,9.6359,0.02333,0.020642,0,0,0
266.1,0.12266,9.6483,0.023394,0.021096,0,0,0
266.6,0.12375,9.6613,0.023653,0.021291,0,0,0
267.1,0.12494,9.6737,0.023653,0.021355,0,0,0
267.6,0.1261,9.6873,0.023685,0.021389,0,0,0
268.1,0.12743,9.7006,0.023718,0.021616,0,0,0
268.6,0.12819,9.7149,0.023847,0.021647,0,0,0
269.1,0.12928,9.7273,0.024008,0.021745,0,0,0
269.6,0.12998,9.7394,0.024332,0.021777,0,0,0
270.1,0.13093,9.7514,0.024364,0.021874,0,0,0
270.6,0.13163,9.7646,0.024494,0.021777,0,0,0
271.1,0.13276,9.7777,0.024719,0.022263,0,0,0
271.6,0.13355,9.7921,0.024784,0.022425,0,0,0
272.1,0.13467,9.8057,0.024945,0.022586,0,0,0
272.6,0.13534,9.8184,0.025139,0.022587,0,0,0
273.1,0.1365,9.8301,0.025332,0.023072,0,0,0
273.6,0.13785,9.8431,0.025526,0.023395,0,0,0
274.1,0.13881,9.8561,0.025559,0.023783,0,0,0
274.6,0.14017,9.8696,0.025623,0.023816,0,0,0
275.1,0.1413,9.8813,0.025623,0.024172,0,0,0
275.6,0.14226,9.8936,0.026043,0.02443,0,0,0
276.1,0.14341,9.9054,0.026268,0.024623,0,0,0
276.6,0.14457,9.9189,0.026365,0.024689,0,0,0
277.1,0.14524,9.932,0.026848,0.024689,0,0,0
277.6,0.14603,9.9459,0.02688,0.024914,0,0,0
278.1,0.14679,9.9576,0.02701,0.025399,0,0,0
278.6,0.14749,9.9694,0.027396,0.025172,0,0,0
279.1,0.14841,9.9811,0.027428,0.025205,0,0,0
279.6,0.14921,9.9939,0.02788,0.025205,0,0,0
280.1,0.15007,10.006,0.028202,0.025463,0,0,0
280.6,0.15083,10.019,0.028298,0.025786,0,0,0
281.1,0.15199,10.032,0.028202,0.025689,0,0,0
281.6,0.15345,10.044,0.028555,0.026012,0,0,0
282.1,0.15467,10.055,0.028555,0.026238,0,0,0
282.6,0.15633,10.068,0.028781,0.026528,0,0,0
283.1,0.15752,10.08,0.028845,0.026721,0,0,0
283.6,0.15864,10.093,0.028973,0.02685,0,0,0
284.1,0.16003,10.104,0.029295,0.027205,0,0,0
284.6,0.16086,10.116,0.029777,0.027237,0,0,0
285.1,0.16212,10.127,0.029648,0.02743,0,0,0
285.6,0.16315,10.14,0.029777,0.027688,0,0,0
286.1,0.16404,10.152,0.03013,0.027784,0,0,0
286.6,0.16487,10.165,0.030227,0.02817,0,0,0
287.1,0.16616,10.176,0.030356,0.028138,0,0,0
287.6,0.16699,10.187,0.030805,0.028492,0,0,0
288.1,0.16778,10.198,0.030902,0.028654,0,0,0
288.6,0.16891,10.21,0.031062,0.028718,0,0,0
289.1,0.17036,10.222,0.031126,0.028814,0,0,0
289.6,0.17166,10.234,0.031126,0.029135,0,0,0
290.1,0.17301,10.246,0.031286,0.029007,0,0,0
290.6,0.1743,10.257,0.031928,0.029522,0,0,0
291.1,0.1754,10.268,0.032056,0.02965,0,0,0
291.6,0.17655,10.28,0.032121,0.029779,0,0,0
292.1,0.17768,10.291,0.032312,0.030035,0,0,0
292.6,0.17848,10.303,0.032441,0.030228,0,0,0
293.1,0.17937,10.313,0.032857,0.03026,0,0,0
293.6,0.1799,10.324,0.032953,0.030486,0,0,0
294.1,0.18106,10.335,0.033466,0.030935,0,0,0
294.6,0.18152,10.347,0.033466,0.031095,0,0,0
295.1,0.18278,10.359,0.033754,0.031127,0,0,0
295.6,0.18364,10.371,0.033818,0.031512,0,0,0
296.1,0.18463,10.381,0.03417,0.031544,0,0,0
296.6,0.18612,10.391,0.034202,0.031834,0,0,0
297.1,0.18755,10.401,0.034713,0.032027,0,0,0
297.6,0.18887,10.413,0.034777,0.03241,0,0,0
298.1,0.19039,10.424,0.034682,0.032379,0,0,0
298.6,0.19168,10.436,0.035065,0.032859,0,0,0
299.1,0.19284,10.448,0.035448,0.032923,0,0,0
299.6,0.19407,10.459,0.035991,0.032891,0,0,0
300.1,0.19543,10.469,0.035736,0.033244,0,0,0
300.6,0.19629,10.48,0.035991,0.033404,0,0,0
301.1,0.19735,10.491,0.036215,0.03366,0,0,0
301.6,0.19834,10.503,0.036279,0.033883,0,0,0
302.1,0.19923,10.513,0.036566,0.033788,0,0,0
302.6,0.20042,10.523,0.036566,0.034171,0,0,0
303.1,0.20182,10.533,0.036853,0.034364,0,0,0
303.6,0.20284,10.545,0.037301,0.034652,0,0,0
304.1,0.2041,10.556,0.037619,0.034876,0,0,0
304.6,0.20572,10.568,0.037747,0.035131,0,0,0
305.1,0.20705,10.578,0.037874,0.035195,0,0,0
305.6,0.2087,10.587,0.038447,0.03545,0,0,0
306.1,0.20966,10.597,0.03883,0.035707,0,0,0
306.6,0.21099,10.609,0.038798,0.035898,0,0,0
307.1,0.21201,10.619,0.039212,0.036345,0,0,0
307.6,0.21271,10.63,0.039339,0.036218,0,0,0
308.1,0.2139,10.641,0.039625,0.036792,0,0,0
308.6,0.21456,10.651,0.039912,0.03692,0,0,0
309.1,0.21529,10.661,0.04004,0.037144,0,0,0
309.6,0.21648,10.672,0.039848,0.037175,0,0,0
310.1,0.21728,10.682,0.040103,0.037399,0,0,0
310.6,0.21847,10.692,0.040358,0.037334,0,0,0
311.1,0.22006,10.702,0.040516,0.037621,0,0,0
311.6,0.22115,10.712,0.04077,0.03794,0,0,0
312.1,0.22264,10.722,0.040834,0.038355,0,0,0
312.6,0.22396,10.733,0.041057,0.03845,0,0,0
313.1,0.22542,10.743,0.041279,0.038865,0,0,0
313.6,0.22688,10.754,0.041692,0.038833,0,0,0
314.1,0.22817,10.764,0.042295,0.03896,0,0,0
314.6,0.22923,10.774,0.042326,0.039215,0,0,0
315.1,0.23032,10.784,0.042866,0.039437,0,0,0
315.6,0.23148,10.794,0.043024,0.039692,0,0,0
316.1,0.23241,10.803,0.043532,0.040201,0,0,0
316.6,0.23353,10.813,0.043468,0.040105,0,0,0
317.1,0.23456,10.824,0.043722,0.040455,0,0,0
317.6,0.23578,10.834,0.043532,0.040614,0,0,0
318.1,0.23704,10.844,0.043976,0.041059,0,0,0
318.6,0.23823,10.853,0.044007,0.041249,0,0,0
319.1,0.24005,10.864,0.044102,0.041219,0,0,0
319.6,0.24141,10.873,0.044197,0.041409,0,0,0
320.1,0.24267,10.884,0.044102,0.041504,0,0,0
320.6,0.24422,10.893,0.044387,0.041758,0,0,0
321.1,0.24568,10.902,0.044798,0.042044,0,0,0
321.6,0.24694,10.911,0.044926,0.042266,0,0,0
322.1,0.24773,10.922,0.045083,0.04252,0,0,0
322.6,0.24876,10.931,0.045747,0.042678,0,0,0
323.1,0.24975,10.941,0.046032,0.043028,0,0,0
323.6,0.25058,10.951,0.046507,0.043123,0,0,0
324.1,0.25167,10.96,0.046444,0.043312,0,0,0
324.6,0.2525,10.969,0.046665,0.043662,0,0,0
325.1,0.25369,10.979,0.046885,0.043788,0,0,0
325.6,0.25472,10.988,0.047138,0.043883,0,0,0
326.1,0.25634,10.998,0.047233,0.044231,0,0,0
326.6,0.25766,11.007,0.047518,0.04458,0,0,0
327.1,0.25919,11.017,0.047896,0.04496,0,0,0
327.6,0.26065,11.026,0.048022,0.04496,0,0,0
328.1,0.26184,11.036,0.048338,0.04553,0,0,0
328.6,0.26329,11.045,0.04859,0.045625,0,0,0
329.1,0.26459,11.055,0.048559,0.045877,0,0,0
329.6,0.26578,11.063,0.049221,0.045846,0,0,0
330.1,0.26684,11.072,0.048968,0.046036,0,0,0
330.6,0.26796,11.081,0.049158,0.046193,0,0,0
331.1,0.26902,11.091,0.049536,0.046573,0,0,0
331.6,0.27028,11.101,0.049567,0.046732,0,0,0
332.1,0.27134,11.111,0.049946,0.046857,0,0,0
332.6,0.27266,11.119,0.050229,0.046984,0,0,0
333.1,0.27402,11.127,0.050198,0.047174,0,0,0
333.6,0.27521,11.136,0.050638,0.047615,0,0,0
334.1,0.2772,11.146,0.050795,0.047773,0,0,0
334.6,0.27889,11.154,0.051109,0.048026,0,0,0
335.1,0.28028,11.164,0.051298,0.048467,0,0,0
335.6,0.2819,11.173,0.051582,0.048845,0,0,0
336.1,0.28323,11.182,0.051708,0.048689,0,0,0
336.6,0.28445,11.191,0.052273,0.049098,0,0,0
337.1,0.28564,11.201,0.052335,0.049099,0,0,0
337.6,0.28657,11.209,0.052555,0.049445,0,0,0
338.1,0.28799,11.219,0.052744,0.049854,0,0,0
338.6,0.28852,11.227,0.053027,0.050012,0,0,0
339.1,0.28968,11.236,0.053183,0.049981,0,0,0
339.6,0.29084,11.244,0.053341,0.050233,0,0,0
340.1,0.29233,11.254,0.053906,0.050453,0,0,0
340.6,0.29342,11.263,0.054124,0.050609,0,0,0
341.1,0.29485,11.273,0.054344,0.05083,0,0,0
341.6,0.2965,11.281,0.05472,0.050956,0,0,0
342.1,0.29802,11.289,0.054689,0.051177,0,0,0
342.6,0.29931,11.297,0.054846,0.051366,0,0,0
343.1,0.30067,11.307,0.055159,0.051743,0,0,0
343.6,0.30213,11.315,0.055191,0.051868,0,0,0
344.1,0.30296,11.325,0.055566,0.052057,0,0,0
344.6,0.30451,11.334,0.055692,0.052435,0,0,0
345.1,0.30551,11.342,0.056099,0.052592,0,0,0
345.6,0.30673,11.35,0.056161,0.052812,0,0,0
346.1,0.30786,11.359,0.056412,0.053251,0,0,0
346.6,0.30925,11.367,0.056631,0.053093,0,0,0
347.1,0.31067,11.377,0.056881,0.053471,0,0,0
347.6,0.31226,11.385,0.057725,0.053658,0,0,0
348.1,0.31378,11.393,0.057881,0.053848,0,0,0
348.6,0.31527,11.402,0.057943,0.054036,0,0,0
349.1,0.31709,11.41,0.05835,0.054506,0,0,0
349.6,0.31835,11.419,0.058787,0.054631,0,0,0
350.1,0.3202,11.428,0.059005,0.055007,0,0,0
350.6,0.32146,11.436,0.059755,0.055227,0,0,0
351.1,0.32262,11.444,0.059629,0.055478,0,0,0
351.6,0.32401,11.452,0.059941,0.055603,0,0,0
352.1,0.3253,11.46,0.060253,0.055729,0,0,0
352.6,0.3263,11.468,0.060378,0.056197,0,0,0
353.1,0.32736,11.477,0.060783,0.05648,0,0,0
353.6,0.32888,11.486,0.06069,0.056886,0,0,0
354.1,0.33,11.494,0.060752,0.05698,0,0,0
354.6,0.33143,11.501,0.061001,0.057231,0,0,0
355.1,0.33288,11.51,0.061343,0.057637,0,0,0
355.6,0.33447,11.517,0.061499,0.057605,0,0,0
356.1,0.33573,11.526,0.061655,0.057824,0,0,0
356.6,0.33749,11.533,0.061997,0.058199,0,0,0
357.1,0.33874,11.541,0.062526,0.058199,0,0,0
357.6,0.33997,11.55,0.063086,0.058667,0,0,0
358.1,0.34106,11.558,0.063334,0.058855,0,0,0
358.6,0.34222,11.566,0.063458,0.059136,0,0,0
359.1,0.34341,11.575,0.064017,0.059354,0,0,0
359.6,0.34451,11.582,0.064141,0.059573,0,0,0
360.1,0.34556,11.59,0.064359,0.059947,0,0,0
360.6,0.34682,11.597,0.064514,0.060383,0,0,0
361.1,0.34788,11.605,0.064763,0.060507,0,0,0
361.6,0.3493,11.613,0.064856,0.06085,0,0,0
362.1,0.35113,11.622,0.064856,0.060945,0,0,0
362.6,0.35258,11.63,0.065073,0.061349,0,0,0
363.1,0.3546,11.638,0.06526,0.061193,0,0,0
363.6,0.35602,11.645,0.065508,0.061473,0,0,0
364.1,0.35748,11.653,0.06557,0.061877,0,0,0
364.6,0.35924,11.66,0.06622,0.062002,0,0,0
365.1,0.36036,11.669,0.066437,0.062439,0,0,0
365.6,0.36182,11.676,0.066994,0.062625,0,0,0
366.1,0.36295,11.683,0.067365,0.062501,0,0,0
366.6,0.36414,11.691,0.067706,0.062873,0,0,0
367.1,0.36543,11.699,0.068108,0.06334,0,0,0
367.6,0.36675,11.707,0.068294,0.06362,0,0,0
368.1,0.36804,11.716,0.068541,0.063867,0,0,0
368.6,0.36963,11.723,0.069004,0.064272,0,0,0
369.1,0.37106,11.73,0.069066,0.064614,0,0,0
369.6,0.37271,11.737,0.069129,0.064985,0,0,0
370.1,0.37437,11.744,0.069159,0.065264,0,0,0
370.6,0.37599,11.752,0.069468,0.065358,0,0,0
371.1,0.37768,11.761,0.069407,0.065699,0,0,0
371.6,0.37887,11.768,0.069468,0.065791,0,0,0
372.1,0.38049,11.775,0.0699,0.06604,0,0,0
372.6,0.38155,11.782,0.070147,0.066163,0,0,0
373.1,0.38264,11.791,0.070579,0.066536,0,0,0
373.6,0.38377,11.798,0.070764,0.066598,0,0,0
374.1,0.38473,11.806,0.071289,0.066505,0,0,0
374.6,0.38585,11.813,0.071565,0.067093,0,0,0
375.1,0.38715,11.82,0.071997,0.067156,0,0,0
375.6,0.38847,11.828,0.072459,0.067403,0,0,0
376.1,0.38993,11.835,0.073075,0.067681,0,0,0
376.6,0.39175,11.843,0.073105,0.06796,0,0,0
377.1,0.39334,11.851,0.073505,0.068361,0,0,0
377.6,0.39473,11.858,0.073751,0.068516,0,0,0
378.1,0.39642,11.864,0.073905,0.06867,0,0,0
378.6,0.39794,11.871,0.074089,0.069227,0,0,0
379.1,0.39916,11.878,0.074213,0.069474,0,0,0
379.6,0.40036,11.885,0.074274,0.069597,0,0,0
380.1,0.40171,11.893,0.074367,0.069968,0,0,0
380.6,0.40314,11.901,0.074459,0.070122,0,0,0
381.1,0.40416,11.908,0.074551,0.070493,0,0,0
381.6,0.40559,11.915,0.074919,0.070801,0,0,0
382.1,0.40701,11.922,0.075043,0.070924,0,0,0
382.6,0.40853,11.929,0.07538,0.071017,0,0,0
383.1,0.40982,11.937,0.07538,0.07111,0,0,0
383.6,0.41178,11.944,0.075994,0.071479,0,0,0
384.1,0.41327,11.951,0.076362,0.071726,0,0,0
384.6,0.41529,11.958,0.077067,0.071881,0,0,0
385.1,0.41674,11.965,0.077312,0.072158,0,0,0
385.6,0.41863,11.972,0.077496,0.072374,0,0,0
386.1,0.41959,11.98,0.077863,0.072527,0,0,0
386.6,0.42121,11.986,0.078078,0.072743,0,0,0
387.1,0.4224,11.993,0.078293,0.073205,0,0,0
387.6,0.42366,11.999,0.078445,0.073574,0,0,0
388.1,0.42489,12.007,0.078721,0.073604,0,0,0
388.6,0.42601,12.013,0.07869,0.074312,0,0,0
389.1,0.42744,12.021,0.078629,0.074404,0,0,0
389.6,0.42886,12.029,0.079119,0.07465,0,0,0
390.1,0.43042,12.036,0.079088,0.07505,0,0,0
390.6,0.43211,12.042,0.079241,0.075204,0,0,0
391.1,0.43376,12.049,0.079516,0.075173,0,0,0
391.6,0.43525,12.055,0.079761,0.075603,0,0,0
392.1,0.43671,12.063,0.080005,0.075941,0,0,0
392.6,0.43816,12.069,0.080463,0.07591,0,0,0
393.1,0.43955,12.075,0.080586,0.076401,0,0,0
393.6,0.44078,12.082,0.081136,0.076493,0,0,0
394.1,0.44214,12.089,0.081593,0.076861,0,0,0
394.6,0.4431,12.096,0.082112,0.076953,0,0,0
395.1,0.44439,12.104,0.082661,0.077413,0,0,0
395.6,0.44558,12.11,0.083179,0.077565,0,0,0
396.1,0.44707,12.116,0.083087,0.077964,0,0,0
396.6,0.44866,12.122,0.083392,0.078209,0,0,0
397.1,0.45021,12.129,0.083848,0.078576,0,0,0
397.6,0.45217,12.136,0.083848,0.07873,0,0,0
398.1,0.45389,12.143,0.083848,0.079004,0,0,0
398.6,0.45528,12.149,0.084305,0.079372,0,0,0
399.1,0.45727,12.156,0.084305,0.079342,0,0,0
399.6,0.45862,12.162,0.084731,0.080075,0,0,0
400.1,0.46011,12.169,0.085065,0.079984,0,0,0
400.6,0.4615,12.175,0.085552,0.08032,0,0,0
401.1,0.46283,12.182,0.085643,0.080625,0,0,0
401.6,0.46415,12.188,0.086463,0.080992,0,0,0
402.1,0.46541,12.194,0.086767,0.081144,0,0,0
402.6,0.4667,12.201,0.087252,0.081328,0,0,0
403.1,0.46829,12.207,0.087313,0.08142,0,0,0
403.6,0.46985,12.214,0.087919,0.081969,0,0,0
404.1,0.47104,12.221,0.087829,0.082395,0,0,0
404.6,0.47309,12.226,0.088314,0.082549,0,0,0
405.1,0.47494,12.233,0.088496,0.08264,0,0,0
405.6,0.47657,12.239,0.088708,0.082823,0,0,0
406.1,0.47822,12.245,0.088799,0.083524,0,0,0
406.6,0.47984,12.251,0.08892,0.083676,0,0,0
407.1,0.48104,12.258,0.089224,0.084072,0,0,0
407.6,0.48249,12.265,0.089677,0.084163,0,0,0
408.1,0.48352,12.272,0.090373,0.084467,0,0,0
408.6,0.48484,12.278,0.090373,0.084954,0,0,0
409.1,0.48617,12.284,0.090857,0.085167,0,0,0
409.6,0.48749,12.29,0.09119,0.085502,0,0,0
410.1,0.48901,12.297,0.091854,0.085745,0,0,0
410.6,0.49007,12.303,0.092096,0.085896,0,0,0
411.1,0.49176,12.309,0.092458,0.08608,0,0,0
411.6,0.49339,12.316,0.09273,0.086353,0,0,0
412.1,0.49487,12.322,0.093333,0.086656,0,0,0
412.6,0.49669,12.328,0.093303,0.086686,0,0,0
413.1,0.49832,12.335,0.093785,0.08702,0,0,0
413.6,0.50004,12.34,0.093996,0.087263,0,0,0
414.1,0.50126,12.346,0.094267,0.087627,0,0,0
414.6,0.50255,12.352,0.094056,0.08781,0,0,0
415.1,0.50385,12.358,0.094569,0.088233,0,0,0
415.6,0.5051,12.364,0.09496,0.088567,0,0,0
416.1,0.50659,12.371,0.09508,0.088781,0,0,0
416.6,0.50805,12.378,0.095411,0.08884,0,0,0
417.1,0.50947,12.384,0.095622,0.089142,0,0,0
417.6,0.51103,12.389,0.096223,0.089535,0,0,0
418.1,0.51298,12.396,0.096464,0.0899,0,0,0
418.6,0.5147,12.402,0.096884,0.09002,0,0,0
419.1,0.51663,12.408,0.097245,0.090383,0,0,0
419.6,0.51828,12.414,0.097635,0.090563,0,0,0
420.1,0.52023,12.42,0.098205,0.090686,0,0,0
420.6,0.52153,12.425,0.098356,0.091049,0,0,0
421.1,0.52321,12.431,0.098775,0.09126,0,0,0
421.6,0.52447,12.438,0.099165,0.091532,0,0,0
422.1,0.5258,12.445,0.099555,0.091834,0,0,0
422.6,0.52735,12.45,0.099765,0.092227,0,0,0
423.1,0.52851,12.456,0.10024,0.092498,0,0,0
423.6,0.53,12.461,0.10033,0.09262,0,0,0
424.1,0.53156,12.467,0.10051,0.092892,0,0,0
424.6,0.53338,12.472,0.10126,0.093254,0,0,0
425.1,0.53463,12.479,0.10123,0.093675,0,0,0
425.6,0.53665,12.485,0.1015,0.093705,0,0,0
426.1,0.53854,12.491,0.1015,0.094068,0,0,0
426.6,0.54006,12.496,0.10213,0.094218,0,0,0
427.1,0.54152,12.503,0.10234,0.094489,0,0,0
427.6,0.54318,12.508,0.10276,0.09482,0,0,0
428.1,0.54434,12.515,0.10294,0.095152,0,0,0
428.6,0.54589,12.52,0.1035,0.095301,0,0,0
429.1,0.54705,12.526,0.10371,0.095694,0,0,0
429.6,0.54834,12.532,0.10437,0.096024,0,0,0
430.1,0.54957,12.538,0.10481,0.096325,0,0,0
430.6,0.55096,12.544,0.10502,0.096294,0,0,0
431.1,0.55238,12.55,0.10517,0.096837,0,0,0
431.6,0.55413,12.555,0.10562,0.097047,0,0,0
432.1,0.55576,12.561,0.10613,0.097347,0,0,0
432.6,0.55761,12.566,0.10616,0.097588,0,0,0
433.1,0.55917,12.572,0.10663,0.097828,0,0,0
433.6,0.56105,12.578,0.1069,0.098158,0,0,0
434.1,0.56264,12.584,0.10714,0.098667,0,0,0
434.6,0.56423,12.59,0.1074,0.098668,0,0,0
435.1,0.56546,12.595,0.10767,0.099088,0,0,0
435.6,0.56695,12.6,0.10788,0.098997,0,0,0
436.1,0.56844,12.606,0.10821,0.099299,0,0,0
436.6,0.56966,12.612,0.1083,0.099927,0,0,0
437.1,0.57122,12.617,0.10865,0.1002,0,0,0
437.6,0.57277,12.622,0.10904,0.10056,0,0,0
438.1,0.57463,12.628,0.1094,0.10086,0,0,0
438.6,0.57615,12.633,0.10966,0.10106,0,0,0
439.1,0.57824,12.639,0.11002,0.10142,0,0,0
439.6,0.57973,12.644,0.11032,0.10175,0,0,0
440.1,0.58178,12.651,0.11061,0.10205,0,0,0
440.6,0.58347,12.656,0.11115,0.10241,0,0,0
441.1,0.58502,12.662,0.11135,0.10268,0,0,0
441.6,0.58654,12.666,0.11192,0.10316,0,0,0
442.1,0.58797,12.672,0.11189,0.1031,0,0,0
442.6,0.58929,12.678,0.11274,0.10322,0,0,0
443.1,0.59111,12.684,0.11274,0.10393,0,0,0
443.6,0.59227,12.69,0.11286,0.10379,0,0,0
444.1,0.59366,12.695,0.11342,0.10408,0,0,0
444.6,0.59532,12.7,0.11336,0.1045,0,0,0
445.1,0.59694,12.706,0.1136,0.10483,0,0,0
445.6,0.59876,12.711,0.11428,0.10489,0,0,0
446.1,0.60042,12.717,0.11458,0.10533,0,0,0
446.6,0.6022,12.722,0.11484,0.10572,0,0,0
447.1,0.60373,12.727,0.11511,0.10584,0,0,0
447.6,0.60525,12.732,0.11549,0.10655,0,0,0
448.1,0.60677,12.738,0.11599,0.10688,0,0,0
448.6,0.60836,12.744,0.11623,0.10724,0,0,0
449.1,0.60975,12.75,0.11646,0.10739,0,0,0
449.6,0.61084,12.754,0.11655,0.10751,0,0,0
450.1,0.6125,12.76,0.11664,0.10798,0,0,0
450.6,0.61389,12.765,0.11699,0.10825,0,0,0
451.1,0.61502,12.77,0.11723,0.10855,0,0,0
451.6,0.61684,12.776,0.11729,0.10873,0,0,0
452.1,0.61843,12.782,0.11776,0.10896,0,0,0
452.6,0.62038,12.788,0.11802,0.10908,0,0,0
453.1,0.62233,12.793,0.11829,0.10944,0,0,0
453.6,0.62372,12.798,0.11888,0.10982,0,0,0
454.1,0.62584,12.803,0.11923,0.11012,0,0,0
454.6,0.62736,12.809,0.11958,0.11068,0,0,0
455.1,0.62902,12.814,0.12014,0.11068,0,0,0
455.6,0.63054,12.819,0.12061,0.11119,0,0,0
456.1,0.63197,12.824,0.12081,0.11163,0,0,0
456.6,0.63323,12.83,0.12137,0.11199,0,0,0
457.1,0.63471,12.835,0.1214,0.11228,0,0,0
457.6,0.63653,12.84,0.12187,0.11279,0,0,0
458.1,0.63836,12.846,0.12231,0.11332,0,0,0
458.6,0.63981,12.851,0.12237,0.11314,0,0,0
459.1,0.64163,12.857,0.12275,0.11385,0,0,0
459.6,0.64359,12.862,0.12301,0.11409,0,0,0
460.1,0.64557,12.867,0.12333,0.11426,0,0,0
460.6,0.64746,12.872,0.12339,0.11438,0,0,0
461.1,0.64918,12.878,0.12374,0.11471,0,0,0
461.6,0.65094,12.884,0.12424,0.11494,0,0,0
462.1,0.65249,12.889,0.1248,0.11512,0,0,0
462.6,0.65418,12.894,0.12518,0.11547,0,0,0
463.1,0.65527,12.899,0.12547,0.11583,0,0,0
463.6,0.65686,12.904,0.12611,0.11642,0,0,0
464.1,0.65802,12.909,0.12637,0.11659,0,0,0
464.6,0.65997,12.914,0.12681,0.11733,0,0,0
465.1,0.66163,12.92,0.12707,0.11742,0,0,0
465.6,0.66322,12.925,0.12731,0.11812,0,0,0
466.1,0.66527,12.93,0.12769,0.11813,0,0,0
466.6,0.66689,12.935,0.12809,0.11868,0,0,0
467.1,0.66895,12.941,0.1281,0.11895,0,0,0
467.6,0.67067,12.946,0.12847,0.11939,0,0,0
468.1,0.67229,12.951,0.12911,0.11966,0,0,0
468.6,0.67365,12.955,0.12943,0.12015,0,0,0
469.1,0.67534,12.961,0.12964,0.12024,0,0,0
469.6,0.67656,12.966,0.1301,0.12077,0,0,0
470.1,0.67795,12.972,0.13054,0.12095,0,0,0
470.6,0.67967,12.977,0.131,0.12106,0,0,0
471.1,0.68097,12.982,0.13132,0.12153,0,0,0
471.6,0.68249,12.986,0.13167,0.1218,0,0,0
472.1,0.68451,12.992,0.13208,0.12227,0,0,0
472.6,0.686,12.997,0.13248,0.12288,0,0,0
473.1,0.68812,13.002,0.13277,0.12294,0,0,0
473.6,0.68994,13.006,0.13327,0.12335,0,0,0
474.1,0.69179,13.011,0.13324,0.12393,0,0,0
474.6,0.69374,13.016,0.13376,0.12443,0,0,0
475.1,0.69543,13.022,0.13399,0.12475,0,0,0
475.6,0.69695,13.027,0.13411,0.12534,0,0,0
476.1,0.69854,13.033,0.13434,0.12575,0,0,0
476.6,0.69997,13.037,0.13466,0.12595,0,0,0
477.1,0.70179,13.042,0.13483,0.12639,0,0,0
477.6,0.70341,13.047,0.13549,0.12659,0,0,0
478.1,0.70503,13.052,0.1357,0.12668,0,0,0
478.6,0.70689,13.057,0.13645,0.12727,0,0,0
479.1,0.70887,13.062,0.13688,0.12747,0,0,0
479.6,0.71076,13.067,0.1372,0.12773,0,0,0
480.1,0.71255,13.072,0.13769,0.12837,0,0,0
480.6,0.71463,13.077,0.13798,0.12811,0,0,0
481.1,0.71655,13.082,0.13835,0.1289,0,0,0
481.6,0.71827,13.087,0.13887,0.12933,0,0,0
482.1,0.7198,13.092,0.13927,0.12965,0,0,0
482.6,0.72142,13.096,0.13959,0.12986,0,0,0
483.1,0.72321,13.101,0.13985,0.13029,0,0,0
483.6,0.72453,13.106,0.14011,0.13055,0,0,0
484.1,0.72612,13.112,0.14063,0.13137,0,0,0
484.6,0.72768,13.116,0.14086,0.13172,0,0,0
485.1,0.72943,13.121,0.14115,0.13169,0,0,0
485.6,0.73142,13.126,0.14155,0.13198,0,0,0
486.1,0.7335,13.131,0.14201,0.13244,0,0,0
486.6,0.73523,13.136,0.14244,0.13273,0,0,0
487.1,0.73698,13.141,0.14255,0.13302,0,0,0
487.6,0.7391,13.145,0.14327,0.1334,0,0,0
488.1,0.74032,13.151,0.1437,0.13363,0,0,0
488.6,0.74221,13.156,0.14407,0.13418,0,0,0
489.1,0.74377,13.161,0.14419,0.13395,0,0,0
489.6,0.74512,13.165,0.1447,0.13461,0,0,0
490.1,0.74655,13.17,0.14542,0.13513,0,0,0
490.6,0.74814,13.175,0.14568,0.13531,0,0,0
491.1,0.74996,13.18,0.14596,0.13597,0,0,0
491.6,0.75171,13.184,0.14619,0.13586,0,0,0
492.1,0.7536,13.189,0.14673,0.13641,0,0,0
492.6,0.75542,13.194,0.14713,0.1371,0,0,0
493.1,0.75737,13.199,0.14759,0.13748,0,0,0
493.6,0.75939,13.203,0.14791,0.13765,0,0,0
494.1,0.76121,13.208,0.14825,0.13828,0,0,0
494.6,0.76294,13.213,0.14908,0.1386,0,0,0
495.1,0.76462,13.218,0.14939,0.13883,0,0,0
495.6,0.76621,13.223,0.1499,0.13915,0,0,0
496.1,0.768,13.227,0.1503,0.13938,0,0,0
496.6,0.76962,13.232,0.15093,0.13955,0,0,0
497.1,0.77144,13.236,0.15113,0.14001,0,0,0
497.6,0.77307,13.241,0.1515,0.14027,0,0,0
498.1,0.77475,13.246,0.15161,0.14047,0,0,0
498.6,0.77658,13.25,0.15212,0.14087,0,0,0
499.1,0.77876,13.255,0.15258,0.14153,0,0,0
499.6,0.78095,13.26,0.1528,0.14194,0,0,0
500.1,0.78253,13.264,0.15286,0.14234,0,0,0
500.6,0.78465,13.268,0.15354,0.14283,0,0,0
501.1,0.78644,13.273,0.15385,0.14355,0,0,0
501.6,0.78829,13.278,0.15394,0.14383,0,0,0
502.1,0.79012,13.283,0.15462,0.14406,0,0,0
502.6,0.79177,13.287,0.15496,0.14435,0,0,0
503.1,0.79343,13.291,0.15544,0.14501,0,0,0
503.6,0.79498,13.295,0.15598,0.14544,0,0,0
504.1,0.79641,13.299,0.15675,0.14598,0,0,0
504.6,0.79839,13.305,0.15686,0.14618,0,0,0
505.1,0.80031,13.309,0.15779,0.1465,0,0,0
505.6,0.80213,13.314,0.1583,0.1467,0,0,0
506.1,0.80422,13.318,0.15824,0.14741,0,0,0
506.6,0.80627,13.322,0.15841,0.14796,0,0,0
507.1,0.80812,13.327,0.15872,0.14798,0,0,0
507.6,0.81011,13.331,0.15915,0.14864,0,0,0
508.1,0.81193,13.335,0.15952,0.1489,0,0,0
508.6,0.81339,13.34,0.15985,0.14938,0,0,0
509.1,0.81481,13.344,0.16059,0.14964,0,0,0
509.6,0.81647,13.349,0.16053,0.15001,0,0,0
510.1,0.81809,13.354,0.16095,0.15047,0,0,0
510.6,0.81971,13.358,0.16166,0.15095,0,0,0
511.1,0.8215,13.362,0.16211,0.1512,0,0,0
511.6,0.82349,13.367,0.16228,0.15149,0,0,0
512.1,0.82567,13.371,0.16284,0.15189,0,0,0
512.6,0.827,13.376,0.1634,0.15211,0,0,0
513.1,0.82895,13.38,0.16368,0.15243,0,0,0
513.6,0.8311,13.384,0.16436,0.15305,0,0,0
514.1,0.83282,13.389,0.16458,0.15337,0,0,0
514.6,0.83451,13.393,0.16492,0.15382,0,0,0
515.1,0.83617,13.397,0.16526,0.1539,0,0,0
515.6,0.83769,13.401,0.16584,0.15433,0,0,0
516.1,0.83931,13.406,0.16593,0.15484,0,0,0
516.6,0.84123,13.41,0.16663,0.15498,0,0,0
517.1,0.84256,13.414,0.16705,0.15552,0,0,0
517.6,0.84454,13.419,0.16739,0.1562,0,0,0
518.1,0.84676,13.423,0.16764,0.15654,0,0,0
518.6,0.84858,13.427,0.16817,0.15683,0,0,0
519.1,0.85043,13.432,0.16851,0.15739,0,0,0
519.6,0.85252,13.436,0.16901,0.15801,0,0,0
520.1,0.85497,13.44,0.16946,0.1583,0,0,0
520.6,0.85646,13.445,0.17013,0.15858,0,0,0
521.1,0.85828,13.449,0.1706,0.15912,0,0,0
521.6,0.8602,13.454,0.17088,0.15954,0,0,0
522.1,0.86189,13.458,0.17166,0.15974,0,0,0
522.6,0.86358,13.462,0.17186,0.16019,0,0,0
523.1,0.86527,13.466,0.17222,0.16036,0,0,0
523.6,0.86712,13.471,0.17264,0.16081,0,0,0
524.1,0.86887,13.475,0.17292,0.16118,0,0,0
524.6,0.87073,13.479,0.17372,0.16163,0,0,0
525.1,0.87288,13.483,0.17406,0.16177,0,0,0
525.6,0.8749,13.487,0.17425,0.1621,0,0,0
526.1,0.87735,13.491,0.17481,0.16264,0,0,0
526.6,0.87901,13.496,0.17511,0.16303,0,0,0
527.1,0.88109,13.5,0.17572,0.1634,0,0,0
527.6,0.88301,13.504,0.17581,0.16416,0,0,0
528.1,0.88457,13.508,0.17631,0.16438,0,0,0
528.6,0.88622,13.513,0.17695,0.16464,0,0,0
529.1,0.88775,13.517,0.1775,0.16534,0,0,0
529.6,0.88986,13.521,0.17792,0.16582,0,0,0
530.1,0.89129,13.525,0.17844,0.16643,0,0,0
530.6,0.89298,13.53,0.17855,0.16693,0,0,0
531.1,0.89539,13.534,0.17916,0.16719,0,0,0
531.6,0.89725,13.538,0.17941,0.16747,0,0,0
532.1,0.8993,13.542,0.17999,0.16825,0,0,0
532.6,0.90142,13.546,0.18043,0.16859,0,0,0
533.1,0.90331,13.549,0.18068,0.16859,0,0,0
533.6,0.90509,13.554,0.18101,0.16898,0,0,0
534.1,0.90705,13.558,0.18162,0.16957,0,0,0
534.6,0.9084,13.562,0.18231,0.16962,0,0,0
535.1,0.91019,13.566,0.18278,0.17001,0,0,0
535.6,0.91155,13.571,0.18275,0.17021,0,0,0
536.1,0.91373,13.575,0.18364,0.17049,0,0,0
536.6,0.91522,13.579,0.18422,0.17074,0,0,0
537.1,0.91711,13.583,0.18512,0.17105,0,0,0
537.6,0.91929,13.588,0.18518,0.17152,0,0,0
538.1,0.92138,13.591,0.18543,0.17233,0,0,0
538.6,0.9235,13.595,0.18589,0.17263,0,0,0
539.1,0.92555,13.599,0.18644,0.17322,0,0,0
539.6,0.92737,13.603,0.18672,0.17408,0,0,0
540.1,0.92939,13.608,0.18707,0.17431,0,0,0
540.6,0.93108,13.612,0.18718,0.17456,0,0,0
541.1,0.93317,13.616,0.18784,0.17514,0,0,0
541.6,0.93482,13.62,0.18804,0.17556,0,0,0
542.1,0.93651,13.623,0.1885,0.17597,0,0,0
542.6,0.93826,13.627,0.18894,0.17656,0,0,0
543.1,0.94015,13.631,0.18935,0.17672,0,0,0
543.6,0.94237,13.635,0.18965,0.17695,0,0,0
544.1,0.94422,13.638,0.1902,0.17775,0,0,0
544.6,0.94628,13.643,0.19083,0.17808,0,0,0
545.1,0.94856,13.647,0.19124,0.17839,0,0,0
545.6,0.95081,13.651,0.19201,0.17877,0,0,0
546.1,0.95273,13.655,0.19233,0.17938,0,0,0
546.6,0.95455,13.659,0.19274,0.17952,0,0,0
547.1,0.95634,13.663,0.19332,0.18046,0,0,0
547.6,0.95829,13.667,0.19356,0.18099,0,0,0
548.1,0.95995,13.67,0.19408,0.18104,0,0,0
548.6,0.9619,13.675,0.19454,0.18184,0,0,0
549.1,0.96369,13.678,0.19506,0.18259,0,0,0
549.6,0.96601,13.682,0.19569,0.18275,0,0,0
550.1,0.96799,13.685,0.19601,0.18344,0,0,0
550.6,0.96958,13.689,0.1964,0.18388,0,0,0
551.1,0.97197,13.693,0.19672,0.18416,0,0,0
551.6,0.97432,13.697,0.19746,0.18479,0,0,0
552.1,0.97644,13.701,0.19786,0.18501,0,0,0
552.6,0.97816,13.705,0.19881,0.18537,0,0,0
553.1,0.97998,13.708,0.19933,0.186,0,0,0
553.6,0.98186,13.712,0.1999,0.18633,0,0,0
554.1,0.98379,13.716,0.20044,0.18655,0,0,0
554.6,0.98521,13.72,0.20074,0.18669,0,0,0
555.1,0.9872,13.723,0.20112,0.1876,0,0,0
555.6,0.98911,13.727,0.20171,0.18784,0,0,0
556.1,0.99117,13.731,0.20182,0.1885,0,0,0
556.6,0.99302,13.735,0.20196,0.18886,0,0,0
557.1,0.99511,13.739,0.20285,0.18935,0,0,0
557.6,0.99713,13.742,0.2032,0.18993,0,0,0
558.1,0.99898,13.746,0.20355,0.19083,0,0,0
558.6,1.0012,13.749,0.20409,0.19127,0,0,0
559.1,1.0031,13.753,0.20493,0.19173,0,0,0
559.6,1.0048,13.757,0.2052,0.19195,0,0,0
560.1,1.0067,13.76,0.20596,0.19261,0,0,0
560.6,1.0082,13.763,0.20614,0.19326,0,0,0
561.1,1.0101,13.767,0.2066,0.19364,0,0,0
561.6,1.012,13.771,0.20741,0.19392,0,0,0
562.1,1.014,13.775,0.2084,0.19435,0,0,0
562.6,1.0159,13.779,0.20862,0.19517,0,0,0
563.1,1.018,13.782,0.20926,0.19563,0,0,0
563.6,1.0204,13.786,0.2098,0.19561,0,0,0
564.1,1.0227,13.79,0.2102,0.19609,0,0,0
564.6,1.0244,13.794,0.21068,0.19656,0,0,0
565.1,1.0269,13.797,0.21125,0.19707,0,0,0
565.6,1.0284,13.801,0.21176,0.19745,0,0,0
566.1,1.0305,13.804,0.21229,0.19835,0,0,0
566.6,1.0323,13.809,0.21283,0.19884,0,0,0
567.1,1.0341,13.812,0.2132,0.19946,0,0,0
567.6,1.036,13.816,0.2136,0.19957,0,0,0
568.1,1.0378,13.819,0.21416,0.20044,0,0,0
568.6,1.0401,13.823,0.21481,0.2009,0,0,0
569.1,1.0421,13.826,0.21542,0.20155,0,0,0
569.6,1.0443,13.83,0.21609,0.20195,0,0,0
570.1,1.0468,13.834,0.21654,0.20225,0,0,0
570.6,1.0487,13.837,0.21723,0.20301,0,0,0
571.1,1.0508,13.841,0.21779,0.2036,0,0,0
571.6,1.0529,13.844,0.21814,0.20344,0,0,0
572.1,1.0549,13.848,0.21846,0.20398,0,0,0
572.6,1.0568,13.852,0.2191,0.20482,0,0,0
573.1,1.0587,13.855,0.21942,0.20498,0,0,0
573.6,1.0604,13.859,0.21971,0.2053,0,0,0
574.1,1.0627,13.862,0.22013,0.20603,0,0,0
574.6,1.0645,13.865,0.22048,0.20654,0,0,0
575.1,1.0664,13.869,0.22136,0.20692,0,0,0
575.6,1.0687,13.872,0.22191,0.2077,0,0,0
576.1,1.071,13.876,0.22271,0.20815,0,0,0
576.6,1.0734,13.878,0.2235,0.20845,0,0,0
577.1,1.0752,13.882,0.224,0.20896,0,0,0
577.6,1.0774,13.885,0.22469,0.20961,0,0,0
578.1,1.0795,13.889,0.22493,0.20985,0,0,0
578.6,1.0813,13.892,0.22533,0.21076,0,0,0
579.1,1.0828,13.895,0.22559,0.21111,0,0,0
579.6,1.0849,13.899,0.22636,0.21173,0,0,0
580.1,1.0869,13.902,0.22646,0.21221,0,0,0
580.6,1.0889,13.906,0.22704,0.21277,0,0,0
581.1,1.0909,13.909,0.22738,0.21325,0,0,0
581.6,1.0928,13.913,0.22797,0.2136,0,0,0
582.1,1.0949,13.916,0.22833,0.21419,0,0,0
582.6,1.0972,13.92,0.22899,0.2148,0,0,0
583.1,1.0993,13.923,0.2296,0.21504,0,0,0
583.6,1.1013,13.926,0.23044,0.21576,0,0,0
584.1,1.1034,13.93,0.23136,0.21579,0,0,0
584.6,1.1053,13.932,0.23202,0.21648,0,0,0
585.1,1.1073,13.936,0.23267,0.21707,0,0,0
585.6,1.1089,13.938,0.23343,0.21744,0,0,0
586.1,1.1107,13.942,0.23427,0.21784,0,0,0
586.6,1.1126,13.945,0.23459,0.21862,0,0,0
587.1,1.1145,13.948,0.23482,0.21859,0,0,0
587.6,1.1169,13.951,0.23514,0.21944,0,0,0
588.1,1.119,13.954,0.23579,0.22003,0,0,0
588.6,1.1212,13.958,0.23623,0.22034,0,0,0
589.1,1.1235,13.961,0.2367,0.22093,0,0,0
589.6,1.1254,13.964,0.23728,0.22133,0,0,0
590.1,1.1276,13.967,0.23754,0.22212,0,0,0
590.6,1.1295,13.97,0.23811,0.22266,0,0,0
591.1,1.1313,13.974,0.23861,0.22292,0,0,0
591.6,1.1332,13.977,0.23926,0.22358,0,0,0
592.1,1.1353,13.98,0.24001,0.22446,0,0,0
592.6,1.1371,13.983,0.24017,0.22464,0,0,0
593.1,1.1394,13.987,0.24113,0.22527,0,0,0
593.6,1.1414,13.989,0.24189,0.22546,0,0,0
594.1,1.1434,13.993,0.24259,0.22652,0,0,0
594.6,1.146,13.996,0.24347,0.22712,0,0,0
595.1,1.148,13.999,0.24394,0.22715,0,0,0
595.6,1.1499,14.001,0.24428,0.22786,0,0,0
596.1,1.1525,14.004,0.245,0.22829,0,0,0
596.6,1.1542,14.007,0.24552,0.22847,0,0,0
597.1,1.1564,14.01,0.24583,0.22921,0,0,0
597.6,1.1583,14.014,0.24671,0.23008,0,0,0
598.1,1.1602,14.017,0.2471,0.23068,0,0,0
598.6,1.1623,14.02,0.24803,0.23108,0,0,0
599.1,1.1641,14.023,0.24855,0.23134,0,0,0
599.6,1.1665,14.026,0.24945,0.23197,0,0,0
600.1,1.1686,14.029,0.25002,0.2327,0,0,0
600.6,1.171,14.033,0.2505,0.23357,0,0,0
601.1,1.1731,14.035,0.25117,0.23407,0,0,0
601.6,1.1755,14.039,0.2519,0.23428,0,0,0
602.1,1.1773,14.041,0.25226,0.23514,0,0,0
602.6,1.1795,14.045,0.25298,0.23572,0,0,0
603.1,1.1816,14.048,0.25336,0.23632,0,0,0
603.6,1.1836,14.051,0.25413,0.23661,0,0,0
604.1,1.1856,14.054,0.25457,0.23731,0,0,0
604.6,1.1874,14.057,0.25503,0.23781,0,0,0
605.1,1.1894,14.06,0.25554,0.2383,0,0,0
605.6,1.192,14.063,0.25634,0.23905,0,0,0
606.1,1.1938,14.066,0.25685,0.23942,0,0,0
606.6,1.1963,14.069,0.25785,0.23997,0,0,0
607.1,1.1982,14.072,0.25833,0.24049,0,0,0
607.6,1.2005,14.075,0.25902,0.24104,0,0,0
608.1,1.2027,14.078,0.25959,0.24166,0,0,0
608.6,1.2049,14.081,0.26028,0.24246,0,0,0
609.1,1.2069,14.084,0.26089,0.2428,0,0,0
609.6,1.209,14.087,0.26153,0.24381,0,0,0
610.1,1.2109,14.09,0.26188,0.24449,0,0,0
610.6,1.2127,14.092,0.26244,0.24542,0,0,0
611.1,1.2146,14.095,0.26242,0.24566,0,0,0
611.6,1.217,14.098,0.26272,0.24654,0,0,0
612.1,1.2189,14.101,0.26341,0.24687,0,0,0
612.6,1.2213,14.104,0.26415,0.24726,0,0,0
613.1,1.2234,14.107,0.26476,0.24796,0,0,0
613.6,1.2257,14.109,0.26572,0.24842,0,0,0
614.1,1.2279,14.112,0.26668,0.2492,0,0,0
614.6,1.2303,14.115,0.26752,0.24922,0,0,0
615.1,1.2322,14.118,0.26831,0.24992,0,0,0
615.6,1.2341,14.121,0.26871,0.2502,0,0,0
616.1,1.2362,14.124,0.2698,0.2511,0,0,0
616.6,1.2383,14.127,0.27005,0.25111,0,0,0
617.1,1.2404,14.129,0.27071,0.25206,0,0,0
617.6,1.2424,14.132,0.27137,0.25262,0,0,0
618.1,1.2446,14.135,0.27192,0.25371,0,0,0
618.6,1.2471,14.137,0.27245,0.25391,0,0,0
619.1,1.2492,14.14,0.27333,0.25432,0,0,0
619.6,1.2515,14.143,0.27399,0.25501,0,0,0
620.1,1.2539,14.145,0.27474,0.25614,0,0,0
620.6,1.2561,14.148,0.27577,0.25624,0,0,0
621.1,1.2581,14.151,0.27665,0.2574,0,0,0
621.6,1.2603,14.153,0.27718,0.25737,0,0,0
622.1,1.2622,14.156,0.27811,0.25824,0,0,0
622.6,1.2643,14.158,0.27888,0.25901,0,0,0
623.1,1.2664,14.161,0.27943,0.25942,0,0,0
623.6,1.2684,14.164,0.27991,0.26036,0,0,0
624.1,1.2707,14.166,0.28066,0.26125,0,0,0
624.6,1.273,14.169,0.28106,0.26151,0,0,0
625.1,1.2752,14.172,0.28148,0.26204,0,0,0
625.6,1.2777,14.175,0.28201,0.26309,0,0,0
626.1,1.28,14.178,0.28253,0.2638,0,0,0
626.6,1.2824,14.18,0.28303,0.26423,0,0,0
627.1,1.2844,14.183,0.28398,0.26527,0,0,0
627.6,1.2866,14.185,0.28448,0.26543,0,0,0
628.1,1.2886,14.188,0.2852,0.26622,0,0,0
628.6,1.2906,14.19,0.2859,0.2668,0,0,0
629.1,1.2927,14.193,0.28724,0.26746,0,0,0
629.6,1.2948,14.195,0.28759,0.26774,0,0,0
630.1,1.297,14.198,0.28846,0.26873,0,0,0
630.6,1.2992,14.2,0.2887,0.26911,0,0,0
631.1,1.3019,14.203,0.28999,0.26994,0,0,0
631.6,1.3045,14.206,0.29041,0.27085,0,0,0
632.1,1.3065,14.209,0.29071,0.27151,0,0,0
632.6,1.3086,14.211,0.29143,0.27161,0,0,0
633.1,1.3108,14.214,0.29195,0.27264,0,0,0
633.6,1.3131,14.216,0.29276,0.27352,0,0,0
634.1,1.3152,14.218,0.29378,0.27403,0,0,0
634.6,1.3168,14.221,0.29439,0.27478,0,0,0
635.1,1.3193,14.223,0.29538,0.27541,0,0,0
635.6,1.3214,14.225,0.29673,0.27591,0,0,0
636.1,1.3236,14.228,0.29735,0.27639,0,0,0
636.6,1.326,14.23,0.29816,0.27712,0,0,0
637.1,1.3283,14.233,0.29919,0.27832,0,0,0
637.6,1.3307,14.236,0.30047,0.27877,0,0,0
638.1,1.3329,14.239,0.30096,0.27915,0,0,0
638.6,1.3353,14.241,0.30159,0.27982,0,0,0
639.1,1.3377,14.243,0.30228,0.28092,0,0,0
639.6,1.3397,14.246,0.30309,0.282,0,0,0
640.1,1.3415,14.248,0.30375,0.28257,0,0,0
640.6,1.3437,14.251,0.30443,0.28344,0,0,0
641.1,1.346,14.253,0.30506,0.28439,0,0,0
641.6,1.3481,14.255,0.30565,0.28471,0,0,0
642.1,1.3502,14.258,0.30675,0.28558,0,0,0
642.6,1.3527,14.261,0.30743,0.28623,0,0,0
643.1,1.3552,14.263,0.30792,0.28688,0,0,0
643.6,1.3575,14.265,0.30853,0.2874,0,0,0
644.1,1.3596,14.267,0.30947,0.28804,0,0,0
644.6,1.3622,14.269,0.3103,0.28804,0,0,0
645.1,1.3642,14.272,0.31088,0.28898,0,0,0
645.6,1.3666,14.274,0.31173,0.28918,0,0,0
646.1,1.3687,14.277,0.31287,0.29007,0,0,0
646.6,1.3707,14.279,0.31359,0.29074,0,0,0
647.1,1.373,14.281,0.31495,0.29149,0,0,0
647.6,1.3754,14.284,0.31548,0.29258,0,0,0
648.1,1.3777,14.286,0.31628,0.29314,0,0,0
648.6,1.3801,14.288,0.3178,0.29406,0,0,0
649.1,1.3824,14.29,0.31907,0.29484,0,0,0
649.6,1.385,14.293,0.31888,0.29541,0,0,0
650.1,1.3874,14.296,0.32006,0.29647,0,0,0
650.6,1.3899,14.298,0.32097,0.29684,0,0,0
651.1,1.392,14.3,0.32169,0.2978,0,0,0
651.6,1.3943,14.302,0.32198,0.29822,0,0,0
652.1,1.3964,14.305,0.32282,0.29915,0,0,0
652.6,1.3987,14.307,0.32339,0.29979,0,0,0
653.1,1.401,14.309,0.32373,0.30043,0,0,0
653.6,1.4035,14.311,0.32474,0.30182,0,0,0
654.1,1.4058,14.313,0.32557,0.30287,0,0,0
654.6,1.4084,14.315,0.32595,0.30312,0,0,0
655.1,1.4106,14.317,0.327,0.30415,0,0,0
655.6,1.4133,14.319,0.32817,0.30473,0,0,0
656.1,1.4155,14.321,0.32884,0.30512,0,0,0
656.6,1.4182,14.323,0.32948,0.30602,0,0,0
657.1,1.4203,14.325,0.32979,0.30644,0,0,0
657.6,1.4227,14.328,0.33082,0.30714,0,0,0
658.1,1.4248,14.33,0.33153,0.30775,0,0,0
658.6,1.4273,14.332,0.3322,0.30809,0,0,0
659.1,1.4294,14.334,0.33291,0.30933,0,0,0
659.6,1.4317,14.336,0.3339,0.30975,0,0,0
660.1,1.4344,14.338,0.33492,0.31008,0,0,0
660.6,1.4372,14.34,0.33585,0.31128,0,0,0
661.1,1.4397,14.342,0.33727,0.31176,0,0,0
661.6,1.4422,14.344,0.33805,0.31261,0,0,0
662.1,1.4445,14.346,0.33878,0.31372,0,0,0
662.6,1.447,14.348,0.33963,0.31438,0,0,0
663.1,1.4492,14.35,0.34062,0.31501,0,0,0
663.6,1.4515,14.352,0.34109,0.31573,0,0,0
664.1,1.4537,14.354,0.34174,0.31638,0,0,0
664.6,1.4561,14.356,0.34231,0.31711,0,0,0
665.1,1.4585,14.357,0.34318,0.31785,0,0,0
665.6,1.4609,14.359,0.34384,0.31884,0,0,0
666.1,1.4634,14.362,0.3444,0.31963,0,0,0
666.6,1.4659,14.364,0.34538,0.32112,0,0,0
667.1,1.4685,14.365,0.34639,0.32151,0,0,0
667.6,1.4709,14.367,0.34761,0.32245,0,0,0
668.1,1.4735,14.369,0.34836,0.32328,0,0,0
668.6,1.4759,14.371,0.34931,0.324,0,0,0
669.1,1.4783,14.373,0.35041,0.3251,0,0,0
669.6,1.4804,14.375,0.35144,0.32553,0,0,0
670.1,1.4826,14.377,0.352,0.3264,0,0,0
670.6,1.4851,14.378,0.35302,0.32656,0,0,0
671.1,1.4877,14.38,0.35355,0.32783,0,0,0
671.6,1.4903,14.382,0.35441,0.32823,0,0,0
672.1,1.4928,14.384,0.35529,0.32931,0,0,0
672.6,1.4952,14.386,0.35597,0.32995,0,0,0
673.1,1.4976,14.388,0.35722,0.33064,0,0,0
673.6,1.5003,14.389,0.35812,0.3314,0,0,0
674.1,1.5029,14.392,0.35916,0.33247,0,0,0
674.6,1.5054,14.393,0.35992,0.33332,0,0,0
675.1,1.5077,14.395,0.36138,0.33463,0,0,0
675.6,1.5098,14.396,0.36177,0.33503,0,0,0
676.1,1.5123,14.398,0.3626,0.33612,0,0,0
676.6,1.5148,14.4,0.36398,0.33737,0,0,0
677.1,1.5172,14.402,0.3646,0.33804,0,0,0
677.6,1.5198,14.404,0.36548,0.33882,0,0,0
678.1,1.5224,14.405,0.36653,0.33967,0,0,0
678.6,1.5253,14.406,0.36761,0.34037,0,0,0
679.1,1.5279,14.408,0.36864,0.34181,0,0,0
679.6,1.5304,14.41,0.36946,0.34228,0,0,0
680.1,1.5328,14.411,0.37081,0.3432,0,0,0
680.6,1.5354,14.413,0.37175,0.34376,0,0,0
681.1,1.5376,14.414,0.37319,0.34477,0,0,0
681.6,1.5402,14.416,0.3741,0.34603,0,0,0
682.1,1.5428,14.418,0.37508,0.3469,0,0,0
682.6,1.5449,14.419,0.37585,0.34734,0,0,0
683.1,1.5482,14.421,0.37676,0.34891,0,0,0
683.6,1.5511,14.422,0.3774,0.34952,0,0,0
684.1,1.553,14.424,0.37808,0.35078,0,0,0
684.6,1.5559,14.426,0.37867,0.35162,0,0,0
685.1,1.5594,14.428,0.37968,0.35246,0,0,0
685.6,1.5608,14.429,0.38079,0.35261,0,0,0
686.1,1.5639,14.43,0.38143,0.3539,0,0,0
686.6,1.5664,14.432,0.38337,0.35503,0,0,0
687.1,1.5685,14.433,0.38445,0.35536,0,0,0
687.6,1.5711,14.434,0.38571,0.35612,0,0,0
688.1,1.574,14.435,0.38632,0.35689,0,0,0
688.6,1.5765,14.436,0.38774,0.35793,0,0,0
689.1,1.5791,14.437,0.38859,0.35869,0,0,0
689.6,1.5816,14.439,0.38906,0.35899,0,0,0
690.1,1.5851,14.44,0.39005,0.36119,0,0,0
690.6,1.5878,14.441,0.39112,0.36234,0,0,0
691.1,1.5901,14.443,0.3924,0.36317,0,0,0
691.6,1.5927,14.444,0.39314,0.36372,0,0,0
692.1,1.5954,14.445,0.39405,0.36513,0,0,0
692.6,1.5978,14.446,0.39492,0.36577,0,0,0
693.1,1.6004,14.447,0.39617,0.36646,0,0,0
693.6,1.603,14.448,0.39719,0.36721,0,0,0
694.1,1.6057,14.449,0.39877,0.36788,0,0,0
694.6,1.6083,14.451,0.39935,0.36893,0,0,0
695.1,1.6116,14.452,0.40046,0.36881,0,0,0
695.6,1.6146,14.453,0.40166,0.37047,0,0,0
696.1,1.6166,14.454,0.40221,0.37145,0,0,0
696.6,1.6201,14.455,0.4031,0.37227,0,0,0
697.1,1.6225,14.456,0.40436,0.37307,0,0,0
697.6,1.6251,14.457,0.4055,0.37459,0,0,0
698.1,1.6281,14.458,0.40592,0.37578,0,0,0
698.6,1.6303,14.459,0.40702,0.37673,0,0,0
699.1,1.6331,14.46,0.40821,0.37791,0,0,0
699.6,1.6354,14.461,0.40971,0.37834,0,0,0
700.1,1.6385,14.462,0.41067,0.3792,0,0,0
700.6,1.641,14.463,0.41153,0.38006,0,0,0
701.1,1.6439,14.464,0.41307,0.38151,0,0,0
701.6,1.6471,14.464,0.41436,0.38259,0,0,0
702.1,1.6496,14.465,0.41506,0.38381,0,0,0
702.6,1.6524,14.465,0.41595,0.38433,0,0,0
703.1,1.655,14.466,0.41698,0.38517,0,0,0
703.6,1.6576,14.467,0.41848,0.38613,0,0,0
704.1,1.6608,14.468,0.41927,0.38825,0,0,0
704.6,1.6631,14.468,0.42081,0.3889,0,0,0
705.1,1.6659,14.469,0.42179,0.38984,0,0,0
705.6,1.6689,14.47,0.42298,0.39062,0,0,0
706.1,1.6717,14.47,0.42422,0.39208,0,0,0
706.6,1.6747,14.471,0.42541,0.39268,0,0,0
707.1,1.6775,14.472,0.42647,0.394,0,0,0
707.6,1.6802,14.472,0.42794,0.39547,0,0,0
708.1,1.6829,14.473,0.42906,0.396,0,0,0
708.6,1.6857,14.473,0.43014,0.39676,0,0,0
709.1,1.6882,14.474,0.43082,0.39796,0,0,0
709.6,1.6913,14.474,0.43216,0.39921,0,0,0
710.1,1.6938,14.475,0.4331,0.4003,0,0,0
710.6,1.6969,14.475,0.43426,0.40065,0,0,0
711.1,1.6997,14.475,0.43527,0.40227,0,0,0
711.6,1.703,14.476,0.43608,0.40324,0,0,0
712.1,1.7058,14.477,0.4378,0.40483,0,0,0
712.6,1.7088,14.477,0.43854,0.40662,0,0,0
713.1,1.7117,14.477,0.44042,0.40771,0,0,0
713.6,1.7144,14.477,0.44185,0.4094,0,0,0
714.1,1.7169,14.477,0.4434,0.4097,0,0,0
714.6,1.7196,14.477,0.44459,0.4104,0,0,0
715.1,1.7225,14.477,0.44608,0.41131,0,0,0
715.6,1.7256,14.477,0.44739,0.41256,0,0,0
716.1,1.7285,14.477,0.44813,0.41352,0,0,0
716.6,1.7315,14.478,0.44961,0.4149,0,0,0
717.1,1.7348,14.478,0.45094,0.41566,0,0,0
717.6,1.7377,14.478,0.45186,0.41654,0,0,0
718.1,1.7407,14.478,0.45391,0.41786,0,0,0
718.6,1.7437,14.478,0.45519,0.41906,0,0,0
719.1,1.7466,14.478,0.45697,0.41959,0,0,0
719.6,1.7491,14.478,0.45825,-Inf,0,0,0
720.1,1.7526,14.478,0.45959,-Inf,0,0,0
720.6,1.7554,14.478,0.46112,-Inf,0,0,0
721.1,1.7584,14.478,0.46155,-Inf,0,0,0
721.6,1.7618,14.477,0.46328,-Inf,0,0,0
722.1,1.7649,14.476,0.46434,-Inf,0,0,0
722.6,1.7681,14.476,0.46599,-Inf,0,0,0
723.1,1.7712,14.476,0.46713,-Inf,0,0,0
723.6,1.7743,14.476,0.46928,-Inf,0,0,0
724.1,1.7774,14.475,0.47131,-Inf,0,0,0
724.6,1.7803,14.474,0.47263,-Inf,0,0,0
725.1,1.783,14.473,0.47461,-Inf,0,0,0
725.6,1.7859,14.473,0.47583,-Inf,0,0,0
726.1,1.7892,14.472,0.47694,-Inf,0,0,0
726.6,1.7926,14.471,0.47829,-Inf,0,0,0
727.1,1.7957,14.471,0.47956,-Inf,0,0,0
727.6,1.7989,14.47,0.48083,-Inf,0,0,0
728.1,1.8023,14.469,0.4821,-Inf,0,0,0
728.6,1.8051,14.468,0.48345,-Inf,0,0,0
729.1,1.8081,14.466,0.48525,-Inf,0,0,0
729.6,1.8113,14.465,0.48665,-Inf,0,0,0
730.1,1.8143,14.464,0.48801,-Inf,0,0,0
730.6,1.8175,14.463,0.4897,-Inf,0,0,0
731.1,1.8208,14.462,0.49075,-Inf,0,0,0
731.6,1.8238,14.46,0.49211,-Inf,0,0,0
732.1,1.827,14.459,0.49358,-Inf,0,0,0
732.6,1.8309,14.458,0.49554,-Inf,0,0,0
733.1,1.834,14.456,0.49719,-Inf,0,0,0
733.6,1.8374,14.455,0.49854,-Inf,0,0,0
734.1,1.8404,14.453,-Inf,-Inf,0,0,0
734.6,1.8438,14.451,-Inf,-Inf,0,0,0
735.1,1.847,14.45,-Inf,-Inf,0,0,0
735.6,1.8498,14.447,-Inf,-Inf,0,0,0
736.1,1.8532,14.445,-Inf,-Inf,0,0,0
736.6,1.8567,14.443,-Inf,-Inf,0,0,0
737.1,1.8601,14.441,-Inf,-Inf,0,0,0
737.6,1.8632,14.438,-Inf,-Inf,0,0,0
738.1,1.8671,14.436,-Inf,-Inf,0,0,0
738.6,1.8704,14.433,-Inf,-Inf,0,0,0
739.1,1.8736,14.43,-Inf,-Inf,0,0,0
739.6,1.8768,14.426,-Inf,-Inf,0,0,0
740.1,1.88,14.423,-Inf,-Inf,0,0,0
740.6,1.8831,14.419,-Inf,-Inf,0,0,0
741.1,1.8862,14.415,-Inf,-Inf,0,0,0
741.6,1.8902,14.411,-Inf,-Inf,0,0,0
742.1,1.8939,14.407,-Inf,-Inf,0,0,0
742.6,1.898,14.403,-Inf,-Inf,0,0,0
743.1,1.9013,14.398,-Inf,-Inf,0,0,0
743.6,1.9045,14.394,-Inf,-Inf,0,0,0
744.1,1.9082,14.389,-Inf,-Inf,0,0,0
744.6,1.9114,14.383,-Inf,-Inf,0,0,0
745.1,1.9149,14.377,-Inf,-Inf,0,0,0
745.6,1.9185,14.37,-Inf,-Inf,0,0,0
746.1,1.9223,14.364,-Inf,-Inf,0,0,0
746.6,1.9263,14.357,-Inf,-Inf,0,0,0
747.1,1.9303,14.349,-Inf,-Inf,0,0,0
747.6,1.9341,14.339,-Inf,-Inf,0,0,0
748.1,1.9378,14.328,-Inf,-Inf,0,0,0
748.6,1.9423,14.317,-Inf,-Inf,0,0,0
749.1,1.9486,14.301,-Inf,-Inf,0,0,0
