0.63,0,-0.017858,0,0,1.5228,20,10.1,2
1.13,-7.90E-05,-0.021175,-0.00011101,0,0,0,0,0
1.63,0.000298,-0.023996,-0.00013701,0,0,0,0,0
2.13,0.000843,-0.012979,-0.00011601,0,0,0,0,0
2.63,0.000199,0.012137,-0.00015401,0,0,0,0,0
3.13,0.000506,0.044145,8.00E-06,0,0,0,0,0
3.63,0.000354,0.070992,5.20E-05,0,0,0,0,0
4.13,0.000928,0.09529,2.90E-05,0,0,0,0,0
4.63,0.000269,0.11671,-8.50E-05,0,0,0,0,0
5.13,0.00091,0.13843,-7.50E-05,0,0,0,0,0
5.63,0.000903,0.15656,0.00012799,0,0,0,0,0
6.13,0.000947,0.17415,0.00021098,0,0,0,0,0
6.63,0.000787,0.19014,0.00016099,0,0,0,0,0
7.13,0.000732,0.20758,5.50E-05,0,0,0,0,0
7.63,0.00096,0.22457,7.30E-05,0,0,0,0,0
8.13,0.000937,0.24343,-1.00E-05,0,0,0,0,0
8.63,0.00107,0.26185,1.90E-05,0,0,0,0,0
9.13,0.001268,0.28115,0.00010499,0,0,0,0,0
9.63,0.001218,0.29842,0.00010299,0,0,0,0,0
10.13,0.001372,0.31672,6.00E-05,0,0,0,0,0
10.63,0.00134,0.33542,0.00021698,0,0,0,0,0
11.13,0.001432,0.35515,6.50E-05,0,0,0,0,0
11.63,0.001439,0.37314,0.00015399,0,0,0,0,0
12.13,0.001545,0.39186,9.80E-05,0,0,0,0,0
12.63,0.001797,0.40871,-8.30E-05,0,0,0,0,0
13.13,0.001786,0.42558,5.90E-05,0,0,0,0,0
13.63,0.00167,0.44257,1.00E-04,0,0,0,0,0
14.13,0.00197,0.462,0.00010899,0,0,0,0,0
14.63,0.002135,0.47985,-5.60E-05,0,0,0,0,0
15.13,0.002254,0.49844,0.00027096,0,0,0,0,0
15.63,0.002274,0.51556,0.00021198,0,0,0,0,0
16.13,0.00243,0.533,0.00022497,0,0,0,0,0
16.63,0.002393,0.54914,0.00014599,0,0,0,0,0
17.13,0.002271,0.56715,0.00026197,0,0,0,0,0
17.63,0.00239,0.58457,0.00017498,0,0,0,0,0
18.13,0.00249,0.60272,0.00011599,0,0,0,0,0
18.63,0.002499,0.61942,0.00012199,0,0,0,0,0
19.13,0.002321,0.63801,0.00031795,0,0,0,0,0
19.63,0.002407,0.65742,0.00021898,0,0,0,0,0
20.13,0.00243,0.67843,0.00022497,0,0,0,0,0
20.63,0.00297,0.69785,8.60E-05,0,0,0,0,0
21.13,0.002638,0.71815,0.00014199,0,0,0,0,0
21.63,0.003105,0.73642,0.00021198,0,0,0,0,0
22.13,0.003271,0.75458,0.00022198,0,0,0,0,0
22.63,0.003241,0.77257,0.00022198,0,0,0,0,0
23.13,0.003178,0.79386,4.60E-05,0,0,0,0,0
23.63,0.003476,0.81399,0.00025197,0,0,0,0,0
24.13,0.003665,0.83472,0.00018198,0,0,0,0,0
24.63,0.003804,0.85356,0.00023797,0,0,0,0,0
25.13,0.004092,0.873,0.00020498,0,0,0,0,0
25.63,0.004271,0.89114,0.00014899,0,0,0,0,0
26.13,0.004254,0.91115,0.00026197,0,0,0,0,0
26.63,0.004357,0.93085,0.00016599,0,0,0,0,0
27.13,0.004645,0.95115,0.00024197,0,0,0,0,0
27.63,0.004522,0.96914,7.90E-05,0,0,0,0,0
28.13,0.00442,0.98829,0.00024497,0,0,0,0,0
28.63,0.004357,1.0084,7.00E-05,0,0,0,0,0
29.13,0.003903,1.0301,0.00034794,0,0,0,0,0
29.63,0.003916,1.0499,6.30E-05,0,0,0,0,0
30.13,0.004416,1.0701,0.00026496,0,0,0,0,0
30.63,0.004592,1.0884,0.00029496,0,0,0,0,0
31.13,0.004797,1.1069,0.00014199,0,0,0,0,0
31.63,0.004986,1.1256,0.00016899,0,0,0,0,0
32.13,0.005049,1.1476,0.00031095,0,0,0,0,0
32.63,0.005078,1.1683,7.00E-05,0,0,0,0,0
33.13,0.005141,1.1894,0.00010299,0,0,0,0,0
33.63,0.005505,1.2086,0.00013899,0,0,0,0,0
34.13,0.005989,1.2286,5.60E-05,0,0,0,0,0
34.63,0.006214,1.2473,5.60E-05,0,0,0,0,0
35.13,0.006214,1.2677,0.00029796,0,0,0,0,0
35.63,0.006462,1.2876,0.00024197,0,0,0,0,0
36.13,0.00679,1.3081,-6.30E-05,0,0,0,0,0
36.63,0.006638,1.3267,0.00013199,0,0,0,0,0
37.13,0.006701,1.3467,0.00018898,0,0,0,0,0
37.63,0.006767,1.3674,0.00017898,0,0,0,0,0
38.13,0.006581,1.3891,0.00019498,0,0,0,0,0
38.63,0.006469,1.4089,0.00030095,0,0,0,0,0
39.13,0.006621,1.4294,-4.00E-05,0,0,0,0,0
39.63,0.006581,1.4484,0.00020498,0,0,0,0,0
40.13,0.006542,1.4673,0.00038093,0,0,0,0,0
40.63,0.006459,1.4859,0.00014199,0,0,0,0,0
41.13,0.006879,1.5073,0.00014199,0,0,0,0,0
41.63,0.006651,1.5276,0.00024797,0,0,0,0,0
42.13,0.006734,1.5487,0.00031795,0,0,0,0,0
42.63,0.006998,1.5683,0.00030495,0,0,0,0,0
43.13,0.007376,1.5886,0.00017199,0,0,0,0,0
43.63,0.007406,1.6076,0.00010299,0,0,0,0,0
44.13,0.007743,1.6281,0.00019498,0,0,0,0,0
44.63,0.008213,1.6481,0.00027796,0,0,0,0,0
45.13,0.008621,1.6689,0.00023497,0,0,0,0,0
45.63,0.008786,1.6877,0.00013199,0,0,0,0,0
46.13,0.008588,1.7077,0.00021798,0,0,0,0,0
46.63,0.00867,1.7284,0.00029496,0,0,0,0,0
47.13,0.008866,1.7501,0.00039692,0,0,0,0,0
47.63,0.009054,1.7701,0.00022497,0,0,0,0,0
48.13,0.008942,1.7909,0.00026496,0,0,0,0,0
48.63,0.008806,1.8094,0.00013199,0,0,0,0,0
49.13,0.008631,1.8279,0.00021198,0,0,0,0,0
49.63,0.008776,1.8466,0.00012299,0,0,0,0,0
50.13,0.008644,1.8686,0.00032095,0,0,0,0,0
50.63,0.008667,1.8893,0.00021198,0,0,0,0,0
51.13,0.008568,1.9107,0.00012199,0,0,0,0,0
51.63,0.008707,1.93,0.00022198,0,0,0,0,0
52.13,0.008952,1.9496,-1.30E-05,0,0,0,0,0
52.63,0.009001,1.9679,0.00035394,0,0,0,0,0
53.13,0.009187,1.9884,0.00017199,0,0,0,0,0
53.63,0.009511,2.0083,0.00017898,0,0,0,0,0
54.13,0.010124,2.0287,0.00022797,0,0,0,0,0
54.63,0.010243,2.0471,0.00013899,0,0,0,0,0
55.13,0.010756,2.067,0.00029796,0,0,0,0,0
55.63,0.01112,2.0874,0.00033794,0,0,0,0,0
56.13,0.011193,2.1094,0.00029796,0,0,0,0,0
56.63,0.011706,2.1296,0.00037693,0,0,0,0,0
57.13,0.011392,2.1501,0.00030095,0,0,0,0,0
57.63,0.011716,2.1687,0.00027496,0,0,0,0,0
58.13,0.011345,2.1873,0.00052586,0,0,0,0,0
58.63,0.01108,2.2059,0.00015599,0,0,0,0,0
59.13,0.011074,2.2273,0.00029096,0,0,0,0,0
59.63,0.010984,2.2476,9.60E-05,0,0,0,0,0
60.13,0.010736,2.2684,0.00039692,0,0,0,0,0
60.63,0.010845,2.2876,0.00039692,0,0,0,0,0
61.13,0.01069,2.3076,0.00047289,0,0,0,0,0
61.63,0.010723,2.3266,0.00041092,0,0,0,0,0
62.13,0.010594,2.3471,0.00033794,0,0,0,0,0
62.63,0.010925,2.3666,0.00022497,0,0,0,0,0
63.13,0.011206,2.3867,0.00031095,0,0,0,0,0
63.63,0.01164,2.4054,0.0004469,0,0,0,0,0
64.13,0.011776,2.4257,0.00043391,0,0,0,0,0
64.63,0.011981,2.4464,0.00035094,0,0,0,0,0
65.13,0.012382,2.4684,0.00036693,0,0,0,0,0
65.63,0.012981,2.4886,0.00033394,0,0,0,0,0
66.13,0.013143,2.5094,0.00017498,0,0,0,0,0
66.63,0.013451,2.5284,0.00039092,0,0,0,0,0
67.13,0.013507,2.5473,0.00042991,0,0,0,0,0
67.63,0.013772,2.5659,0.00038693,0,0,0,0,0
68.13,0.013679,2.5876,0.00036693,0,0,0,0,0
68.63,0.013636,2.608,0.0006358,0,0,0,0,0
69.13,0.01354,2.629,0.00051986,0,0,0,0,0
69.63,0.013282,2.648,0.00057883,0,0,0,0,0
70.13,0.013156,2.6676,0.00036693,0,0,0,0,0
70.63,0.012898,2.6859,0.00040692,0,0,0,0,0
71.13,0.012822,2.7061,0.0006388,0,0,0,0,0
71.63,0.012921,2.7261,0.00064579,0,0,0,0,0
72.13,0.012977,2.7469,0.00048688,0,0,0,0,0
72.63,0.013014,2.7654,0.00053985,0,0,0,0,0
73.13,0.013077,2.785,0.00054585,0,0,0,0,0
73.63,0.013203,2.8054,0.00073473,0,0,0,0,0
74.13,0.013755,2.8274,0.00066878,0,0,0,0,0
74.63,0.014063,2.8476,0.00050987,0,0,0,0,0
75.13,0.014431,2.8681,0.00055285,0,0,0,0,0
75.63,0.014666,2.8867,0.00046989,0,0,0,0,0
76.13,0.015344,2.9053,0.00058883,0,0,0,0,0
76.63,0.015752,2.9239,0.00039092,0,0,0,0,0
77.13,0.015656,2.9456,0.00081067,0,0,0,0,0
77.63,0.015914,2.9663,0.00087662,0,0,0,0,0
78.13,0.016036,2.9877,0.00053586,0,0,0,0,0
78.63,0.015864,3.007,0.00078769,0,0,0,0,0
79.13,0.015987,3.0266,0.00066178,0,0,0,0,0
79.63,0.015474,3.0449,0.00068177,0,0,0,0,0
80.13,0.015695,3.0651,0.00070775,0,0,0,0,0
80.63,0.015388,3.0849,0.0006318,0,0,0,0,0
81.13,0.015348,3.1054,0.0006318,0,0,0,0,0
81.63,0.015053,3.1241,0.00069176,0,0,0,0,0
82.13,0.015368,3.1437,0.00074172,0,0,0,0,0
82.63,0.015275,3.164,0.0007707,0,0,0,0,0
83.13,0.015301,3.1859,0.00072174,0,0,0,0,0
83.63,0.015613,3.2056,0.00052286,0,0,0,0,0
84.13,0.015914,3.2254,0.00057883,0,0,0,0,0
84.63,0.016235,3.2434,0.00071175,0,0,0,0,0
85.13,0.016473,3.2619,0.00051587,0,0,0,0,0
85.63,0.017023,3.2806,0.0007707,0,0,0,0,0
86.13,0.017675,3.3023,0.00087662,0,0,0,0,0
86.63,0.017897,3.3223,0.00064579,0,0,0,0,0
87.13,0.018043,3.343,0.0007807,0,0,0,0,0
87.63,0.01846,3.362,0.00061581,0,0,0,0,0
88.13,0.018476,3.3816,0.0008906,0,0,0,0,0
88.63,0.018546,3.3999,0.00075472,0,0,0,0,0
89.13,0.018599,3.4201,0.00072774,0,0,0,0,0
89.63,0.018662,3.4399,0.0007807,0,0,0,0,0
90.13,0.018549,3.4599,0.00078469,0,0,0,0,0
90.63,0.018082,3.478,0.00079468,0,0,0,0,0
91.13,0.017907,3.4974,0.00068477,0,0,0,0,0
91.63,0.018165,3.5174,0.00071774,0,0,0,0,0
92.13,0.018099,3.5387,0.00088061,0,0,0,0,0
92.63,0.018225,3.5583,0.00069476,0,0,0,0,0
93.13,0.018069,3.5784,0.00075072,0,0,0,0,0
93.63,0.018172,3.5964,0.00066478,0,0,0,0,0
94.13,0.018506,3.6146,0.00055285,0,0,0,0,0
94.63,0.018741,3.6326,0.00066478,0,0,0,0,0
95.13,0.019536,3.6536,0.00076471,0,0,0,0,0
95.63,0.020082,3.6733,0.00059582,0,0,0,0,0
96.13,0.02035,3.6937,0.00079768,0,0,0,0,0
96.63,0.020863,3.7123,0.00052586,0,0,0,0,0
97.13,0.02132,3.7313,0.00081067,0,0,0,0,0
97.63,0.021413,3.7489,0.00079768,0,0,0,0,0
98.13,0.021515,3.7684,0.00093656,0,0,0,0,0
98.63,0.021591,3.7879,0.00081767,0,0,0,0,0
99.13,0.021767,3.8081,0.00097952,0,0,0,0,0
99.63,0.021909,3.8264,0.0008966,0,0,0,0,0
100.13,0.021873,3.8457,0.00092957,0,0,0,0,0
100.63,0.021856,3.8654,0.0007777,0,0,0,0,0
101.13,0.02177,3.8864,0.00070775,0,0,0,0,0
101.63,0.021651,3.9059,0.00097952,0,0,0,0,0
102.13,0.021572,3.9259,0.00081367,0,0,0,0,0
102.63,0.021555,3.9437,0.00079768,0,0,0,0,0
103.13,0.021615,3.9613,0.00071774,0,0,0,0,0
103.63,0.021522,3.9789,0.00088061,0,0,0,0,0
104.13,0.022227,3.9999,0.00081067,0,0,0,0,0
104.63,0.022393,4.0197,0.00075771,0,0,0,0,0
105.13,0.022648,4.04,0.00099251,0,0,0,0,0
105.63,0.023247,4.0583,0.0007707,0,0,0,0,0
106.13,0.023816,4.0773,0.00091658,0,0,0,0,0
106.63,0.023982,4.0951,0.00095654,0,0,0,0,0
107.13,0.024455,4.1149,0.0010395,0,0,0,0,0
107.63,0.024862,4.1339,0.00096254,0,0,0,0,0
108.13,0.024899,4.1534,0.0010385,0,0,0,0,0
108.63,0.025005,4.1714,0.0010485,0,0,0,0,0
109.13,0.025144,4.1907,0.00094355,0,0,0,0,0
109.63,0.025372,4.2107,0.00099251,0,0,0,0,0
110.13,0.02529,4.2319,0.00099251,0,0,0,0,0
110.63,0.025376,4.2509,0.0011254,0,0,0,0,0
111.13,0.025624,4.2701,0.00099251,0,0,0,0,0
111.63,0.02578,4.2877,0.0010924,0,0,0,0,0
112.13,0.025472,4.3053,0.0010914,0,0,0,0,0
112.63,0.025405,4.3229,0.0011254,0,0,0,0,0
113.13,0.025392,4.3433,0.00092657,0,0,0,0,0
113.63,0.025723,4.3626,0.00099251,0,0,0,0,0
114.13,0.02579,4.3824,0.00099251,0,0,0,0,0
114.63,0.026319,4.4006,0.00099251,0,0,0,0,0
115.13,0.02675,4.4193,0.00095954,0,0,0,0,0
115.63,0.027147,4.4369,0.0010914,0,0,0,0,0
116.13,0.027279,4.4561,0.00095954,0,0,0,0,0
116.63,0.027776,4.4749,0.0011254,0,0,0,0,0
117.13,0.027942,4.4941,0.0011583,0,0,0,0,0
117.63,0.028339,4.5117,0.0010255,0,0,0,0,0
118.13,0.028604,4.5304,0.0012243,0,0,0,0,0
118.63,0.028538,4.5497,0.0012572,0,0,0,0,0
119.13,0.029034,4.5701,0.0013561,0,0,0,0,0
119.63,0.029001,4.5889,0.0014889,0,0,0,0,0
120.13,0.029398,4.6081,0.001389,0,0,0,0,0
120.63,0.029431,4.6254,0.0013561,0,0,0,0,0
121.13,0.02963,4.6426,0.0012243,0,0,0,0,0
121.63,0.029729,4.6599,0.001389,0,0,0,0,0
122.13,0.029961,4.6803,0.0013231,0,0,0,0,0
122.63,0.029928,4.6993,0.0015548,0,0,0,0,0
123.13,0.030193,4.719,0.001389,0,0,0,0,0
123.63,0.030358,4.737,0.001389,0,0,0,0,0
124.13,0.030656,4.7556,0.0014889,0,0,0,0,0
124.63,0.030987,4.7726,0.001389,0,0,0,0,0
125.13,0.031418,4.7914,0.0015548,0,0,0,0,0
125.63,0.031616,4.8099,0.0014559,0,0,0,0,0
126.13,0.031782,4.8291,0.0013231,0,0,0,0,0
126.63,0.032278,4.8464,0.0015548,0,0,0,0,0
127.13,0.032576,4.8644,0.0015548,0,0,0,0,0
127.63,0.032808,4.8827,0.0016866,0,0,0,0,0
128.13,0.03304,4.9024,0.0017535,0,0,0,0,0
128.63,0.033205,4.9206,0.0021168,0,0,0,0,0
129.13,0.033603,4.9391,0.0019182,0,0,0,0,0
129.63,0.033801,4.9557,0.002017,0,0,0,0,0
130.13,0.034066,4.9723,0.002017,0,0,0,0,0
130.63,0.03453,4.9891,0.0018852,0,0,0,0,0
131.13,0.034596,5.0093,0.002017,0,0,0,0,0
131.63,0.034927,5.028,0.0021168,0,0,0,0,0
132.13,0.03549,5.047,0.0019511,0,0,0,0,0
132.63,0.035887,5.0643,0.0018852,0,0,0,0,0
133.13,0.03645,5.0823,0.0018193,0,0,0,0,0
133.63,0.036781,5.0989,0.0017864,0,0,0,0,0
134.13,0.037377,5.1171,0.0016536,0,0,0,0,0
134.63,0.037906,5.1349,0.0019182,0,0,0,0,0
135.13,0.038303,5.1534,0.0017205,0,0,0,0,0
135.63,0.038403,5.1701,0.002017,0,0,0,0,0
136.13,0.0388,5.188,0.0018193,0,0,0,0,0
136.63,0.038933,5.2064,0.0019511,0,0,0,0,0
137.13,0.039032,5.2261,0.002017,0,0,0,0,0
137.63,0.039297,5.2439,0.0020838,0,0,0,0,0
138.13,0.039893,5.2619,0.0022155,0,0,0,0,0
138.63,0.04029,5.278,0.0021826,0,0,0,0,0
139.13,0.040455,5.2943,0.002447,0,0,0,0,0
139.63,0.040654,5.3106,0.0023812,0,0,0,0,0
140.13,0.041084,5.3296,0.002447,0,0,0,0,0
140.63,0.041912,5.3476,0.0023143,0,0,0,0,0
141.13,0.042276,5.3664,0.0025128,0,0,0,0,0
141.63,0.042938,5.3836,0.0027771,0,0,0,0,0
142.13,0.043501,5.4013,0.0025787,0,0,0,0,0
142.63,0.044263,5.4176,0.0025458,0,0,0,0,0
143.13,0.044825,5.4354,0.0023482,0,0,0,0,0
143.63,0.046017,5.4526,0.0023482,0,0,0,0,0
144.13,0.046381,5.4701,0.0023482,0,0,0,0,0
144.63,0.047143,5.486,0.0024799,0,0,0,0,0
145.13,0.047739,5.5031,0.0024799,0,0,0,0,0
145.63,0.048004,5.5207,0.0023143,0,0,0,0,0
146.13,0.048434,5.5391,0.0025787,0,0,0,0,0
146.63,0.048798,5.5559,0.0025458,0,0,0,0,0
147.13,0.048765,5.5734,0.0027771,0,0,0,0,0
147.63,0.049129,5.5894,0.0026455,0,0,0,0,0
148.13,0.049725,5.6053,0.0028759,0,0,0,0,0
148.63,0.049825,5.6209,0.0032387,0,0,0,0,0
149.13,0.050123,5.639,0.0033384,0,0,0,0,0
149.63,0.050652,5.6561,0.00347,0,0,0,0,0
150.13,0.051381,5.6741,0.0035696,0,0,0,0,0
150.63,0.051944,5.6906,0.0037998,0,0,0,0,0
151.13,0.052871,5.707,0.0037998,0,0,0,0,0
151.63,0.053831,5.7219,0.0036354,0,0,0,0,0
152.13,0.054559,5.7384,0.0036683,0,0,0,0,0
152.63,0.055486,5.7549,0.0037011,0,0,0,0,0
153.13,0.056645,5.7719,0.0036025,0,0,0,0,0
153.63,0.057208,5.787,0.0035696,0,0,0,0,0
154.13,0.057936,5.8031,0.0036025,0,0,0,0,0
154.63,0.058565,5.8197,0.0035029,0,0,0,0,0
155.13,0.059393,5.8371,0.0037011,0,0,0,0,0
155.63,0.05979,5.8529,0.0036683,0,0,0,0,0
156.13,0.060552,5.8689,0.0038994,0,0,0,0,0
156.63,0.061247,5.8833,0.003998,0,0,0,0,0
157.13,0.061446,5.8977,0.0038994,0,0,0,0,0
157.63,0.062306,5.9121,0.0041962,0,0,0,0,0
158.13,0.062936,5.929,0.00446,0,0,0,0,0
158.63,0.063631,5.9451,0.0046571,0,0,0,0,0
159.13,0.06426,5.9616,0.0049537,0,0,0,0,0
159.63,0.065352,5.9761,0.0051517,0,0,0,0,0
160.13,0.066048,5.9913,0.0055138,0,0,0,0,0
160.63,0.067041,6.0059,0.0056122,0,0,0,0,0
161.13,0.067835,6.0219,0.0056122,0,0,0,0,0
161.63,0.068498,6.0369,0.0053825,0,0,0,0,0
162.13,0.069689,6.0519,0.0054153,0,0,0,0,0
162.63,0.070318,6.0653,0.0053497,0,0,0,0,0
163.13,0.070914,6.0799,0.0053158,0,0,0,0,0
163.63,0.071742,6.0953,0.0051845,0,0,0,0,0
164.13,0.072206,6.1116,0.0051189,0,0,0,0,0
164.63,0.07343,6.1261,0.0051189,0,0,0,0,0
165.13,0.074092,6.1409,0.0053158,0,0,0,0,0
165.63,0.074854,6.1543,0.0051845,0,0,0,0,0
166.13,0.075847,6.1677,0.005283,0,0,0,0,0
166.63,0.077138,6.1811,0.0053487,0,0,0,0,0
167.13,0.078131,6.1967,0.0058101,0,0,0,0,0
167.63,0.079158,6.2114,0.0060079,0,0,0,0,0
168.13,0.080482,6.2266,0.0060407,0,0,0,0,0
168.63,0.081872,6.2401,0.006468,0,0,0,0,0
169.13,0.083064,6.254,0.0068296,0,0,0,0,0
169.63,0.084157,6.2671,0.0069945,0,0,0,0,0
170.13,0.085249,6.2816,0.0072904,0,0,0,0,0
170.63,0.086276,6.2951,0.0074214,0,0,0,0,0
171.13,0.087103,6.3091,0.0076517,0,0,0,0,0
171.63,0.08813,6.322,0.0076517,0,0,0,0,0
172.13,0.088924,6.3356,0.0075862,0,0,0,0,0
172.63,0.089719,6.3496,0.0075862,0,0,0,0,0
173.13,0.090248,6.3646,0.0073231,0,0,0,0,0
173.63,0.091275,6.3781,0.0070928,0,0,0,0,0
174.13,0.092168,6.3919,0.0071921,0,0,0,0,0
174.63,0.093162,6.4043,0.0070928,0,0,0,0,0
175.13,0.094221,6.4167,0.0072238,0,0,0,0,0
175.63,0.095479,6.4291,0.0071256,0,0,0,0,0
176.13,0.096836,6.4437,0.0069945,0,0,0,0,0
176.63,0.098194,6.4574,0.0071593,0,0,0,0,0
177.13,0.099419,6.4716,0.0076189,0,0,0,0,0
177.63,0.10078,6.4844,0.0076517,0,0,0,0,0
178.13,0.10167,6.4977,0.0077499,0,0,0,0,0
178.63,0.10293,6.5099,0.0082429,0,0,0,0,0
179.13,0.10372,6.5231,0.0086039,0,0,0,0,0
179.63,0.10495,6.5361,0.0090965,0,0,0,0,0
180.13,0.10587,6.5496,0.0093918,0,0,0,0,0
180.63,0.10707,6.5613,0.0093591,0,0,0,0,0
181.13,0.10823,6.5736,0.0095889,0,0,0,0,0
181.63,0.10958,6.5866,0.0097523,0,0,0,0,0
182.13,0.11077,6.6006,0.010015,0,0,0,0,0
182.63,0.11206,6.6131,0.0095552,0,0,0,0,0
183.13,0.11359,6.6259,0.0094571,0,0,0,0,0
183.63,0.11534,6.6376,0.0093918,0,0,0,0,0
184.13,0.1168,6.6503,0.0093254,0,0,0,0,0
184.63,0.11839,6.6627,0.0090965,0,0,0,0,0
185.13,0.11978,6.676,0.0089003,0,0,0,0,0
185.63,0.12087,6.6877,0.009261,0,0,0,0,0
186.13,0.12196,6.6997,0.0091956,0,0,0,0,0
186.63,0.12296,6.7114,0.00926,0,0,0,0,0
187.13,0.12408,6.7243,0.0092937,0,0,0,0,0
187.63,0.12534,6.7367,0.0095225,0,0,0,0,0
188.13,0.1263,6.7493,0.009884,0,0,0,0,0
188.63,0.12749,6.7614,0.010506,0,0,0,0,0
189.13,0.12875,6.7739,0.010801,0,0,0,0,0
189.63,0.13001,6.7859,0.011161,0,0,0,0,0
190.13,0.1313,6.7981,0.011391,0,0,0,0,0
190.63,0.13276,6.8101,0.011652,0,0,0,0,0
191.13,0.13435,6.8226,0.011685,0,0,0,0,0
191.63,0.1357,6.8336,0.011718,0,0,0,0,0
192.13,0.13706,6.8453,0.01198,0,0,0,0,0
192.63,0.13829,6.8567,0.011947,0,0,0,0,0
193.13,0.13948,6.8693,0.011653,0,0,0,0,0
193.63,0.14077,6.8804,0.011653,0,0,0,0,0
194.13,0.14156,6.8929,0.011358,0,0,0,0,0
194.63,0.14319,6.9044,0.011194,0,0,0,0,0
195.13,0.14425,6.9164,0.011227,0,0,0,0,0
195.63,0.14517,6.9271,0.011064,0,0,0,0,0
196.13,0.14663,6.9389,0.011161,0,0,0,0,0
196.63,0.14805,6.9501,0.011456,0,0,0,0,0
197.13,0.14971,6.9619,0.011456,0,0,0,0,0
197.63,0.15116,6.9731,0.01162,0,0,0,0,0
198.13,0.15302,6.9849,0.011947,0,0,0,0,0
198.63,0.15471,6.9961,0.012372,0,0,0,0,0
199.13,0.15633,7.0076,0.012733,0,0,0,0,0
199.63,0.15782,7.0187,0.013027,0,0,0,0,0
200.13,0.15934,7.0306,0.013321,0,0,0,0,0
200.63,0.16067,7.0413,0.013516,0,0,0,0,0
201.13,0.16193,7.0523,0.013779,0,0,0,0,0
201.63,0.16322,7.0627,0.013811,0,0,0,0,0
202.13,0.16464,7.0743,0.014073,0,0,0,0,0
202.63,0.16587,7.0847,0.014073,0,0,0,0,0
203.13,0.16699,7.0963,0.014006,0,0,0,0,0
203.63,0.16891,7.107,0.014006,0,0,0,0,0
204.13,0.17033,7.1181,0.01368,0,0,0,0,0
204.63,0.17196,7.1284,0.01355,0,0,0,0,0
205.13,0.17338,7.1396,0.013386,0,0,0,0,0
205.63,0.17543,7.1501,0.013353,0,0,0,0,0
206.13,0.17682,7.1609,0.013354,0,0,0,0,0
206.63,0.17861,7.1714,0.013582,0,0,0,0,0
207.13,0.1798,7.1826,0.013681,0,0,0,0,0
207.63,0.18106,7.1931,0.013942,0,0,0,0,0
208.13,0.18242,7.2039,0.01417,0,0,0,0,0
208.63,0.18358,7.2141,0.014301,0,0,0,0,0
209.13,0.18477,7.2249,0.014921,0,0,0,0,0
209.63,0.18609,7.2346,0.015182,0,0,0,0,0
210.13,0.18732,7.245,0.015377,0,0,0,0,0
210.63,0.18887,7.255,0.015703,0,0,0,0,0
211.13,0.1903,7.266,0.015834,0,0,0,0,0
211.63,0.19189,7.2763,0.015964,0,0,0,0,0
212.13,0.19381,7.2877,0.016126,0,0,0,0,0
212.63,0.19566,7.2977,0.016192,0,0,0,0,0
213.13,0.19725,7.3077,0.01603,0,0,0,0,0
213.63,0.19914,7.3171,0.016029,0,0,0,0,0
214.13,0.2003,7.3276,0.015931,0,0,0,0,0
214.63,0.20182,7.3377,0.015964,0,0,0,0,0
215.13,0.20331,7.348,0.015638,0,0,0,0,0
215.63,0.20467,7.3577,0.015638,0,0,0,0,0
216.13,0.20602,7.3676,0.015769,0,0,0,0,0
216.63,0.20751,7.3774,0.015801,0,0,0,0,0
217.13,0.20924,7.3879,0.015965,0,0,0,0,0
217.63,0.21083,7.3979,0.016127,0,0,0,0,0
218.13,0.21255,7.4081,0.01655,0,0,0,0,0
218.63,0.21437,7.4173,0.016714,0,0,0,0,0
219.13,0.21635,7.4273,0.01707,0,0,0,0,0
219.63,0.21837,7.437,0.017267,0,0,0,0,0
220.13,0.21999,7.4477,0.017657,0,0,0,0,0
220.63,0.22172,7.457,0.017982,0,0,0,0,0
221.13,0.22334,7.467,0.018243,0,0,0,0,0
221.63,0.2249,7.4763,0.018307,0,0,0,0,0
222.13,0.22625,7.4861,0.018469,0,0,0,0,0
222.63,0.22787,7.4954,0.018535,0,0,0,0,0
223.13,0.22917,7.5053,0.01834,0,0,0,0,0
223.63,0.23095,7.5147,0.018568,0,0,0,0,0
224.13,0.23241,7.5243,0.018502,0,0,0,0,0
224.63,0.2342,7.5337,0.018405,0,0,0,0,0
225.13,0.23612,7.5436,0.018437,0,0,0,0,0
225.63,0.23784,7.5531,0.018534,0,0,0,0,0
226.13,0.23986,7.5626,0.018404,0,0,0,0,0
226.63,0.24168,7.5717,0.018568,0,0,0,0,0
227.13,0.2432,7.5816,0.018534,0,0,0,0,0
227.63,0.24493,7.5906,0.018957,0,0,0,0,0
228.13,0.24632,7.6,0.019119,0,0,0,0,0
228.63,0.24777,7.6087,0.019314,0,0,0,0,0
229.13,0.24903,7.6183,0.019509,0,0,0,0,0
229.63,0.25075,7.627,0.019899,0,0,0,0,0
230.13,0.25171,7.637,0.019931,0,0,0,0,0
230.63,0.2536,7.646,0.020223,0,0,0,0,0
231.13,0.25522,7.6551,0.02045,0,0,0,0,0
231.63,0.25731,7.6634,0.020709,0,0,0,0,0
232.13,0.25906,7.6726,0.020904,0,0,0,0,0
232.63,0.26121,7.6814,0.020838,0,0,0,0,0
233.13,0.26297,7.6906,0.021001,0,0,0,0,0
233.63,0.26459,7.6994,0.020904,0,0,0,0,0
234.13,0.26641,7.7086,0.021131,0,0,0,0,0
234.63,0.26813,7.7174,0.020839,0,0,0,0,0
235.13,0.26916,7.7266,0.021001,0,0,0,0,0
235.63,0.27085,7.7354,0.020936,0,0,0,0,0
236.13,0.27264,7.7446,0.021001,0,0,0,0,0
236.63,0.27446,7.7529,0.021098,0,0,0,0,0
237.13,0.27604,7.7614,0.02139,0,0,0,0,0
237.63,0.2776,7.7696,0.021552,0,0,0,0,0
238.13,0.27939,7.7787,0.021617,0,0,0,0,0
238.63,0.28197,7.7873,0.021941,0,0,0,0,0
239.13,0.28406,7.7967,0.022167,0,0,0,0,0
239.63,0.28604,7.805,0.02233,0,0,0,0,0
240.13,0.28803,7.8131,0.022297,0,0,0,0,0
240.63,0.29005,7.8207,0.02262,0,0,0,0,0
241.13,0.29161,7.8301,0.023041,0,0,0,0,0
241.63,0.29293,7.839,0.023074,0,0,0,0,0
242.13,0.29488,7.8477,0.023138,0,0,0,0,0
242.63,0.2965,7.8556,0.02317,0,0,0,0,0
243.13,0.298,7.8639,0.023397,0,0,0,0,0
243.63,0.29998,7.8717,0.023365,0,0,0,0,0
244.13,0.30144,7.8803,0.023494,0,0,0,0,0
244.63,0.30333,7.8884,0.023656,0,0,0,0,0
245.13,0.30567,7.8966,0.023527,0,0,0,0,0
245.63,0.30783,7.9041,0.023592,0,0,0,0,0
246.13,0.30968,7.9124,0.02372,0,0,0,0,0
246.63,0.31124,7.9209,0.024044,0,0,0,0,0
247.13,0.31329,7.9299,0.024076,0,0,0,0,0
247.63,0.31505,7.9379,0.02427,0,0,0,0,0
248.13,0.31637,7.9461,0.024334,0,0,0,0,0
248.63,0.31793,7.9536,0.024302,0,0,0,0,0
249.13,0.31948,7.9611,0.024722,0,0,0,0,0
249.63,0.32104,7.9687,0.02469,0,0,0,0,0
250.13,0.32276,7.9776,0.024852,0,0,0,0,0
250.63,0.32461,7.9856,0.025173,0,0,0,0,0
251.13,0.3264,7.9937,0.025335,0,0,0,0,0
251.63,0.32819,8.0016,0.025529,0,0,0,0,0
252.13,0.33037,8.0099,0.025627,0,0,0,0,0
252.63,0.33263,8.0174,0.025659,0,0,0,0,0
253.13,0.33435,8.0256,0.025755,0,0,0,0,0
253.63,0.33597,8.0334,0.026013,0,0,0,0,0
254.13,0.33756,8.0416,0.025917,0,0,0,0,0
254.63,0.33954,8.0489,0.026208,0,0,0,0,0
255.13,0.34143,8.0567,0.026336,0,0,0,0,0
255.63,0.34295,8.0646,0.026497,0,0,0,0,0
256.13,0.34454,8.0729,0.026562,0,0,0,0,0
256.63,0.34643,8.0804,0.026755,0,0,0,0,0
257.13,0.34832,8.0886,0.02682,0,0,0,0,0
257.63,0.3505,8.0959,0.027109,0,0,0,0,0
258.13,0.35239,8.1029,0.02727,0,0,0,0,0
258.63,0.35441,8.1097,0.027238,0,0,0,0,0
259.13,0.35656,8.1179,0.02727,0,0,0,0,0
259.63,0.35888,8.1256,0.027657,0,0,0,0,0
260.13,0.36073,8.1337,0.027754,0,0,0,0,0
260.63,0.36272,8.1413,0.027818,0,0,0,0,0
261.13,0.36414,8.1489,0.028011,0,0,0,0,0
261.63,0.36613,8.1557,0.028108,0,0,0,0,0
262.13,0.36788,8.1636,0.028366,0,0,0,0,0
262.63,0.36967,8.1714,0.028494,0,0,0,0,0
263.13,0.37169,8.1793,0.028623,0,0,0,0,0
263.63,0.37378,8.1861,0.029042,0,0,0,0,0
264.13,0.37576,8.1934,0.028977,0,0,0,0,0
264.63,0.37828,8.2011,0.029009,0,0,0,0,0
265.13,0.38063,8.2096,0.028977,0,0,0,0,0
265.63,0.38275,8.2171,0.029332,0,0,0,0,0
266.13,0.38473,8.2246,0.029363,0,0,0,0,0
266.63,0.38666,8.2309,0.029556,0,0,0,0,0
267.13,0.38848,8.2374,0.029652,0,0,0,0,0
267.63,0.3902,8.2441,0.029876,0,0,0,0,0
268.13,0.39222,8.2521,0.030037,0,0,0,0,0
268.63,0.39358,8.2596,0.030262,0,0,0,0,0
269.13,0.39526,8.2671,0.03023,0,0,0,0,0
269.63,0.39752,8.2741,0.03039,0,0,0,0,0
270.13,0.39973,8.2816,0.030584,0,0,0,0,0
270.63,0.40185,8.2884,0.030681,0,0,0,0,0
271.13,0.404,8.2956,0.030936,0,0,0,0,0
271.63,0.40642,8.3024,0.031001,0,0,0,0,0
272.13,0.40844,8.3096,0.031322,0,0,0,0,0
272.63,0.41043,8.3161,0.031547,0,0,0,0,0
273.13,0.41218,8.3234,0.03174,0,0,0,0,0
273.63,0.41394,8.3311,0.031772,0,0,0,0,0
274.13,0.41572,8.339,0.0319,0,0,0,0,0
274.63,0.41735,8.3457,0.032124,0,0,0,0,0
275.13,0.41936,8.3526,0.032349,0,0,0,0,0
275.63,0.42102,8.3591,0.032317,0,0,0,0,0
276.13,0.42311,8.3659,0.032509,0,0,0,0,0
276.63,0.42516,8.3724,0.032701,0,0,0,0,0
277.13,0.42744,8.3796,0.032733,0,0,0,0,0
277.63,0.42989,8.3861,0.032829,0,0,0,0,0
278.13,0.43201,8.3934,0.032797,0,0,0,0,0
278.63,0.43423,8.4003,0.03299,0,0,0,0,0
279.13,0.43608,8.4071,0.033213,0,0,0,0,0
279.63,0.4379,8.4134,0.033406,0,0,0,0,0
280.13,0.43956,8.4203,0.033566,0,0,0,0,0
280.63,0.44135,8.4267,0.033695,0,0,0,0,0
281.13,0.44333,8.4336,0.03395,0,0,0,0,0
281.63,0.44529,8.4401,0.034335,0,0,0,0,0
282.13,0.44757,8.4471,0.034303,0,0,0,0,0
282.63,0.44939,8.4539,0.034686,0,0,0,0,0
283.13,0.45174,8.4609,0.034751,0,0,0,0,0
283.63,0.45439,8.4674,0.035071,0,0,0,0,0
284.13,0.45674,8.4746,0.034847,0,0,0,0,0
284.63,0.45889,8.4809,0.035134,0,0,0,0,0
285.13,0.46111,8.4869,0.035358,0,0,0,0,0
285.63,0.46297,8.4927,0.035295,0,0,0,0,0
286.13,0.46492,8.4996,0.035486,0,0,0,0,0
286.63,0.46697,8.5061,0.035645,0,0,0,0,0
287.13,0.46879,8.5131,0.035581,0,0,0,0,0
287.63,0.47068,8.5196,0.035933,0,0,0,0,0
288.13,0.47267,8.5261,0.03606,0,0,0,0,0
288.63,0.47515,8.5321,0.036317,0,0,0,0,0
289.13,0.4775,8.5386,0.036317,0,0,0,0,0
289.63,0.48005,8.545,0.036507,0,0,0,0,0
290.13,0.48233,8.552,0.036923,0,0,0,0,0
290.63,0.48472,8.5579,0.037083,0,0,0,0,0
291.13,0.48664,8.5637,0.037146,0,0,0,0,0
291.63,0.48892,8.5699,0.037592,0,0,0,0,0
292.13,0.49084,8.5766,0.037944,0,0,0,0,0
292.63,0.49286,8.583,0.037817,0,0,0,0,0
293.13,0.49458,8.5897,0.038199,0,0,0,0,0
293.63,0.49677,8.5957,0.038326,0,0,0,0,0
294.13,0.49902,8.6013,0.038518,0,0,0,0,0
294.63,0.50121,8.607,0.038518,0,0,0,0,0
295.13,0.50326,8.6139,0.038646,0,0,0,0,0
295.63,0.50577,8.6206,0.038869,0,0,0,0,0
296.13,0.50849,8.6271,0.038804,0,0,0,0,0
296.63,0.51091,8.6331,0.038868,0,0,0,0,0
297.13,0.51286,8.6396,0.038964,0,0,0,0,0
297.63,0.51504,8.6454,0.039186,0,0,0,0,0
298.13,0.51716,8.6519,0.039218,0,0,0,0,0
298.63,0.51895,8.6581,0.0396,0,0,0,0,0
299.13,0.52094,8.6643,0.039664,0,0,0,0,0
299.63,0.52299,8.6694,0.03995,0,0,0,0,0
300.13,0.52527,8.6754,0.040141,0,0,0,0,0
300.63,0.52746,8.6821,0.040554,0,0,0,0,0
301.13,0.52958,8.689,0.040746,0,0,0,0,0
301.63,0.53213,8.695,0.041223,0,0,0,0,0
302.13,0.53478,8.701,0.041572,0,0,0,0,0
302.63,0.53709,8.7067,0.04154,0,0,0,0,0
303.13,0.53941,8.7123,0.041826,0,0,0,0,0
303.63,0.54146,8.718,0.041889,0,0,0,0,0
304.13,0.54342,8.7246,0.042048,0,0,0,0,0
304.63,0.54537,8.7309,0.042143,0,0,0,0,0
305.13,0.54746,8.7371,0.042333,0,0,0,0,0
305.63,0.54964,8.7429,0.042271,0,0,0,0,0
306.13,0.55149,8.7486,0.042269,0,0,0,0,0
306.63,0.55368,8.754,0.042524,0,0,0,0,0
307.13,0.55619,8.76,0.042556,0,0,0,0,0
307.63,0.55888,8.7657,0.04262,0,0,0,0,0
308.13,0.56149,8.7716,0.042968,0,0,0,0,0
308.63,0.56398,8.7771,0.04319,0,0,0,0,0
309.13,0.56613,8.7829,0.04338,0,0,0,0,0
309.63,0.56841,8.7884,0.043539,0,0,0,0,0
310.13,0.57027,8.7946,0.043888,0,0,0,0,0
310.63,0.57212,8.8004,0.044078,0,0,0,0,0
311.13,0.5746,8.8063,0.044269,0,0,0,0,0
311.63,0.57662,8.8117,0.044711,0,0,0,0,0
312.13,0.57871,8.8173,0.044997,0,0,0,0,0
312.63,0.58122,8.8227,0.045251,0,0,0,0,0
313.13,0.58371,8.8289,0.04547,0,0,0,0,0
313.63,0.58645,8.8346,0.045534,0,0,0,0,0
314.13,0.58927,8.8404,0.045725,0,0,0,0,0
314.63,0.59149,8.8459,0.045819,0,0,0,0,0
315.13,0.59394,8.8516,0.04604,0,0,0,0,0
315.63,0.59615,8.8567,0.045945,0,0,0,0,0
316.13,0.59827,8.8623,0.045977,0,0,0,0,0
316.63,0.60039,8.8677,0.04623,0,0,0,0,0
317.13,0.60261,8.8733,0.046198,0,0,0,0,0
317.63,0.60463,8.8781,0.046293,0,0,0,0,0
318.13,0.60701,8.8834,0.046577,0,0,0,0,0
318.63,0.60946,8.8891,0.046768,0,0,0,0,0
319.13,0.61221,8.8953,0.047178,0,0,0,0,0
319.63,0.61476,8.9007,0.047274,0,0,0,0,0
320.13,0.61724,8.906,0.047557,0,0,0,0,0
320.63,0.61979,8.9107,0.047715,0,0,0,0,0
321.13,0.62204,8.9156,0.048125,0,0,0,0,0
321.63,0.62443,8.9207,0.048378,0,0,0,0,0
322.13,0.62655,8.9266,0.048567,0,0,0,0,0
322.63,0.62867,8.9319,0.048883,0,0,0,0,0
323.13,0.63098,8.9371,0.049071,0,0,0,0,0
323.63,0.63313,8.9421,0.049323,0,0,0,0,0
324.13,0.63565,8.9476,0.049418,0,0,0,0,0
324.63,0.6379,8.9527,0.049449,0,0,0,0,0
325.13,0.64045,8.9583,0.04967,0,0,0,0,0
325.63,0.64303,8.9634,0.049701,0,0,0,0,0
326.13,0.64562,8.9686,0.050047,0,0,0,0,0
326.63,0.64826,8.9731,0.050048,0,0,0,0,0
327.13,0.65051,8.9781,0.050237,0,0,0,0,0
327.63,0.65283,8.9834,0.0503,0,0,0,0,0
328.13,0.65498,8.989,0.050584,0,0,0,0,0
328.63,0.65717,8.994,0.050615,0,0,0,0,0
329.13,0.65936,8.9993,0.050961,0,0,0,0,0
329.63,0.66167,9.0041,0.051245,0,0,0,0,0
330.13,0.66416,9.0089,0.051527,0,0,0,0,0
330.63,0.66651,9.0137,0.051684,0,0,0,0,0
331.13,0.66942,9.0193,0.051968,0,0,0,0,0
331.63,0.67193,9.0244,0.052282,0,0,0,0,0
332.13,0.67458,9.0299,0.052564,0,0,0,0,0
332.63,0.6769,9.0349,0.05291,0,0,0,0,0
333.13,0.67912,9.0399,0.053129,0,0,0,0,0
333.63,0.68124,9.0444,0.053192,0,0,0,0,0
334.13,0.68356,9.0493,0.053348,0,0,0,0,0
334.63,0.68558,9.054,0.053443,0,0,0,0,0
335.13,0.68773,9.0593,0.053726,0,0,0,0,0
335.63,0.68995,9.0641,0.054008,0,0,0,0,0
336.13,0.69269,9.0689,0.054165,0,0,0,0,0
336.63,0.69537,9.0737,0.05429,0,0,0,0,0
337.13,0.69819,9.079,0.054509,0,0,0,0,0
337.63,0.70061,9.0837,0.054762,0,0,0,0,0
338.13,0.70302,9.0886,0.055012,0,0,0,0,0
338.63,0.70557,9.0931,0.055105,0,0,0,0,0
339.13,0.70769,9.0976,0.055294,0,0,0,0,0
339.63,0.70981,9.102,0.055355,0,0,0,0,0
340.13,0.71203,9.1076,0.055637,0,0,0,0,0
340.63,0.71421,9.1129,0.055764,0,0,0,0,0
341.13,0.7167,9.1181,0.05595,0,0,0,0,0
341.63,0.71911,9.1226,0.056326,0,0,0,0,0
342.13,0.72166,9.1271,0.056482,0,0,0,0,0
342.63,0.72441,9.1314,0.056607,0,0,0,0,0
343.13,0.72732,9.1363,0.057046,0,0,0,0,0
343.63,0.72994,9.1407,0.05717,0,0,0,0,0
344.13,0.73242,9.1453,0.057233,0,0,0,0,0
344.63,0.73447,9.1494,0.057484,0,0,0,0,0
345.13,0.73699,9.1541,0.057765,0,0,0,0,0
345.63,0.73904,9.1591,0.058046,0,0,0,0,0
346.13,0.74129,9.1646,0.058234,0,0,0,0,0
346.63,0.74378,9.1694,0.058765,0,0,0,0,0
347.13,0.74616,9.1743,0.058827,0,0,0,0,0
347.63,0.74881,9.1784,0.059139,0,0,0,0,0
348.13,0.75159,9.1826,0.059295,0,0,0,0,0
348.63,0.7545,9.1867,0.059608,0,0,0,0,0
349.13,0.75705,9.1916,0.059794,0,0,0,0,0
349.63,0.7595,9.1961,0.060012,0,0,0,0,0
350.13,0.76232,9.2009,0.060043,0,0,0,0,0
350.63,0.76463,9.2051,0.060168,0,0,0,0,0
351.13,0.76675,9.2096,0.060604,0,0,0,0,0
351.63,0.76917,9.2137,0.06051,0,0,0,0,0
352.13,0.77136,9.2183,0.06076,0,0,0,0,0
352.63,0.77384,9.2224,0.060883,0,0,0,0,0
353.13,0.77649,9.2269,0.061197,0,0,0,0,0
353.63,0.77894,9.2311,0.061601,0,0,0,0,0
354.13,0.78195,9.2356,0.061725,0,0,0,0,0
354.63,0.7847,9.2397,0.062036,0,0,0,0,0
355.13,0.78741,9.244,0.062504,0,0,0,0,0
355.63,0.79006,9.2483,0.062534,0,0,0,0,0
356.13,0.79258,9.253,0.06297,0,0,0,0,0
356.63,0.79466,9.2574,0.063343,0,0,0,0,0
357.13,0.79698,9.2616,0.063344,0,0,0,0,0
357.63,0.7992,9.2657,0.06353,0,0,0,0,0
358.13,0.80185,9.2703,0.063996,0,0,0,0,0
358.63,0.80446,9.2744,0.064151,0,0,0,0,0
359.13,0.80698,9.2786,0.064336,0,0,0,0,0
359.63,0.80999,9.2824,0.064585,0,0,0,0,0
360.13,0.81307,9.2866,0.064709,0,0,0,0,0
360.63,0.81579,9.2904,0.06477,0,0,0,0,0
361.13,0.81814,9.2946,0.064832,0,0,0,0,0
361.63,0.82072,9.2987,0.065111,0,0,0,0,0
362.13,0.8231,9.3033,0.065236,0,0,0,0,0
362.63,0.82522,9.3074,0.065514,0,0,0,0,0
363.13,0.82784,9.3116,0.065671,0,0,0,0,0
363.63,0.83029,9.3154,0.066011,0,0,0,0,0
364.13,0.8328,9.3196,0.06626,0,0,0,0,0
364.63,0.83552,9.3237,0.066507,0,0,0,0,0
365.13,0.83797,9.328,0.066662,0,0,0,0,0
365.63,0.84105,9.3317,0.067033,0,0,0,0,0
366.13,0.84389,9.3353,0.067343,0,0,0,0,0
366.63,0.84661,9.3393,0.067746,0,0,0,0,0
367.13,0.84903,9.3437,0.068056,0,0,0,0,0
367.63,0.85128,9.3477,0.068301,0,0,0,0,0
368.13,0.85359,9.3516,0.068363,0,0,0,0,0
368.63,0.85611,9.3551,0.068673,0,0,0,0,0
369.13,0.8582,9.3589,0.068826,0,0,0,0,0
369.63,0.86068,9.3624,0.069322,0,0,0,0,0
370.13,0.86363,9.3669,0.069353,0,0,0,0,0
370.63,0.86624,9.3709,0.069476,0,0,0,0,0
371.13,0.86909,9.3749,0.069785,0,0,0,0,0
371.63,0.87207,9.3784,0.070001,0,0,0,0,0
372.13,0.87472,9.3826,0.070062,0,0,0,0,0
372.63,0.8773,9.3864,0.070279,0,0,0,0,0
373.13,0.87975,9.3906,0.07031,0,0,0,0,0
373.63,0.88203,9.3944,0.070742,0,0,0,0,0
374.13,0.88455,9.3986,0.070989,0,0,0,0,0
374.63,0.88647,9.4021,0.07142,0,0,0,0,0
375.13,0.88925,9.4059,0.071697,0,0,0,0,0
375.63,0.89197,9.4094,0.072005,0,0,0,0,0
376.13,0.89481,9.4136,0.072036,0,0,0,0,0
376.63,0.8972,9.4171,0.072375,0,0,0,0,0
377.13,0.90047,9.4209,0.072867,0,0,0,0,0
377.63,0.90302,9.4244,0.072836,0,0,0,0,0
378.13,0.90577,9.4283,0.073329,0,0,0,0,0
378.63,0.90826,9.4317,0.073576,0,0,0,0,0
379.13,0.91044,9.4356,0.073914,0,0,0,0,0
379.63,0.91302,9.4391,0.074006,0,0,0,0,0
380.13,0.91507,9.4423,0.074314,0,0,0,0,0
380.63,0.91782,9.4456,0.074528,0,0,0,0,0
381.13,0.92034,9.4494,0.074591,0,0,0,0,0
381.63,0.92282,9.4536,0.074897,0,0,0,0,0
382.13,0.92563,9.4571,0.075205,0,0,0,0,0
382.63,0.92881,9.4606,0.075451,0,0,0,0,0
383.13,0.93159,9.4637,0.075758,0,0,0,0,0
383.63,0.93411,9.4676,0.075973,0,0,0,0,0
384.13,0.93663,9.4714,0.075941,0,0,0,0,0
384.63,0.93921,9.475,0.07634,0,0,0,0,0
385.13,0.94143,9.478,0.076678,0,0,0,0,0
385.63,0.94391,9.4813,0.077045,0,0,0,0,0
386.13,0.9462,9.4847,0.07732,0,0,0,0,0
386.63,0.94917,9.4883,0.077442,0,0,0,0,0
387.13,0.95176,9.4917,0.077749,0,0,0,0,0
387.63,0.95467,9.4953,0.078118,0,0,0,0,0
388.13,0.95748,9.4987,0.078362,0,0,0,0,0
388.63,0.9602,9.5023,0.078575,0,0,0,0,0
389.13,0.96301,9.5057,0.078974,0,0,0,0,0
389.63,0.96566,9.5093,0.079005,0,0,0,0,0
390.13,0.96811,9.5127,0.079494,0,0,0,0,0
390.63,0.97053,9.5163,0.079617,0,0,0,0,0
391.13,0.97285,9.5194,0.079893,0,0,0,0,0
391.63,0.97563,9.5226,0.080198,0,0,0,0,0
392.13,0.97828,9.5257,0.080533,0,0,0,0,0
392.63,0.98086,9.5293,0.080716,0,0,0,0,0
393.13,0.9838,9.5327,0.0809,0,0,0,0,0
393.63,0.98702,9.5363,0.081297,0,0,0,0,0
394.13,0.98983,9.5397,0.081601,0,0,0,0,0
394.63,0.99251,9.543,0.081816,0,0,0,0,0
395.13,0.99523,9.546,0.081998,0,0,0,0,0
395.63,0.99754,9.549,0.08209,0,0,0,0,0
396.13,0.99989,9.552,0.082639,0,0,0,0,0
396.63,1.0024,9.5553,0.082791,0,0,0,0,0
397.13,1.0049,9.5584,0.083187,0,0,0,0,0
397.63,1.0075,9.5616,0.0834,0,0,0,0,0
398.13,1.0104,9.5647,0.083675,0,0,0,0,0
398.63,1.0135,9.5683,0.083949,0,0,0,0,0
399.13,1.0164,9.5714,0.084162,0,0,0,0,0
399.63,1.0192,9.5749,0.084465,0,0,0,0,0
400.13,1.0221,9.5781,0.084923,0,0,0,0,0
400.63,1.025,9.5816,0.085074,0,0,0,0,0
401.13,1.0274,9.5844,0.085379,0,0,0,0,0
401.63,1.0298,9.5876,0.085622,0,0,0,0,0
402.13,1.0325,9.5904,0.085865,0,0,0,0,0
402.63,1.0352,9.5936,0.085956,0,0,0,0,0
403.13,1.0377,9.5964,0.086291,0,0,0,0,0
403.63,1.0404,9.5996,0.086502,0,0,0,0,0
404.13,1.0436,9.6024,0.086715,0,0,0,0,0
404.63,1.0466,9.6056,0.087109,0,0,0,0,0
405.13,1.0497,9.6087,0.087413,0,0,0,0,0
405.63,1.0523,9.612,0.087535,0,0,0,0,0
406.13,1.0551,9.615,0.087898,0,0,0,0,0
406.63,1.0577,9.618,0.088323,0,0,0,0,0
407.13,1.0601,9.621,0.088383,0,0,0,0,0
407.63,1.0628,9.6243,0.088838,0,0,0,0,0
408.13,1.0651,9.6274,0.089202,0,0,0,0,0
408.63,1.0679,9.6306,0.089534,0,0,0,0,0
409.13,1.0709,9.6331,0.089656,0,0,0,0,0
409.63,1.0741,9.6359,0.089778,0,0,0,0,0
410.13,1.0771,9.6384,0.090048,0,0,0,0,0
410.63,1.08,9.6416,0.090382,0,0,0,0,0
411.13,1.0828,9.6447,0.090533,0,0,0,0,0
411.63,1.0857,9.6477,0.091077,0,0,0,0,0
412.13,1.0881,9.6503,0.091198,0,0,0,0,0
412.63,1.0907,9.653,0.091469,0,0,0,0,0
413.13,1.0932,9.6557,0.091741,0,0,0,0,0
413.63,1.0959,9.6586,0.092194,0,0,0,0,0
414.13,1.0985,9.6614,0.092375,0,0,0,0,0
414.63,1.1015,9.6643,0.092678,0,0,0,0,0
415.13,1.1047,9.667,0.092799,0,0,0,0,0
415.63,1.1077,9.67,0.09328,0,0,0,0,0
416.13,1.1106,9.673,0.093642,0,0,0,0,0
416.63,1.1134,9.6757,0.093794,0,0,0,0,0
417.13,1.1162,9.6786,0.094095,0,0,0,0,0
417.63,1.1191,9.6814,0.094606,0,0,0,0,0
418.13,1.1217,9.684,0.094878,0,0,0,0,0
418.63,1.1243,9.6866,0.095179,0,0,0,0,0
419.13,1.1266,9.6894,0.09545,0,0,0,0,0
419.63,1.1293,9.6926,0.09551,0,0,0,0,0
420.13,1.1326,9.6954,0.0959,0,0,0,0,0
420.63,1.1356,9.6983,0.096262,0,0,0,0,0
421.13,1.1386,9.701,0.096653,0,0,0,0,0
421.63,1.1416,9.7037,0.096773,0,0,0,0,0
422.13,1.1446,9.7063,0.097374,0,0,0,0,0
422.63,1.1473,9.7084,0.097492,0,0,0,0,0
423.13,1.1497,9.7109,0.097644,0,0,0,0,0
423.63,1.1522,9.7131,0.098004,0,0,0,0,0
424.13,1.1551,9.7159,0.098243,0,0,0,0,0
424.63,1.1575,9.7184,0.098575,0,0,0,0,0
425.13,1.1606,9.7213,0.098994,0,0,0,0,0
425.63,1.1637,9.7237,0.099144,0,0,0,0,0
426.13,1.1663,9.7263,0.099504,0,0,0,0,0
426.63,1.1695,9.7287,0.099774,0,0,0,0,0
427.13,1.1725,9.7313,0.10028,0,0,0,0,0
427.63,1.1755,9.7337,0.10049,0,0,0,0,0
428.13,1.1778,9.7363,0.10085,0,0,0,0,0
428.63,1.1806,9.7387,0.10124,0,0,0,0,0
429.13,1.1833,9.7413,0.10163,0,0,0,0,0
429.63,1.186,9.7437,0.10193,0,0,0,0,0
430.13,1.1886,9.7463,0.10229,0,0,0,0,0
430.63,1.1914,9.7487,0.10247,0,0,0,0,0
431.13,1.1945,9.7513,0.10283,0,0,0,0,0
431.63,1.1975,9.7537,0.10303,0,0,0,0,0
432.13,1.2006,9.7563,0.10336,0,0,0,0,0
432.63,1.2035,9.7584,0.10387,0,0,0,0,0
433.13,1.2063,9.7609,0.10399,0,0,0,0,0
433.63,1.2093,9.7634,0.10423,0,0,0,0,0
434.13,1.2113,9.766,0.10453,0,0,0,0,0
434.63,1.2145,9.768,0.10468,0,0,0,0,0
435.13,1.217,9.7703,0.10515,0,0,0,0,0
435.63,1.2197,9.7727,0.10548,0,0,0,0,0
436.13,1.2226,9.775,0.10572,0,0,0,0,0
436.63,1.2256,9.7773,0.10602,0,0,0,0,0
437.13,1.2289,9.7797,0.10646,0,0,0,0,0
437.63,1.2317,9.782,0.10679,0,0,0,0,0
438.13,1.2348,9.784,0.10715,0,0,0,0,0
438.63,1.2373,9.786,0.10756,0,0,0,0,0
439.13,1.2402,9.7883,0.10789,0,0,0,0,0
439.63,1.2426,9.7907,0.10822,0,0,0,0,0
440.13,1.2454,9.7933,0.10852,0,0,0,0,0
440.63,1.2478,9.7954,0.1089,0,0,0,0,0
441.13,1.2509,9.7976,0.10932,0,0,0,0,0
441.63,1.2538,9.7997,0.10958,0,0,0,0,0
442.13,1.2567,9.8023,0.10988,0,0,0,0,0
442.63,1.2595,9.8044,0.11018,0,0,0,0,0
443.13,1.2628,9.8063,0.11071,0,0,0,0,0
443.63,1.2658,9.808,0.1108,0,0,0,0,0
444.13,1.2689,9.8103,0.11104,0,0,0,0,0
444.63,1.2715,9.8127,0.11124,0,0,0,0,0
445.13,1.2741,9.815,0.11172,0,0,0,0,0
445.63,1.2765,9.817,0.1121,0,0,0,0,0
446.13,1.2792,9.8193,0.11225,0,0,0,0,0
446.63,1.2821,9.8214,0.11275,0,0,0,0,0
447.13,1.2851,9.8236,0.11302,0,0,0,0,0
447.63,1.2885,9.8257,0.11346,0,0,0,0,0
448.13,1.2914,9.828,0.11394,0,0,0,0,0
448.63,1.2945,9.83,0.11426,0,0,0,0,0
449.13,1.2978,9.832,0.11447,0,0,0,0,0
449.63,1.3003,9.8337,0.11479,0,0,0,0,0
450.13,1.3029,9.8356,0.11544,0,0,0,0,0
450.63,1.3056,9.8377,0.11568,0,0,0,0,0
451.13,1.3082,9.84,0.116,0,0,0,0,0
451.63,1.3113,9.842,0.11633,0,0,0,0,0
452.13,1.314,9.844,0.11665,0,0,0,0,0
452.63,1.3173,9.846,0.11706,0,0,0,0,0
453.13,1.3203,9.8483,0.11727,0,0,0,0,0
453.63,1.3236,9.8504,0.11768,0,0,0,0,0
454.13,1.3265,9.8523,0.11792,0,0,0,0,0
454.63,1.3295,9.854,0.11815,0,0,0,0,0
455.13,1.3321,9.856,0.11871,0,0,0,0,0
455.63,1.3348,9.858,0.11912,0,0,0,0,0
456.13,1.3376,9.8597,0.11944,0,0,0,0,0
456.63,1.3401,9.8613,0.11977,0,0,0,0,0
457.13,1.3432,9.8627,0.12021,0,0,0,0,0
457.63,1.346,9.8646,0.12053,0,0,0,0,0
458.13,1.3494,9.8667,0.12094,0,0,0,0,0
458.63,1.3523,9.869,0.12088,0,0,0,0,0
459.13,1.3555,9.871,0.1215,0,0,0,0,0
459.63,1.3589,9.873,0.12176,0,0,0,0,0
460.13,1.3615,9.8747,0.12226,0,0,0,0,0
460.63,1.3642,9.8763,0.12238,0,0,0,0,0
461.13,1.3672,9.878,0.12276,0,0,0,0,0
461.63,1.3698,9.88,0.1232,0,0,0,0,0
462.13,1.3724,9.8817,0.1234,0,0,0,0,0
462.63,1.3755,9.8833,0.12393,0,0,0,0,0
463.13,1.3787,9.885,0.1244,0,0,0,0,0
463.63,1.3815,9.887,0.12463,0,0,0,0,0
464.13,1.3849,9.8887,0.12487,0,0,0,0,0
464.63,1.3883,9.8906,0.12527,0,0,0,0,0
465.13,1.3913,9.8924,0.12577,0,0,0,0,0
465.63,1.3939,9.8943,0.12618,0,0,0,0,0
466.13,1.3968,9.896,0.12624,0,0,0,0,0
466.63,1.3994,9.8977,0.12691,0,0,0,0,0
467.13,1.4023,9.8993,0.12729,0,0,0,0,0
467.63,1.4049,9.9007,0.1277,0,0,0,0,0
468.13,1.4081,9.9023,0.1281,0,0,0,0,0
468.63,1.4112,9.904,0.12825,0,0,0,0,0
469.13,1.4146,9.9057,0.12877,0,0,0,0,0
469.63,1.4178,9.9073,0.12915,0,0,0,0,0
470.13,1.4211,9.9087,0.12953,0,0,0,0,0
470.63,1.4237,9.91,0.12999,0,0,0,0,0
471.13,1.4264,9.9113,0.13031,0,0,0,0,0
471.63,1.4293,9.913,0.13072,0,0,0,0,0
472.13,1.4322,9.915,0.13104,0,0,0,0,0
472.63,1.4349,9.9167,0.13153,0,0,0,0,0
473.13,1.4381,9.918,0.13185,0,0,0,0,0
473.63,1.4409,9.919,0.1322,0,0,0,0,0
474.13,1.4443,9.9203,0.13264,0,0,0,0,0
474.63,1.4474,9.922,0.13299,0,0,0,0,0
475.13,1.4508,9.924,0.13322,0,0,0,0,0
475.63,1.4539,9.9257,0.13359,0,0,0,0,0
476.13,1.4563,9.9273,0.13391,0,0,0,0,0
476.63,1.4594,9.9287,0.13443,0,0,0,0,0
477.13,1.4621,9.9303,0.13464,0,0,0,0,0
477.63,1.465,9.9317,0.13524,0,0,0,0,0
478.13,1.4679,9.9333,0.13556,0,0,0,0,0
478.63,1.4709,9.9347,0.13608,0,0,0,0,0
479.13,1.4739,9.936,0.13623,0,0,0,0,0
479.63,1.4773,9.9373,0.1368,0,0,0,0,0
480.13,1.4806,9.9387,0.13726,0,0,0,0,0
480.63,1.4839,9.94,0.13755,0,0,0,0,0
481.13,1.4866,9.9413,0.13787,0,0,0,0,0
481.63,1.4897,9.9427,0.13827,0,0,0,0,0
482.13,1.4924,9.9443,0.13894,0,0,0,0,0
482.63,1.4951,9.9457,0.13931,0,0,0,0,0
483.13,1.4979,9.9473,0.13977,0,0,0,0,0
483.63,1.501,9.9487,0.14009,0,0,0,0,0
484.13,1.5041,9.95,0.14052,0,0,0,0,0
484.63,1.5073,9.9513,0.14098,0,0,0,0,0
485.13,1.5108,9.9527,0.14138,0,0,0,0,0
485.63,1.514,9.9543,0.14184,0,0,0,0,0
486.13,1.5168,9.9554,0.14213,0,0,0,0,0
486.63,1.52,9.9566,0.14245,0,0,0,0,0
487.13,1.5231,9.9577,0.14319,0,0,0,0,0
487.63,1.5257,9.9593,0.14342,0,0,0,0,0
488.13,1.5285,9.9607,0.14385,0,0,0,0,0
488.63,1.5313,9.962,0.144,0,0,0,0,0
489.13,1.5344,9.963,0.14457,0,0,0,0,0
489.63,1.5379,9.964,0.14511,0,0,0,0,0
490.13,1.541,9.9653,0.14534,0,0,0,0,0
490.62,1.5447,9.9667,0.14603,0,0,0,0,0
491.13,1.5478,9.968,0.14657,0,0,0,0,0
491.63,1.5507,9.969,0.14666,0,0,0,0,0
492.13,1.5537,9.97,0.14729,0,0,0,0,0
492.63,1.5563,9.971,0.14757,0,0,0,0,0
493.13,1.5592,9.9723,0.14826,0,0,0,0,0
493.63,1.5622,9.9737,0.14866,0,0,0,0,0
494.13,1.5651,9.975,0.14886,0,0,0,0,0
494.63,1.5685,9.976,0.14934,0,0,0,0,0
495.13,1.5718,9.977,0.14974,0,0,0,0,0
495.62,1.5751,9.978,0.15042,0,0,0,0,0
496.13,1.5783,9.9793,0.15074,0,0,0,0,0
496.62,1.5817,9.9804,0.15108,0,0,0,0,0
497.12,1.5843,9.9813,0.15137,0,0,0,0,0
497.63,1.5874,9.982,0.15208,0,0,0,0,0
498.12,1.59,9.983,0.15239,0,0,0,0,0
498.63,1.5931,9.984,0.15299,0,0,0,0,0
499.13,1.5959,9.985,0.15338,0,0,0,0,0
499.63,1.5992,9.986,0.15384,0,0,0,0,0
500.13,1.6025,9.987,0.15426,0,0,0,0,0
500.63,1.6058,9.988,0.1548,0,0,0,0,0
501.13,1.609,9.989,0.15529,0,0,0,0,0
501.63,1.6125,9.99,0.15582,0,0,0,0,0
502.13,1.6153,9.991,0.15616,0,0,0,0,0
502.62,1.6184,9.992,0.15662,0,0,0,0,0
503.13,1.6212,9.993,0.1571,0,0,0,0,0
503.63,1.6242,9.994,0.15758,0,0,0,0,0
504.13,1.627,9.995,0.15797,0,0,0,0,0
504.62,1.63,9.996,0.15831,0,0,0,0,0
505.13,1.6331,9.997,0.15902,0,0,0,0,0
505.62,1.6368,9.9977,0.15947,0,0,0,0,0
506.12,1.6401,9.9983,0.15973,0,0,0,0,0
506.62,1.6433,9.999,0.1604,0,0,0,0,0
507.13,1.6464,10,0.16074,0,0,0,0,0
507.62,1.6494,10.001,0.16139,0,0,0,0,0
508.13,1.6522,10.002,0.16187,0,0,0,0,0
508.62,1.6549,10.002,0.1624,0,0,0,0,0
509.12,1.6581,10.003,0.16283,0,0,0,0,0
509.63,1.661,10.004,0.16344,0,0,0,0,0
510.13,1.6645,10.005,0.16381,0,0,0,0,0
510.63,1.6675,10.006,0.16426,0,0,0,0,0
511.13,1.6711,10.007,0.16493,0,0,0,0,0
511.63,1.6742,10.007,0.16518,0,0,0,0,0
512.13,1.6774,10.008,0.16575,0,0,0,0,0
512.62,1.6806,10.009,0.16639,0,0,0,0,0
513.12,1.6835,10.01,0.16678,0,0,0,0,0
513.62,1.6864,10.011,0.16701,0,0,0,0,0
514.12,1.6893,10.011,0.16754,0,0,0,0,0
514.62,1.6921,10.011,0.16793,0,0,0,0,0
515.12,1.6953,10.012,0.16863,0,0,0,0,0
515.62,1.6985,10.013,0.16899,0,0,0,0,0
516.12,1.7019,10.013,0.16964,0,0,0,0,0
516.62,1.7054,10.014,0.17022,0,0,0,0,0
517.13,1.7087,10.014,0.17081,0,0,0,0,0
517.62,1.7117,10.015,0.1714,0,0,0,0,0
518.12,1.7147,10.016,0.1719,0,0,0,0,0
518.62,1.7176,10.017,0.1724,0,0,0,0,0
519.12,1.7204,10.017,0.17287,0,0,0,0,0
519.62,1.7234,10.018,0.17335,0,0,0,0,0
520.12,1.7268,10.019,0.17388,0,0,0,0,0
520.62,1.7299,10.019,0.17424,0,0,0,0,0
521.13,1.7332,10.02,0.17482,0,0,0,0,0
521.62,1.7367,10.02,0.17529,0,0,0,0,0
522.12,1.7399,10.021,0.17568,0,0,0,0,0
522.62,1.7431,10.022,0.17632,0,0,0,0,0
523.12,1.7463,10.022,0.17663,0,0,0,0,0
523.62,1.749,10.023,0.17732,0,0,0,0,0
524.12,1.7521,10.023,0.17768,0,0,0,0,0
524.62,1.7551,10.024,0.17829,0,0,0,0,0
525.12,1.7581,10.024,0.17882,0,0,0,0,0
525.62,1.7614,10.024,0.17937,0,0,0,0,0
526.12,1.7648,10.025,0.18003,0,0,0,0,0
526.63,1.7683,10.025,0.18042,0,0,0,0,0
527.12,1.7718,10.026,0.18092,0,0,0,0,0
527.62,1.7747,10.026,0.18169,0,0,0,0,0
528.12,1.7779,10.027,0.18221,0,0,0,0,0
528.62,1.7809,10.027,0.1828,0,0,0,0,0
529.12,1.7837,10.028,0.18321,0,0,0,0,0
529.62,1.7869,10.028,0.18384,0,0,0,0,0
530.12,1.7898,10.028,0.18442,0,0,0,0,0
530.63,1.7931,10.029,0.18494,0,0,0,0,0
531.12,1.7965,10.029,0.18539,0,0,0,0,0
531.62,1.7998,10.03,0.18594,0,0,0,0,0
532.12,1.8033,10.03,0.18651,0,0,0,0,0
532.62,1.8068,10.03,0.18728,0,0,0,0,0
533.12,1.8098,10.03,0.1878,0,0,0,0,0
533.62,1.8128,10.031,0.18827,0,0,0,0,0
534.12,1.8159,10.032,0.1889,0,0,0,0,0
534.63,1.8188,10.032,0.18945,0,0,0,0,0
535.12,1.8218,10.032,0.18994,0,0,0,0,0
535.62,1.8251,10.032,0.19054,0,0,0,0,0
536.12,1.8289,10.033,0.19098,0,0,0,0,0
536.62,1.8324,10.033,0.19164,0,0,0,0,0
537.12,1.8359,10.033,0.1921,0,0,0,0,0
537.62,1.8391,10.034,0.19276,0,0,0,0,0
538.12,1.8424,10.033,0.19333,0,0,0,0,0
538.62,1.8453,10.034,0.1939,0,0,0,0,0
539.12,1.8482,10.034,0.19437,0,0,0,0,0
539.62,1.8515,10.034,0.19507,0,0,0,0,0
540.12,1.8546,10.034,0.19546,0,0,0,0,0
540.62,1.8578,10.034,0.19605,0,0,0,0,0
541.12,1.8612,10.034,0.19665,0,0,0,0,0
541.62,1.8649,10.035,0.19739,0,0,0,0,0
542.12,1.8685,10.034,0.19804,0,0,0,0,0
542.63,1.8717,10.034,0.19864,0,0,0,0,0
543.12,1.8747,10.034,0.19929,0,0,0,0,0
543.63,1.8778,10.034,0.20005,0,0,0,0,0
544.12,1.8807,10.034,0.20078,0,0,0,0,0
544.62,1.8839,10.035,0.2011,0,0,0,0,0
545.12,1.887,10.035,0.20202,0,0,0,0,0
545.62,1.8903,10.036,0.20267,0,0,0,0,0
546.12,1.8939,10.036,0.2034,0,0,0,0,0
546.62,1.8974,10.035,0.20384,0,0,0,0,0
547.12,1.9008,10.035,0.20451,0,0,0,0,0
547.62,1.9043,10.035,0.20518,0,0,0,0,0
548.12,1.9073,10.035,0.20602,0,0,0,0,0
548.62,1.9106,10.035,0.20648,0,0,0,0,0
549.12,1.9135,10.034,0.20718,0,0,0,0,0
549.63,1.9165,10.034,0.20771,0,0,0,0,0
550.12,1.9197,10.034,0.2082,0,0,0,0,0
550.63,1.9232,10.034,0.20876,0,0,0,0,0
551.12,1.9265,10.034,0.20933,0,0,0,0,0
551.62,1.9302,10.034,0.20984,0,0,0,0,0
552.12,1.9336,10.033,0.21059,0,0,0,0,0
552.62,1.9371,10.033,0.21129,0,0,0,0,0
553.12,1.9402,10.034,0.2119,0,0,0,0,0
553.62,1.9434,10.034,0.21271,0,0,0,0,0
554.12,1.9462,10.033,0.21345,0,0,0,0,0
554.62,1.9493,10.033,0.21399,0,0,0,0,0
555.12,1.9525,10.033,0.2146,0,0,0,0,0
555.62,1.9559,10.033,0.21527,0,0,0,0,0
556.12,1.9595,10.033,0.21618,0,0,0,0,0
556.63,1.9631,10.032,0.21663,0,0,0,0,0
557.12,1.9664,10.032,0.21733,0,0,0,0,0
557.62,1.9702,10.031,0.21783,0,0,0,0,0
558.12,1.973,10.031,0.21847,0,0,0,0,0
558.62,1.9765,10.031,0.21927,0,0,0,0,0
559.12,1.9791,10.03,0.21977,0,0,0,0,0
559.62,1.9824,10.03,0.22049,0,0,0,0,0
560.12,1.9855,10.029,0.22118,0,0,0,0,0
560.62,1.9888,10.029,0.22145,0,0,0,0,0
561.13,1.9924,10.029,0.22237,0,0,0,0,0
561.62,1.996,10.029,0.22327,0,0,0,0,0
562.12,1.9996,10.029,0.22359,0,0,0,0,0
562.62,2.003,10.028,0.22452,0,0,0,0,0
563.12,2.0062,10.027,0.22521,0,0,0,0,0
563.62,2.0092,10.027,0.22568,0,0,0,0,0
564.12,2.0123,10.027,0.22653,0,0,0,0,0
564.62,2.0152,10.026,0.22716,0,0,0,0,0
565.12,2.0188,10.026,0.228,0,0,0,0,0
565.63,2.0221,10.025,0.22853,0,0,0,0,0
566.12,2.0257,10.025,0.22942,0,0,0,0,0
566.62,2.0288,10.024,0.23029,0,0,0,0,0
567.12,2.033,10.024,0.23087,0,0,0,0,0
567.62,2.0362,10.023,0.23166,0,0,0,0,0
568.12,2.0393,10.022,0.23234,0,0,0,0,0
568.62,2.0424,10.022,0.2331,0,0,0,0,0
569.12,2.0456,10.022,0.2341,0,0,0,0,0
569.62,2.0486,10.021,0.23475,0,0,0,0,0
570.12,2.0509,10.02,0.23541,0,0,0,0,0
570.62,2.0551,10.02,0.23624,0,0,0,0,0
571.12,2.0588,10.019,0.23669,0,0,0,0,0
571.62,2.0625,10.019,0.23747,0,0,0,0,0
572.12,2.0659,10.018,0.23805,0,0,0,0,0
572.62,2.0693,10.017,0.23891,0,0,0,0,0
573.12,2.0726,10.016,0.23948,0,0,0,0,0
573.62,2.0759,10.015,0.23998,0,0,0,0,0
574.12,2.0788,10.014,0.24078,0,0,0,0,0
574.62,2.0819,10.014,0.24148,0,0,0,0,0
575.12,2.0853,10.013,0.24242,0,0,0,0,0
575.63,2.0885,10.012,0.2431,0,0,0,0,0
576.12,2.0923,10.012,0.24395,0,0,0,0,0
576.62,2.0958,10.011,0.24468,0,0,0,0,0
577.12,2.0995,10.01,0.24553,0,0,0,0,0
577.62,2.1031,10.01,0.24652,0,0,0,0,0
578.12,2.1063,10.009,0.24711,0,0,0,0,0
578.62,2.1092,10.008,0.24802,0,0,0,0,0
579.12,2.1124,10.007,0.24877,0,0,0,0,0
579.62,2.1154,10.006,0.24957,0,0,0,0,0
580.12,2.1187,10.005,0.25039,0,0,0,0,0
580.62,2.1221,10.004,0.25145,0,0,0,0,0
581.12,2.1261,10.003,0.25217,0,0,0,0,0
581.62,2.1296,10.002,0.25291,0,0,0,0,0
582.12,2.1333,10.001,0.25391,0,0,0,0,0
582.63,2.1364,10,0.25486,0,0,0,0,0
583.12,2.1401,9.999,0.25569,0,0,0,0,0
583.62,2.1431,9.998,0.25651,0,0,0,0,0
584.12,2.1462,9.997,0.25717,0,0,0,0,0
584.62,2.1492,9.996,0.25809,0,0,0,0,0
585.12,2.1526,9.995,0.25881,0,0,0,0,0
585.62,2.1558,9.9937,0.25965,0,0,0,0,0
586.12,2.1596,9.9923,0.26026,0,0,0,0,0
586.62,2.1631,9.991,0.26108,0,0,0,0,0
587.12,2.1668,9.99,0.26179,0,0,0,0,0
587.62,2.1702,9.989,0.26256,0,0,0,0,0
588.12,2.1735,9.9883,0.26325,0,0,0,0,0
588.62,2.1764,9.9874,0.26424,0,0,0,0,0
589.12,2.1796,9.9863,0.26482,0,0,0,0,0
589.62,2.1828,9.9847,0.26584,0,0,0,0,0
590.12,2.186,9.9836,0.26657,0,0,0,0,0
590.62,2.1897,9.9827,0.26759,0,0,0,0,0
591.12,2.1931,9.9817,0.26863,0,0,0,0,0
591.62,2.1968,9.9803,0.26936,0,0,0,0,0
592.12,2.2004,9.979,0.27042,0,0,0,0,0
592.62,2.204,9.978,0.27113,0,0,0,0,0
593.12,2.2071,9.977,0.27199,0,0,0,0,0
593.62,2.2103,9.976,0.27312,0,0,0,0,0
594.12,2.2133,9.9747,0.27398,0,0,0,0,0
594.62,2.2164,9.973,0.27491,0,0,0,0,0
595.12,2.2202,9.9713,0.27586,0,0,0,0,0
595.62,2.2233,9.9697,0.27684,0,0,0,0,0
596.12,2.227,9.9683,0.27767,0,0,0,0,0
596.62,2.2307,9.9667,0.27837,0,0,0,0,0
597.12,2.2343,9.9653,0.27933,0,0,0,0,0
597.62,2.2378,9.9637,0.28005,0,0,0,0,0
598.12,2.2409,9.9623,0.2809,0,0,0,0,0
598.62,2.2441,9.961,0.2819,0,0,0,0,0
599.12,2.2472,9.9597,0.28243,0,0,0,0,0
599.62,2.2505,9.9583,0.2835,0,0,0,0,0
600.12,2.2538,9.9567,0.28452,0,0,0,0,0
600.62,2.2572,9.9553,0.28549,0,0,0,0,0
601.12,2.2609,9.954,0.28649,0,0,0,0,0
601.62,2.2649,9.9527,0.28748,0,0,0,0,0
602.12,2.2686,9.951,0.2884,0,0,0,0,0
602.62,2.2719,9.949,0.28937,0,0,0,0,0
603.12,2.2749,9.9473,0.29051,0,0,0,0,0
603.62,2.2784,9.9457,0.29165,0,0,0,0,0
604.12,2.2815,9.9443,0.29264,0,0,0,0,0
604.62,2.2846,9.9427,0.2936,0,0,0,0,0
605.12,2.2881,9.9413,0.29431,0,0,0,0,0
605.62,2.2918,9.9397,0.29542,0,0,0,0,0
606.12,2.2958,9.9383,0.29619,0,0,0,0,0
606.62,2.2994,9.9364,0.29725,0,0,0,0,0
607.12,2.303,9.9343,0.29823,0,0,0,0,0
607.62,2.3064,9.9323,0.29926,0,0,0,0,0
608.12,2.3096,9.9304,0.30046,0,0,0,0,0
608.63,2.3126,9.9283,0.30139,0,0,0,0,0
609.12,2.316,9.9263,0.30257,0,0,0,0,0
609.62,2.3193,9.9247,0.3036,0,0,0,0,0
610.12,2.3226,9.9227,0.3047,0,0,0,0,0
610.62,2.3267,9.9206,0.30584,0,0,0,0,0
611.12,2.3305,9.9184,0.30677,0,0,0,0,0
611.62,2.3341,9.9169,0.3076,0,0,0,0,0
612.12,2.3375,9.9149,0.30881,0,0,0,0,0
612.62,2.3407,9.9126,0.30964,0,0,0,0,0
613.12,2.3437,9.91,0.31056,0,0,0,0,0
613.62,2.3472,9.9083,0.31149,0,0,0,0,0
614.12,2.3504,9.9067,0.31272,0,0,0,0,0
614.62,2.3537,9.905,0.31354,0,0,0,0,0
615.12,2.3573,9.9027,0.31442,0,0,0,0,0
615.62,2.361,9.9003,0.31546,0,0,0,0,0
616.12,2.365,9.898,0.31669,0,0,0,0,0
616.62,2.3683,9.896,0.31775,0,0,0,0,0
617.12,2.3717,9.894,0.31878,0,0,0,0,0
617.62,2.3752,9.8917,0.31991,0,0,0,0,0
618.12,2.3784,9.8893,0.32106,0,0,0,0,0
618.62,2.3814,9.887,0.32202,0,0,0,0,0
619.12,2.3845,9.8847,0.32332,0,0,0,0,0
619.62,2.388,9.8826,0.3245,0,0,0,0,0
620.12,2.3918,9.8804,0.32564,0,0,0,0,0
620.62,2.3955,9.8783,0.32677,0,0,0,0,0
621.12,2.3991,9.8757,0.32801,0,0,0,0,0
621.62,2.4027,9.8733,0.32896,0,0,0,0,0
622.12,2.4061,9.871,0.33003,0,0,0,0,0
622.62,2.4095,9.869,0.33118,0,0,0,0,0
623.12,2.4128,9.8667,0.3322,0,0,0,0,0
623.62,2.416,9.864,0.3331,0,0,0,0,0
624.12,2.4194,9.8613,0.33419,0,0,0,0,0
624.62,2.4229,9.859,0.33542,0,0,0,0,0
625.12,2.4266,9.8567,0.33661,0,0,0,0,0
625.62,2.4304,9.854,0.33781,0,0,0,0,0
626.12,2.4341,9.851,0.33918,0,0,0,0,0
626.62,2.4379,9.8483,0.34052,0,0,0,0,0
627.12,2.4412,9.8457,0.34156,0,0,0,0,0
627.62,2.4442,9.8433,0.3428,0,0,0,0,0
628.12,2.4475,9.8407,0.34393,0,0,0,0,0
628.62,2.4506,9.838,0.34487,0,0,0,0,0
629.12,2.4541,9.835,0.34599,0,0,0,0,0
629.62,2.4577,9.8323,0.34702,0,0,0,0,0
630.12,2.4612,9.8297,0.34831,0,0,0,0,0
630.62,2.465,9.8273,0.34945,0,0,0,0,0
631.12,2.4689,9.8244,0.35079,0,0,0,0,0
631.62,2.4725,9.8216,0.35214,0,0,0,0,0
632.12,2.4757,9.8184,0.3533,0,0,0,0,0
632.62,2.4789,9.8156,0.35458,0,0,0,0,0
633.12,2.482,9.8127,0.35609,0,0,0,0,0
633.62,2.4855,9.81,0.35715,0,0,0,0,0
634.12,2.4888,9.8064,0.35866,0,0,0,0,0
634.62,2.4924,9.8029,0.35954,0,0,0,0,0
635.12,2.4962,9.8,0.3606,0,0,0,0,0
635.62,2.4998,9.7974,0.362,0,0,0,0,0
636.12,2.5038,9.7946,0.36327,0,0,0,0,0
636.62,2.5073,9.7914,0.3647,0,0,0,0,0
637.12,2.5103,9.7886,0.36617,0,0,0,0,0
637.62,2.5137,9.7854,0.36727,0,0,0,0,0
638.12,2.5171,9.7826,0.36867,0,0,0,0,0
638.62,2.5204,9.7794,0.36977,0,0,0,0,0
639.12,2.5238,9.7766,0.37105,0,0,0,0,0
639.62,2.5275,9.7731,0.37222,0,0,0,0,0
640.12,2.5311,9.7696,0.3734,0,0,0,0,0
640.62,2.5351,9.7657,0.37465,0,0,0,0,0
641.12,2.5389,9.7626,0.37595,0,0,0,0,0
641.62,2.5423,9.7594,0.37713,0,0,0,0,0
642.12,2.5453,9.7566,0.3785,0,0,0,0,0
642.62,2.5482,9.7531,0.37965,0,0,0,0,0
643.12,2.5515,9.7496,0.38128,0,0,0,0,0
643.62,2.5551,9.7454,0.38273,0,0,0,0,0
644.12,2.5587,9.7416,0.38422,0,0,0,0,0
644.62,2.5622,9.7377,0.38566,0,0,0,0,0
645.12,2.5662,9.7346,0.38698,0,0,0,0,0
645.62,2.5701,9.7314,0.38858,0,0,0,0,0
646.12,2.5736,9.728,0.38979,0,0,0,0,0
646.62,2.577,9.724,0.39105,0,0,0,0,0
647.12,2.5804,9.7203,0.39228,0,0,0,0,0
647.62,2.5836,9.7164,0.39371,0,0,0,0,0
648.12,2.587,9.7129,0.39514,0,0,0,0,0
648.62,2.5901,9.7091,0.3967,0,0,0,0,0
649.12,2.594,9.7056,0.39801,0,0,0,0,0
649.62,2.598,9.7014,0.39945,0,0,0,0,0
650.12,2.6018,9.6976,0.40096,0,0,0,0,0
650.62,2.6055,9.6934,0.40225,0,0,0,0,0
651.12,2.6093,9.6896,0.40364,0,0,0,0,0
651.62,2.6126,9.6854,0.40473,0,0,0,0,0
652.12,2.6157,9.6813,0.4059,0,0,0,0,0
652.62,2.6191,9.6767,0.40722,0,0,0,0,0
653.12,2.6226,9.6723,0.40868,0,0,0,0,0
653.62,2.626,9.668,0.41019,0,0,0,0,0
654.12,2.6298,9.664,0.41186,0,0,0,0,0
654.62,2.634,9.6597,0.41324,0,0,0,0,0
655.12,2.6378,9.6553,0.41488,0,0,0,0,0
655.62,2.6413,9.6504,0.41606,0,0,0,0,0
656.12,2.645,9.6461,0.4172,0,0,0,0,0
656.62,2.6481,9.6421,0.41872,0,0,0,0,0
657.12,2.6514,9.6383,0.41995,0,0,0,0,0
657.62,2.6548,9.6334,0.42162,0,0,0,0,0
658.12,2.6583,9.6289,0.42286,0,0,0,0,0
658.62,2.6619,9.6239,0.42437,0,0,0,0,0
659.12,2.6659,9.6191,0.42611,0,0,0,0,0
659.62,2.6699,9.6144,0.42781,0,0,0,0,0
660.12,2.6736,9.6103,0.42917,0,0,0,0,0
660.62,2.677,9.6054,0.43105,0,0,0,0,0
661.12,2.6806,9.6006,0.43234,0,0,0,0,0
661.62,2.684,9.5954,0.43408,0,0,0,0,0
662.12,2.6874,9.5906,0.43528,0,0,0,0,0
662.62,2.6907,9.5854,0.43682,0,0,0,0,0
663.12,2.6944,9.5806,0.43857,0,0,0,0,0
663.62,2.6979,9.5754,0.44,0,0,0,0,0
664.12,2.7017,9.5703,0.44143,0,0,0,0,0
664.62,2.7057,9.565,0.443,0,0,0,0,0
665.12,2.7094,9.5603,0.44447,0,0,0,0,0
665.62,2.7134,9.5554,0.44587,0,0,0,0,0
666.12,2.7167,9.5503,0.44733,0,0,0,0,0
666.62,2.7201,9.5441,0.44888,0,0,0,0,0
667.12,2.7234,9.5384,0.45034,0,0,0,0,0
667.62,2.7267,9.5329,0.45192,0,0,0,0,0
668.12,2.7304,9.5279,0.45322,0,0,0,0,0
668.62,2.734,9.5221,0.45497,0,0,0,0,0
669.12,2.7383,9.5166,0.45648,0,0,0,0,0
669.62,2.7421,9.5107,0.45786,0,0,0,0,0
670.12,2.7456,9.505,0.45937,0,0,0,0,0
670.62,2.7493,9.499,0.46096,0,0,0,0,0
671.12,2.7527,9.4936,0.4622,0,0,0,0,0
671.62,2.7561,9.4879,0.46378,0,0,0,0,0
672.12,2.7595,9.4819,0.46515,0,0,0,0,0
672.62,2.763,9.4754,0.467,0,0,0,0,0
673.12,2.7669,9.4696,0.46833,0,0,0,0,0
673.62,2.7707,9.4634,0.46974,0,0,0,0,0
674.12,2.7749,9.4576,0.47206,0,0,0,0,0
674.62,2.7786,9.4514,0.47333,0,0,0,0,0
675.12,2.7821,9.4453,0.4755,0,0,0,0,0
675.62,2.7854,9.4384,0.47716,0,0,0,0,0
676.12,2.7889,9.4321,0.47877,0,0,0,0,0
676.62,2.7923,9.4256,0.48034,0,0,0,0,0
677.12,2.7959,9.4191,0.48198,0,0,0,0,0
677.62,2.7997,9.4121,0.48374,0,0,0,0,0
678.12,2.8037,9.4056,0.4858,0,0,0,0,0
678.62,2.8076,9.3987,0.48759,0,0,0,0,0
679.12,2.812,9.3923,0.48946,0,0,0,0,0
679.62,2.8152,9.3851,0.49113,0,0,0,0,0
680.12,2.8189,9.3784,0.49303,0,0,0,0,0
680.62,2.8224,9.3713,0.49438,0,0,0,0,0
681.12,2.8255,9.3639,0.4962,0,0,0,0,0
681.62,2.8293,9.3557,0.49789,0,0,0,0,0
682.12,2.8333,9.3483,0.49962,0,0,0,0,0
682.62,2.8372,9.3407,0.50099,0,0,0,0,0
683.12,2.841,9.3339,0.50271,0,0,0,0,0
683.62,2.8451,9.3269,0.50453,0,0,0,0,0
684.12,2.8491,9.3196,0.50667,0,0,0,0,0
684.62,2.853,9.3111,0.50826,0,0,0,0,0
685.12,2.8564,9.3031,0.51053,0,0,0,0,0
685.62,2.8599,9.2946,0.51236,0,0,0,0,0
686.12,2.8636,9.2867,0.51423,0,0,0,0,0
686.62,2.8674,9.2786,0.51569,0,0,0,0,0
687.12,2.8709,9.2709,0.51786,0,0,0,0,0
687.62,2.8754,9.2621,0.51951,0,0,0,0,0
688.12,2.8795,9.2536,0.5215,0,0,0,0,0
688.62,2.8834,9.2444,0.52325,0,0,0,0,0
689.12,2.8871,9.2361,0.52519,0,0,0,0,0
689.62,2.8908,9.2276,0.52725,0,0,0,0,0
690.12,2.8942,9.2186,0.5294,0,0,0,0,0
690.62,2.898,9.2084,0.53143,0,0,0,0,0
691.12,2.9015,9.1991,0.53328,0,0,0,0,0
691.62,2.906,9.1899,0.53539,0,0,0,0,0
692.12,2.9098,9.1811,0.53726,0,0,0,0,0
692.62,2.9143,9.1721,0.53867,0,0,0,0,0
693.12,2.9181,9.1633,0.5405,0,0,0,0,0
693.62,2.9218,9.1529,0.54251,0,0,0,0,0
694.12,2.9257,9.1427,0.54474,0,0,0,0,0
694.62,2.9294,9.132,0.54702,0,0,0,0,0
695.12,2.933,9.122,0.5493,0,0,0,0,0
695.62,2.9365,9.1119,0.55161,0,0,0,0,0
696.12,2.9408,9.1026,0.55344,0,0,0,0,0
696.62,2.9451,9.0921,0.55561,0,0,0,0,0
697.12,2.9494,9.0816,0.55751,0,0,0,0,0
697.62,2.9535,9.0704,0.55942,0,0,0,0,0
698.12,2.9574,9.0601,0.56109,0,0,0,0,0
698.62,2.9611,9.049,0.56288,0,0,0,0,0
699.12,2.9648,9.0374,0.56522,0,0,0,0,0
699.62,2.9688,9.0251,0.56733,0,0,0,0,0
700.12,2.9725,9.0139,0.5693,0,0,0,0,0
700.62,2.9764,9.0019,0.57194,0,0,0,0,0
701.12,2.9805,8.9907,0.57429,0,0,0,0,0
701.62,2.9849,8.9793,0.57701,0,0,0,0,0
702.12,2.9893,8.9679,0.57917,0,0,0,0,0
702.62,2.9932,8.9543,0.5813,0,0,0,0,0
703.12,2.9973,8.9413,0.58335,0,0,0,0,0
703.62,3.0009,8.9277,0.58517,0,0,0,0,0
704.12,3.0045,8.9153,0.58694,0,0,0,0,0
704.62,3.0086,8.9023,0.58878,0,0,0,0,0
705.12,3.0125,8.8899,0.59128,0,0,0,0,0
705.62,3.0168,8.8761,0.59413,0,0,0,0,0
706.12,3.0211,8.8626,0.59651,0,0,0,0,0
706.62,3.0255,8.8481,0.59922,0,0,0,0,0
707.12,3.03,8.835,0.60176,0,0,0,0,0
707.62,3.0336,8.8209,0.60379,0,0,0,0,0
708.12,3.0376,8.8057,0.60379,0,0,0,0,0
708.62,3.0419,8.7891,0.60379,0,0,0,0,0
709.12,3.0457,8.7739,0.60379,0,0,0,0,0
709.62,3.0502,8.7579,0.60379,0,0,0,0,0
710.12,3.0544,8.743,0.60379,0,0,0,0,0
710.62,3.0589,8.7277,0.60379,0,0,0,0,0
711.12,3.0634,8.7121,0.60379,0,0,0,0,0
711.62,3.0678,8.6934,0.60379,0,0,0,0,0
712.12,3.0722,8.6754,0.60379,0,0,0,0,0
712.62,3.0761,8.656,0.60379,0,0,0,0,0
