0.62,0,-0.013484,0,0,1.5141,20,0,2
1.12,6.9e-05,-0.0057939,0,0,0,0,0,0
1.62,0.001413,0.0030042,0,0,0,0,0,0
2.12,0.002554,0.023436,0,0,0,0,0,0
2.62,0.003699,0.04871,0,0,0,0,0,0
3.12,0.004962,0.075145,0,0,0,0,0,0
3.62,0.005925,0.09871,0,0,0,0,0,0
4.12,0.006626,0.12,0,0,0,0,0,0
4.62,0.007384,0.13671,0,0,0,0,0,0
5.12,0.008011,0.15258,0,0,0,0,0,0
5.62,0.008883,0.16857,0,0,0,0,0,0
6.12,0.009505,0.18615,0,0,0,0,0,0
6.62,0.010343,0.20257,0,0,0,0,0,0
7.12,0.011171,0.21943,0,0,0,0,0,0
7.62,0.011935,0.23471,0,0,0,0,0,0
8.12,0.012537,0.25,0,0,0,0,0,0
8.62,0.013273,0.26485,0,0,0,0,0,0
9.12,0.014105,0.282,0,0,0,0,0,0
9.62,0.014777,0.29814,0,0,0,0,0,0
10.12,0.015435,0.31486,0,0,0,0,0,0
10.62,0.016253,0.32985,0,0,0,0,0,0
11.12,0.017052,0.34443,0,0,0,0,0,0
11.62,0.017757,0.35857,0,0,0,0,0,0
12.12,0.018444,0.37529,0,0,0,0,0,0
12.62,0.019129,0.39185,0,0,0,0,0,0
13.12,0.019966,0.40786,0,0,0,0,0,0
13.62,0.020689,0.42228,0,0,0,0,0,0
14.12,0.021377,0.43586,0,0,0,0,0,0
14.62,0.022259,0.451,0,0,0,0,0,0
15.12,0.023044,0.46714,0,0,0,0,0,0
15.62,0.023715,0.48386,0,0,0,0,0,0
16.12,0.024583,0.49914,0,0,0,0,0,0
16.62,0.025459,0.515,0,0,0,0,0,0
17.12,0.026318,0.52985,0,0,0,0,0,0
17.62,0.02709,0.54615,0,0,0,0,0,0
18.12,0.027971,0.56214,0,0,0,0,0,0
18.62,0.028907,0.57857,0,0,0,0,0,0
19.12,0.02971,0.59328,0,0,0,0,0,0
19.62,0.030518,0.60886,0,0,0,0,0,0
20.12,0.03156,0.625,0,0,0,0,0,0
20.62,0.032476,0.64215,0,0,0,0,0,0
21.12,0.033307,0.65785,0,0,0,0,0,0
21.62,0.03419,0.67386,0,0,0,0,0,0
22.12,0.03522,0.688,0,0,0,0,0,0
22.62,0.036105,0.702,0,0,0,0,0,0
23.12,0.037019,0.71614,0,0,0,0,0,0
23.62,0.038111,0.733,0,0,0,0,0,0
24.12,0.039131,0.74856,0,0,0,0,0,0
24.62,0.040036,0.76415,0,0,0,0,0,0
25.12,0.040974,0.77814,0,0,0,0,0,0
25.62,0.042169,0.793,0,0,0,0,0,0
26.12,0.043194,0.80685,0,0,0,0,0,0
26.62,0.04419,0.82186,0,0,0,0,0,0
27.12,0.045432,0.83614,0,0,0,0,0,0
27.62,0.046534,0.85086,0,0,0,0,0,0
28.12,0.047582,0.864,0,0,0,0,0,0
28.62,0.048847,0.87786,0,0,0,0,0,0
29.12,0.050063,0.892,0,0,0,0,0,0
29.62,0.051188,0.90686,0,0,0,0,0,0
30.12,0.052447,0.92014,0,0,0,0,0,0
30.62,0.053819,0.93386,0,0,0,0,0,0
31.12,0.055066,0.94628,0,0,0,0,0,0
31.62,0.056337,0.95929,0,0,0,0,0,0
32.12,0.057841,0.97228,0,0,0,0,0,0
32.62,0.059101,0.98615,0,0,0,0,0,0
33.12,0.060435,0.998,0,0,0,0,0,0
33.62,0.06201,1.0103,0,0,0,0,0,0
34.12,0.063426,1.022,0,0,0,0,0,0
34.62,0.064928,1.0341,0,0,0,0,0,0
35.12,0.066581,1.0451,0,0,0,0,0,0
35.62,0.068057,1.0577,0,0,0,0,0,0
36.12,0.069632,1.0694,0,0,0,0,0,0
36.62,0.071384,1.0804,0,0,0,0,0,0
37.12,0.072846,1.0904,0,0,0,0,0,0
37.62,0.074492,1.1016,0,0,0,0,0,0
38.12,0.076337,1.1124,0,0,0,0,0,0
38.62,0.077948,1.1233,0,0,0,0,0,0
39.12,0.079779,1.1334,0,0,0,0,0,0
39.62,0.081562,1.1436,0,0,0,0,0,0
40.12,0.083269,1.1529,0,0,0,0,0,0
40.62,0.085286,1.1627,0,0,0,0,0,0
41.12,0.087062,1.172,0,0,0,0,0,0
41.62,0.088872,1.182,0,0,0,0,0,0
42.12,0.090896,1.191,0,0,0,0,0,0
42.62,0.092707,1.201,0,0,0,0,0,0
43.12,0.094683,1.21,0,0,0,0,0,0
43.62,0.096817,1.2191,0,0,0,0,0,0
44.12,0.098696,1.2271,0,0,0,0,0,0
44.62,0.1008,1.2359,0,0,0,0,0,0
45.12,0.10281,1.2441,0,0,0,0,0,0
45.62,0.10477,1.2529,0,0,0,0,0,0
46.12,0.10701,1.2609,0,0,0,0,0,0
46.62,0.10899,1.2691,0,0,0,0,0,0
47.12,0.11113,1.2771,0,0,0,0,0,0
47.62,0.11323,1.2856,0,0,0,0,0,0
48.12,0.11523,1.2934,0,0,0,0,0,0
48.62,0.11754,1.3016,0,0,0,0,0,0
49.12,0.11964,1.3089,0,0,0,0,0,0
49.62,0.12178,1.3159,0,0,0,0,0,0
50.12,0.12405,1.323,0,0,0,0,0,0
50.62,0.12616,1.331,0,0,0,0,0,0
51.12,0.12851,1.3381,0,0,0,0,0,0
51.62,0.13071,1.3454,0,0,0,0,0,0
52.12,0.13294,1.3523,0,0,0,0,0,0
52.62,0.1353,1.3591,0,0,0,0,0,0
53.12,0.13751,1.3654,0,0,0,0,0,0
53.62,0.13988,1.3729,0,0,0,0,0,0
54.12,0.14215,1.3796,0,0,0,0,0,0
54.62,0.14445,1.3861,0,0,0,0,0,0
55.12,0.14682,1.3919,0,0,0,0,0,0
55.62,0.14905,1.3981,0,0,0,0,0,0
56.12,0.15146,1.4044,0,0,0,0,0,0
56.62,0.15372,1.4113,0,0,0,0,0,0
57.12,0.15607,1.4177,0,0,0,0,0,0
57.62,0.15855,1.424,0,0,0,0,0,0
58.12,0.16078,1.4294,0,0,0,0,0,0
58.62,0.16325,1.4349,0,0,0,0,0,0
59.12,0.16563,1.4407,0,0,0,0,0,0
59.62,0.16797,1.4473,0,0,0,0,0,0
60.12,0.17051,1.4531,0,0,0,0,0,0
60.62,0.17284,1.4589,0,0,0,0,0,0
61.12,0.17542,1.4641,0,0,0,0,0,0
61.62,0.17777,1.4696,0,0,0,0,0,0
62.12,0.18026,1.4747,0,0,0,0,0,0
62.62,0.1828,1.4809,0,0,0,0,0,0
63.12,0.18517,1.4866,0,0,0,0,0,0
63.62,0.18781,1.4919,0,0,0,0,0,0
64.12,0.19017,1.4967,0,0,0,0,0,0
64.62,0.19265,1.502,0,0,0,0,0,0
65.12,0.19513,1.507,0,0,0,0,0,0
65.62,0.19761,1.5123,0,0,0,0,0,0
66.12,0.20024,1.5174,0,0,0,0,0,0
66.62,0.20264,1.5226,0,0,0,0,0,0
67.12,0.20527,1.5271,0,0,0,0,0,0
67.62,0.20771,1.5319,0,0,0,0,0,0
68.12,0.21017,1.5367,0,0,0,0,0,0
68.62,0.21283,1.542,0,0,0,0,0,0
69.12,0.21535,1.5464,0,0,0,0,0,0
69.62,0.21802,1.5509,0,0,0,0,0,0
70.12,0.22054,1.5554,0,0,0,0,0,0
70.62,0.22315,1.5603,0,0,0,0,0,0
71.12,0.22578,1.5644,0,0,0,0,0,0
71.62,0.22837,1.5691,0,0,0,0,0,0
72.12,0.23108,1.5739,0,0,0,0,0,0
72.62,0.23359,1.5783,0,0,0,0,0,0
73.12,0.23633,1.5823,0,0,0,0,0,0
73.62,0.23888,1.5867,0,0,0,0,0,0
74.12,0.24155,1.591,0,0,0,0,0,0
74.62,0.24421,1.5953,0,0,0,0,0,0
75.12,0.24671,1.5994,0,0,0,0,0,0
75.62,0.24955,1.6036,0,0,0,0,0,0
76.12,0.25206,1.6077,0,0,0,0,0,0
76.62,0.2548,1.6123,0,0,0,0,0,0
77.12,0.25743,1.6164,0,0,0,0,0,0
77.62,0.2601,1.6206,0,0,0,0,0,0
78.12,0.26284,1.6241,0,0,0,0,0,0
78.62,0.26551,1.6281,0,0,0,0,0,0
79.12,0.26824,1.6319,0,0,0,0,0,0
79.62,0.27081,1.6359,0,0,0,0,0,0
80.12,0.27362,1.6394,0,0,0,0,0,0
80.62,0.27628,1.6436,0,0,0,0,0,0
81.12,0.27907,1.6474,0,0,0,0,0,0
81.62,0.2818,1.6513,0,0,0,0,0,0
82.12,0.28444,1.6547,0,0,0,0,0,0
82.62,0.28732,1.6583,0,0,0,0,0,0
83.12,0.28993,1.6617,0,0,0,0,0,0
83.62,0.29279,1.6653,0,0,0,0,0,0
84.12,0.29543,1.669,0,0,0,0,0,0
84.62,0.29831,1.673,0,0,0,0,0,0
85.12,0.30104,1.6767,0,0,0,0,0,0
85.62,0.30372,1.6803,0,0,0,0,0,0
86.12,0.30661,1.6837,0,0,0,0,0,0
86.62,0.3093,1.6873,0,0,0,0,0,0
87.12,0.31218,1.6904,0,0,0,0,0,0
87.62,0.31489,1.6939,0,0,0,0,0,0
88.12,0.31772,1.6971,0,0,0,0,0,0
88.62,0.32048,1.7006,0,0,0,0,0,0
89.12,0.32325,1.7037,0,0,0,0,0,0
89.62,0.32606,1.7073,0,0,0,0,0,0
90.12,0.32874,1.7104,0,0,0,0,0,0
90.62,0.33166,1.7136,0,0,0,0,0,0
91.12,0.33425,1.7167,0,0,0,0,0,0
91.62,0.33714,1.72,0,0,0,0,0,0
92.12,0.3399,1.723,0,0,0,0,0,0
92.62,0.34275,1.7263,0,0,0,0,0,0
93.12,0.3456,1.7294,0,0,0,0,0,0
93.62,0.34834,1.7326,0,0,0,0,0,0
94.12,0.3513,1.7354,0,0,0,0,0,0
94.62,0.35402,1.7386,0,0,0,0,0,0
95.12,0.35697,1.7417,0,0,0,0,0,0
95.62,0.35967,1.745,0,0,0,0,0,0
96.12,0.36262,1.7477,0,0,0,0,0,0
96.62,0.36539,1.7506,0,0,0,0,0,0
97.12,0.36822,1.7534,0,0,0,0,0,0
97.62,0.37117,1.7566,0,0,0,0,0,0
98.12,0.37394,1.7594,0,0,0,0,0,0
98.62,0.37691,1.7626,0,0,0,0,0,0
99.12,0.37965,1.7651,0,0,0,0,0,0
99.62,0.38263,1.7679,0,0,0,0,0,0
100.12,0.38543,1.7704,0,0,0,0,0,0
100.62,0.38837,1.7736,0,0,0,0,0,0
101.12,0.39121,1.7764,0,0,0,0,0,0
101.62,0.39403,1.7793,0,0,0,0,0,0
102.12,0.39698,1.7817,0,0,0,0,0,0
102.62,0.39972,1.7843,0,0,0,0,0,0
103.12,0.40265,1.787,0,0,0,0,0,0
103.62,0.40549,1.7897,0,0,0,0,0,0
104.12,0.40853,1.7923,0,0,0,0,0,0
104.62,0.41129,1.7953,0,0,0,0,0,0
105.12,0.41429,1.7981,0,0,0,0,0,0
105.62,0.41718,1.8006,0,0,0,0,0,0
106.12,0.42001,1.8027,0,0,0,0,0,0
106.62,0.42293,1.8053,0,0,0,0,0,0
107.12,0.42571,1.8077,0,0,0,0,0,0
107.62,0.42882,1.81,0,0,0,0,0,0
108.12,0.43158,1.8126,0,0,0,0,0,0
108.62,0.43463,1.8154,0,0,0,0,0,0
109.12,0.43747,1.8183,0,0,0,0,0,0
109.62,0.44042,1.8207,0,0,0,0,0,0
110.12,0.44327,1.8233,0,0,0,0,0,0
110.62,0.4462,1.8257,0,0,0,0,0,0
111.12,0.44913,1.828,0,0,0,0,0,0
111.62,0.452,1.8303,0,0,0,0,0,0
112.12,0.45508,1.8324,0,0,0,0,0,0
112.62,0.45784,1.8349,0,0,0,0,0,0
113.12,0.46093,1.8374,0,0,0,0,0,0
113.62,0.46377,1.8403,0,0,0,0,0,0
114.12,0.46685,1.8424,0,0,0,0,0,0
114.62,0.46974,1.8446,0,0,0,0,0,0
115.12,0.4727,1.8467,0,0,0,0,0,0
115.62,0.47562,1.8493,0,0,0,0,0,0
116.12,0.47856,1.8517,0,0,0,0,0,0
116.62,0.48158,1.8543,0,0,0,0,0,0
117.12,0.48447,1.8564,0,0,0,0,0,0
117.62,0.48755,1.8586,0,0,0,0,0,0
118.12,0.4904,1.8604,0,0,0,0,0,0
118.62,0.49345,1.8629,0,0,0,0,0,0
119.12,0.49633,1.8654,0,0,0,0,0,0
119.62,0.4994,1.8677,0,0,0,0,0,0
120.12,0.50239,1.8693,0,0,0,0,0,0
120.62,0.50532,1.871,0,0,0,0,0,0
121.12,0.50827,1.8733,0,0,0,0,0,0
121.62,0.51121,1.8757,0,0,0,0,0,0
122.12,0.5143,1.878,0,0,0,0,0,0
122.62,0.51716,1.88,0,0,0,0,0,0
123.12,0.52031,1.8823,0,0,0,0,0,0
123.62,0.52301,1.8844,0,0,0,0,0,0
124.12,0.52625,1.8863,0,0,0,0,0,0
124.62,0.5291,1.888,0,0,0,0,0,0
125.12,0.53223,1.8903,0,0,0,0,0,0
125.62,0.53516,1.8924,0,0,0,0,0,0
126.12,0.53812,1.8946,0,0,0,0,0,0
126.62,0.54116,1.8967,0,0,0,0,0,0
127.12,0.54399,1.899,0,0,0,0,0,0
127.62,0.54698,1.901,0,0,0,0,0,0
128.12,0.54946,1.903,0,0,0,0,0,0
128.62,0.5531,1.905,0,0,0,0,0,0
129.12,0.55608,1.907,0,0,0,0,0,0
129.62,0.5591,1.909,0,0,0,0,0,0
130.12,0.56202,1.911,0,0,0,0,0,0
130.62,0.56509,1.9127,0,0,0,0,0,0
131.12,0.56807,1.9146,0,0,0,0,0,0
131.62,0.5711,1.9164,0,0,0,0,0,0
132.12,0.57413,1.9183,0,0,0,0,0,0
132.62,0.57706,1.9203,0,0,0,0,0,0
133.12,0.58005,1.9227,0,0,0,0,0,0
133.62,0.58292,1.9247,0,0,0,0,0,0
134.12,0.5861,1.926,0,0,0,0,0,0
134.62,0.58895,1.9276,0,0,0,0,0,0
135.12,0.59198,1.9294,0,0,0,0,0,0
135.62,0.59478,1.9316,0,0,0,0,0,0
136.12,0.59774,1.9334,0,0,0,0,0,0
136.62,0.60075,1.9353,0,0,0,0,0,0
137.12,0.60373,1.9367,0,0,0,0,0,0
137.62,0.60683,1.9386,0,0,0,0,0,0
138.12,0.6097,1.9404,0,0,0,0,0,0
138.62,0.61297,1.9423,0,0,0,0,0,0
139.12,0.61577,1.944,0,0,0,0,0,0
139.62,0.61889,1.9457,0,0,0,0,0,0
140.12,0.62189,1.9473,0,0,0,0,0,0
140.62,0.62485,1.949,0,0,0,0,0,0
141.12,0.62783,1.951,0,0,0,0,0,0
141.62,0.63094,1.9527,0,0,0,0,0,0
142.12,0.63388,1.9546,0,0,0,0,0,0
142.62,0.63701,1.9561,0,0,0,0,0,0
143.12,0.64009,1.9579,0,0,0,0,0,0
143.62,0.64301,1.9597,0,0,0,0,0,0
144.12,0.64602,1.9614,0,0,0,0,0,0
144.62,0.64891,1.9629,0,0,0,0,0,0
145.12,0.65204,1.9644,0,0,0,0,0,0
145.62,0.65497,1.9663,0,0,0,0,0,0
146.12,0.65808,1.968,0,0,0,0,0,0
146.62,0.66109,1.9697,0,0,0,0,0,0
147.12,0.66409,1.971,0,0,0,0,0,0
147.62,0.66718,1.9726,0,0,0,0,0,0
148.12,0.67012,1.9744,0,0,0,0,0,0
148.62,0.67329,1.9763,0,0,0,0,0,0
149.12,0.67628,1.978,0,0,0,0,0,0
149.62,0.67942,1.9797,0,0,0,0,0,0
150.12,0.68238,1.9813,0,0,0,0,0,0
150.62,0.68557,1.9827,0,0,0,0,0,0
151.12,0.68844,1.9846,0,0,0,0,0,0
151.62,0.69167,1.9864,0,0,0,0,0,0
152.12,0.69464,1.988,0,0,0,0,0,0
152.62,0.69776,1.9893,0,0,0,0,0,0
153.12,0.70076,1.991,0,0,0,0,0,0
153.62,0.70383,1.9927,0,0,0,0,0,0
154.12,0.70698,1.9943,0,0,0,0,0,0
154.62,0.70995,1.9957,0,0,0,0,0,0
155.12,0.71309,1.9973,0,0,0,0,0,0
155.62,0.71606,1.9987,0,0,0,0,0,0
156.12,0.71927,2.0003,0,0,0,0,0,0
156.62,0.72216,2.002,0,0,0,0,0,0
157.12,0.72545,2.0034,0,0,0,0,0,0
157.62,0.72836,2.0049,0,0,0,0,0,0
158.12,0.73159,2.0064,0,0,0,0,0,0
158.62,0.73453,2.008,0,0,0,0,0,0
159.12,0.7377,2.0093,0,0,0,0,0,0
159.62,0.74061,2.0107,0,0,0,0,0,0
160.12,0.74358,2.0123,0,0,0,0,0,0
160.62,0.74674,2.0137,0,0,0,0,0,0
161.12,0.75003,2.0153,0,0,0,0,0,0
161.62,0.75314,2.0167,0,0,0,0,0,0
162.12,0.75623,2.0183,0,0,0,0,0,0
162.62,0.75935,2.0197,0,0,0,0,0,0
163.12,0.76188,2.0213,0,0,0,0,0,0
163.62,0.76553,2.0227,0,0,0,0,0,0
164.12,0.7684,2.0243,0,0,0,0,0,0
164.62,0.77172,2.0257,0,0,0,0,0,0
165.12,0.77461,2.0273,0,0,0,0,0,0
165.62,0.77775,2.0287,0,0,0,0,0,0
166.12,0.78069,2.0303,0,0,0,0,0,0
166.62,0.78396,2.0317,0,0,0,0,0,0
167.12,0.78695,2.033,0,0,0,0,0,0
167.62,0.79004,2.0343,0,0,0,0,0,0
168.12,0.79329,2.0357,0,0,0,0,0,0
168.62,0.79646,2.0373,0,0,0,0,0,0
169.12,0.79931,2.0387,0,0,0,0,0,0
169.62,0.80234,2.04,0,0,0,0,0,0
170.12,0.80545,2.0413,0,0,0,0,0,0
170.62,0.80818,2.0427,0,0,0,0,0,0
171.12,0.81188,2.044,0,0,0,0,0,0
171.62,0.81451,2.0453,0,0,0,0,0,0
172.12,0.81763,2.047,0,0,0,0,0,0
172.62,0.82088,2.0484,0,0,0,0,0,0
173.12,0.8239,2.0496,0,0,0,0,0,0
173.62,0.82704,2.0507,0,0,0,0,0,0
174.12,0.83017,2.0523,0,0,0,0,0,0
174.62,0.83328,2.0537,0,0,0,0,0,0
175.12,0.83637,2.055,0,0,0,0,0,0
175.62,0.83967,2.0563,0,0,0,0,0,0
176.12,0.84266,2.0577,0,0,0,0,0,0
176.62,0.84594,2.059,0,0,0,0,0,0
177.12,0.84887,2.06,0,0,0,0,0,0
177.62,0.85206,2.0613,0,0,0,0,0,0
178.12,0.85517,2.0627,0,0,0,0,0,0
178.62,0.85824,2.064,0,0,0,0,0,0
179.12,0.86127,2.065,0,0,0,0,0,0
179.62,0.86439,2.0663,0,0,0,0,0,0
180.12,0.86747,2.0677,0,0,0,0,0,0
180.62,0.87056,2.069,0,0,0,0,0,0
181.12,0.8737,2.0703,0,0,0,0,0,0
181.62,0.87664,2.0717,0,0,0,0,0,0
182.12,0.87987,2.0733,0,0,0,0,0,0
182.62,0.88278,2.0744,0,0,0,0,0,0
183.12,0.88605,2.0756,0,0,0,0,0,0
183.62,0.88914,2.0767,0,0,0,0,0,0
184.12,0.89232,2.0783,0,0,0,0,0,0
184.62,0.89537,2.0797,0,0,0,0,0,0
185.12,0.89852,2.081,0,0,0,0,0,0
185.62,0.9016,2.082,0,0,0,0,0,0
186.12,0.90476,2.0833,0,0,0,0,0,0
186.62,0.90788,2.0847,0,0,0,0,0,0
187.12,0.91099,2.0857,0,0,0,0,0,0
187.62,0.91432,2.0866,0,0,0,0,0,0
188.12,0.91733,2.0877,0,0,0,0,0,0
188.62,0.92032,2.0893,0,0,0,0,0,0
189.12,0.92333,2.0907,0,0,0,0,0,0
189.62,0.92658,2.092,0,0,0,0,0,0
190.12,0.92948,2.093,0,0,0,0,0,0
190.62,0.93278,2.094,0,0,0,0,0,0
191.12,0.93575,2.095,0,0,0,0,0,0
191.62,0.939,2.0963,0,0,0,0,0,0
192.12,0.942,2.0977,0,0,0,0,0,0
192.62,0.94521,2.099,0,0,0,0,0,0
193.12,0.94833,2.1003,0,0,0,0,0,0
193.62,0.9514,2.1014,0,0,0,0,0,0
194.12,0.95455,2.1026,0,0,0,0,0,0
194.62,0.95753,2.1037,0,0,0,0,0,0
195.12,0.9608,2.105,0,0,0,0,0,0
195.62,0.96375,2.106,0,0,0,0,0,0
196.12,0.96695,2.107,0,0,0,0,0,0
196.62,0.96998,2.1083,0,0,0,0,0,0
197.12,0.97318,2.1097,0,0,0,0,0,0
197.62,0.97625,2.111,0,0,0,0,0,0
198.12,0.97952,2.112,0,0,0,0,0,0
198.62,0.9825,2.1133,0,0,0,0,0,0
199.12,0.98567,2.1147,0,0,0,0,0,0
199.62,0.9888,2.1157,0,0,0,0,0,0
200.12,0.99192,2.1166,0,0,0,0,0,0
200.62,0.99505,2.1177,0,0,0,0,0,0
201.12,0.99807,2.119,0,0,0,0,0,0
201.62,1.0013,2.12,0,0,0,0,0,0
202.12,1.0042,2.1213,0,0,0,0,0,0
202.62,1.0075,2.1224,0,0,0,0,0,0
203.12,1.0104,2.1233,0,0,0,0,0,0
203.62,1.0137,2.1243,0,0,0,0,0,0
204.12,1.0167,2.1254,0,0,0,0,0,0
204.62,1.0199,2.1266,0,0,0,0,0,0
205.12,1.0229,2.1277,0,0,0,0,0,0
205.62,1.0261,2.129,0,0,0,0,0,0
206.12,1.0292,2.13,0,0,0,0,0,0
206.62,1.0323,2.131,0,0,0,0,0,0
207.12,1.0354,2.132,0,0,0,0,0,0
207.62,1.0385,2.1333,0,0,0,0,0,0
208.12,1.0417,2.1347,0,0,0,0,0,0
208.62,1.0447,2.1357,0,0,0,0,0,0
209.12,1.048,2.1366,0,0,0,0,0,0
209.62,1.0509,2.1377,0,0,0,0,0,0
210.12,1.0542,2.139,0,0,0,0,0,0
210.62,1.0573,2.14,0,0,0,0,0,0
211.12,1.0605,2.141,0,0,0,0,0,0
211.62,1.0636,2.142,0,0,0,0,0,0
212.12,1.0667,2.1433,0,0,0,0,0,0
212.62,1.0697,2.1444,0,0,0,0,0,0
213.12,1.0729,2.1456,0,0,0,0,0,0
213.62,1.076,2.1464,0,0,0,0,0,0
214.12,1.0791,2.1473,0,0,0,0,0,0
214.62,1.0823,2.148,0,0,0,0,0,0
215.12,1.0852,2.1493,0,0,0,0,0,0
215.62,1.0884,2.1507,0,0,0,0,0,0
216.12,1.0915,2.152,0,0,0,0,0,0
216.62,1.0947,2.1527,0,0,0,0,0,0
217.12,1.0978,2.1536,0,0,0,0,0,0
217.62,1.1011,2.1547,0,0,0,0,0,0
218.12,1.1041,2.156,0,0,0,0,0,0
218.62,1.1073,2.157,0,0,0,0,0,0
219.12,1.1103,2.158,0,0,0,0,0,0
219.62,1.1135,2.159,0,0,0,0,0,0
220.12,1.1167,2.16,0,0,0,0,0,0
220.62,1.1198,2.161,0,0,0,0,0,0
221.12,1.123,2.162,0,0,0,0,0,0
221.62,1.1261,2.163,0,0,0,0,0,0
222.12,1.1293,2.164,0,0,0,0,0,0
222.62,1.1323,2.165,0,0,0,0,0,0
223.12,1.1355,2.166,0,0,0,0,0,0
223.62,1.1385,2.167,0,0,0,0,0,0
224.12,1.1417,2.168,0,0,0,0,0,0
224.62,1.1447,2.169,0,0,0,0,0,0
225.12,1.1478,2.17,0,0,0,0,0,0
225.62,1.1508,2.171,0,0,0,0,0,0
226.12,1.1539,2.172,0,0,0,0,0,0
226.62,1.1569,2.173,0,0,0,0,0,0
227.12,1.1599,2.1737,0,0,0,0,0,0
227.62,1.1629,2.1743,0,0,0,0,0,0
228.12,1.1658,2.175,0,0,0,0,0,0
228.62,1.169,2.176,0,0,0,0,0,0
229.12,1.1718,2.177,0,0,0,0,0,0
229.62,1.1749,2.178,0,0,0,0,0,0
230.12,1.1777,2.179,0,0,0,0,0,0
230.62,1.1808,2.18,0,0,0,0,0,0
231.12,1.1836,2.181,0,0,0,0,0,0
231.62,1.1867,2.182,0,0,0,0,0,0
232.12,1.1896,2.183,0,0,0,0,0,0
232.62,1.1925,2.184,0,0,0,0,0,0
233.12,1.1956,2.185,0,0,0,0,0,0
233.62,1.1985,2.186,0,0,0,0,0,0
234.12,1.2016,2.1867,0,0,0,0,0,0
234.62,1.2044,2.1873,0,0,0,0,0,0
235.12,1.2075,2.188,0,0,0,0,0,0
235.62,1.2103,2.189,0,0,0,0,0,0
236.12,1.2134,2.19,0,0,0,0,0,0
236.62,1.2162,2.191,0,0,0,0,0,0
237.12,1.2192,2.192,0,0,0,0,0,0
237.62,1.2222,2.1927,0,0,0,0,0,0
238.12,1.2251,2.1933,0,0,0,0,0,0
238.62,1.228,2.194,0,0,0,0,0,0
239.12,1.2309,2.195,0,0,0,0,0,0
239.62,1.2338,2.196,0,0,0,0,0,0
240.12,1.2366,2.197,0,0,0,0,0,0
240.62,1.2397,2.198,0,0,0,0,0,0
241.12,1.2425,2.199,0,0,0,0,0,0
241.62,1.2455,2.2,0,0,0,0,0,0
242.12,1.2484,2.201,0,0,0,0,0,0
242.62,1.2513,2.202,0,0,0,0,0,0
243.12,1.2543,2.2027,0,0,0,0,0,0
243.62,1.2572,2.2033,0,0,0,0,0,0
244.12,1.2602,2.204,0,0,0,0,0,0
244.62,1.263,2.205,0,0,0,0,0,0
245.12,1.2661,2.206,0,0,0,0,0,0
245.62,1.2689,2.2067,0,0,0,0,0,0
246.12,1.2719,2.2076,0,0,0,0,0,0
246.62,1.2747,2.2084,0,0,0,0,0,0
247.12,1.2777,2.2093,0,0,0,0,0,0
247.62,1.2805,2.21,0,0,0,0,0,0
248.12,1.2835,2.211,0,0,0,0,0,0
248.62,1.2864,2.2117,0,0,0,0,0,0
249.12,1.2892,2.2123,0,0,0,0,0,0
249.62,1.2922,2.2133,0,0,0,0,0,0
250.12,1.295,2.2144,0,0,0,0,0,0
250.62,1.298,2.2153,0,0,0,0,0,0
251.12,1.3009,2.216,0,0,0,0,0,0
251.62,1.3038,2.217,0,0,0,0,0,0
252.12,1.3067,2.218,0,0,0,0,0,0
252.62,1.3095,2.2187,0,0,0,0,0,0
253.12,1.3125,2.2193,0,0,0,0,0,0
253.62,1.3154,2.22,0,0,0,0,0,0
254.12,1.3183,2.221,0,0,0,0,0,0
254.62,1.3211,2.222,0,0,0,0,0,0
255.12,1.3242,2.223,0,0,0,0,0,0
255.62,1.3269,2.224,0,0,0,0,0,0
256.12,1.3299,2.225,0,0,0,0,0,0
256.62,1.3327,2.2257,0,0,0,0,0,0
257.12,1.3356,2.2263,0,0,0,0,0,0
257.62,1.3386,2.227,0,0,0,0,0,0
258.12,1.3414,2.2277,0,0,0,0,0,0
258.62,1.3444,2.2286,0,0,0,0,0,0
259.12,1.3472,2.2294,0,0,0,0,0,0
259.62,1.3501,2.2303,0,0,0,0,0,0
260.12,1.353,2.231,0,0,0,0,0,0
260.62,1.356,2.232,0,0,0,0,0,0
261.12,1.3588,2.233,0,0,0,0,0,0
261.62,1.3618,2.234,0,0,0,0,0,0
262.12,1.3647,2.2347,0,0,0,0,0,0
262.62,1.3675,2.2353,0,0,0,0,0,0
263.12,1.3705,2.236,0,0,0,0,0,0
263.62,1.3734,2.2367,0,0,0,0,0,0
264.12,1.3764,2.2376,0,0,0,0,0,0
264.62,1.3792,2.2384,0,0,0,0,0,0
265.12,1.3822,2.2393,0,0,0,0,0,0
265.62,1.3851,2.24,0,0,0,0,0,0
266.12,1.3881,2.241,0,0,0,0,0,0
266.62,1.3911,2.242,0,0,0,0,0,0
267.12,1.3939,2.243,0,0,0,0,0,0
267.62,1.397,2.2437,0,0,0,0,0,0
268.12,1.3998,2.2443,0,0,0,0,0,0
268.62,1.4028,2.245,0,0,0,0,0,0
269.12,1.4056,2.246,0,0,0,0,0,0
269.62,1.4088,2.247,0,0,0,0,0,0
270.12,1.4115,2.2477,0,0,0,0,0,0
270.62,1.4145,2.2483,0,0,0,0,0,0
271.12,1.4174,2.249,0,0,0,0,0,0
271.62,1.4203,2.25,0,0,0,0,0,0
272.12,1.4233,2.251,0,0,0,0,0,0
272.62,1.4262,2.252,0,0,0,0,0,0
273.12,1.4292,2.2527,0,0,0,0,0,0
273.62,1.432,2.2533,0,0,0,0,0,0
274.12,1.4351,2.254,0,0,0,0,0,0
274.62,1.4379,2.255,0,0,0,0,0,0
275.12,1.441,2.256,0,0,0,0,0,0
275.62,1.4439,2.257,0,0,0,0,0,0
276.12,1.4468,2.2577,0,0,0,0,0,0
276.62,1.4499,2.2583,0,0,0,0,0,0
277.12,1.4527,2.259,0,0,0,0,0,0
277.62,1.4558,2.26,0,0,0,0,0,0
278.12,1.4587,2.2607,0,0,0,0,0,0
278.62,1.4617,2.2613,0,0,0,0,0,0
279.12,1.4645,2.262,0,0,0,0,0,0
279.62,1.4676,2.263,0,0,0,0,0,0
280.12,1.4705,2.264,0,0,0,0,0,0
280.62,1.4735,2.265,0,0,0,0,0,0
281.12,1.4765,2.2657,0,0,0,0,0,0
281.62,1.4795,2.2663,0,0,0,0,0,0
282.12,1.4825,2.267,0,0,0,0,0,0
282.62,1.4855,2.268,0,0,0,0,0,0
283.12,1.4885,2.269,0,0,0,0,0,0
283.62,1.4915,2.2697,0,0,0,0,0,0
284.12,1.4945,2.2703,0,0,0,0,0,0
284.62,1.4974,2.271,0,0,0,0,0,0
285.12,1.5006,2.272,0,0,0,0,0,0
285.62,1.5035,2.2727,0,0,0,0,0,0
286.12,1.5066,2.2733,0,0,0,0,0,0
286.62,1.5096,2.274,0,0,0,0,0,0
287.12,1.5125,2.275,0,0,0,0,0,0
287.62,1.5156,2.276,0,0,0,0,0,0
288.12,1.5185,2.277,0,0,0,0,0,0
288.62,1.5217,2.2777,0,0,0,0,0,0
289.12,1.5245,2.2783,0,0,0,0,0,0
289.62,1.5276,2.279,0,0,0,0,0,0
290.12,1.5305,2.28,0,0,0,0,0,0
290.62,1.5336,2.281,0,0,0,0,0,0
291.12,1.5365,2.2817,0,0,0,0,0,0
291.62,1.5395,2.2823,0,0,0,0,0,0
292.12,1.5424,2.2827,0,0,0,0,0,0
292.62,1.5455,2.2833,0,0,0,0,0,0
293.12,1.5484,2.284,0,0,0,0,0,0
293.62,1.5514,2.285,0,0,0,0,0,0
294.12,1.5545,2.286,0,0,0,0,0,0
294.62,1.5573,2.2867,0,0,0,0,0,0
295.12,1.5605,2.2873,0,0,0,0,0,0
295.62,1.5632,2.288,0,0,0,0,0,0
296.12,1.5663,2.289,0,0,0,0,0,0
296.62,1.5692,2.29,0,0,0,0,0,0
297.12,1.5723,2.2907,0,0,0,0,0,0
297.62,1.5751,2.2913,0,0,0,0,0,0
298.12,1.5782,2.292,0,0,0,0,0,0
298.62,1.5812,2.2927,0,0,0,0,0,0
299.12,1.584,2.2933,0,0,0,0,0,0
299.62,1.5871,2.294,0,0,0,0,0,0
300.12,1.59,2.295,0,0,0,0,0,0
300.62,1.5931,2.296,0,0,0,0,0,0
301.12,1.596,2.297,0,0,0,0,0,0
301.62,1.5992,2.2977,0,0,0,0,0,0
302.12,1.6021,2.2983,0,0,0,0,0,0
302.62,1.6052,2.299,0,0,0,0,0,0
303.12,1.6081,2.3,0,0,0,0,0,0
303.62,1.6112,2.3007,0,0,0,0,0,0
304.12,1.6141,2.3013,0,0,0,0,0,0
304.62,1.6171,2.302,0,0,0,0,0,0
305.12,1.6201,2.3027,0,0,0,0,0,0
305.62,1.623,2.3033,0,0,0,0,0,0
306.12,1.6261,2.304,0,0,0,0,0,0
306.62,1.629,2.305,0,0,0,0,0,0
307.12,1.6321,2.306,0,0,0,0,0,0
307.62,1.6349,2.3067,0,0,0,0,0,0
308.12,1.6381,2.3073,0,0,0,0,0,0
308.62,1.641,2.308,0,0,0,0,0,0
309.12,1.6441,2.309,0,0,0,0,0,0
309.62,1.6471,2.31,0,0,0,0,0,0
310.12,1.6501,2.3107,0,0,0,0,0,0
310.62,1.6532,2.3113,0,0,0,0,0,0
311.12,1.6562,2.3117,0,0,0,0,0,0
311.62,1.6592,2.3123,0,0,0,0,0,0
312.12,1.6622,2.313,0,0,0,0,0,0
312.62,1.6653,2.314,0,0,0,0,0,0
313.12,1.6682,2.315,0,0,0,0,0,0
313.62,1.6714,2.316,0,0,0,0,0,0
314.12,1.6743,2.3167,0,0,0,0,0,0
314.62,1.6774,2.3173,0,0,0,0,0,0
315.12,1.6804,2.318,0,0,0,0,0,0
315.62,1.6834,2.319,0,0,0,0,0,0
316.12,1.6864,2.3197,0,0,0,0,0,0
316.62,1.6895,2.3203,0,0,0,0,0,0
317.12,1.6925,2.321,0,0,0,0,0,0
317.62,1.6955,2.3217,0,0,0,0,0,0
318.12,1.6986,2.3223,0,0,0,0,0,0
318.62,1.7016,2.323,0,0,0,0,0,0
319.12,1.7047,2.324,0,0,0,0,0,0
319.62,1.7077,2.3247,0,0,0,0,0,0
320.12,1.7109,2.3253,0,0,0,0,0,0
320.62,1.7138,2.326,0,0,0,0,0,0
321.12,1.717,2.327,0,0,0,0,0,0
321.62,1.7198,2.3277,0,0,0,0,0,0
322.12,1.7229,2.3283,0,0,0,0,0,0
322.62,1.7259,2.329,0,0,0,0,0,0
323.12,1.729,2.33,0,0,0,0,0,0
323.62,1.7321,2.3307,0,0,0,0,0,0
324.12,1.735,2.3313,0,0,0,0,0,0
324.62,1.7383,2.332,0,0,0,0,0,0
325.12,1.7411,2.333,0,0,0,0,0,0
325.62,1.7443,2.3337,0,0,0,0,0,0
326.12,1.7473,2.3343,0,0,0,0,0,0
326.62,1.7504,2.335,0,0,0,0,0,0
327.12,1.7534,2.3357,0,0,0,0,0,0
327.62,1.7566,2.3363,0,0,0,0,0,0
328.12,1.7595,2.337,0,0,0,0,0,0
328.62,1.7628,2.3383,0,0,0,0,0,0
329.12,1.7659,2.3394,0,0,0,0,0,0
329.62,1.769,2.34,0,0,0,0,0,0
330.12,1.772,2.3403,0,0,0,0,0,0
330.62,1.7751,2.341,0,0,0,0,0,0
331.12,1.7782,2.342,0,0,0,0,0,0
331.62,1.7813,2.3427,0,0,0,0,0,0
332.12,1.7844,2.3433,0,0,0,0,0,0
332.62,1.7874,2.344,0,0,0,0,0,0
333.12,1.7906,2.345,0,0,0,0,0,0
333.62,1.7935,2.346,0,0,0,0,0,0
334.12,1.7967,2.3467,0,0,0,0,0,0
334.62,1.7996,2.3473,0,0,0,0,0,0
335.12,1.8029,2.3477,0,0,0,0,0,0
335.62,1.8059,2.3483,0,0,0,0,0,0
336.12,1.8091,2.349,0,0,0,0,0,0
336.62,1.8121,2.35,0,0,0,0,0,0
337.12,1.8153,2.351,0,0,0,0,0,0
337.62,1.8184,2.3517,0,0,0,0,0,0
338.12,1.8215,2.3523,0,0,0,0,0,0
338.62,1.8246,2.353,0,0,0,0,0,0
339.12,1.8277,2.3537,0,0,0,0,0,0
339.62,1.8309,2.3543,0,0,0,0,0,0
340.12,1.8339,2.355,0,0,0,0,0,0
340.62,1.8371,2.3557,0,0,0,0,0,0
341.12,1.8401,2.3563,0,0,0,0,0,0
341.62,1.8433,2.357,0,0,0,0,0,0
342.12,1.8463,2.358,0,0,0,0,0,0
342.62,1.8495,2.3587,0,0,0,0,0,0
343.12,1.8525,2.3593,0,0,0,0,0,0
343.62,1.8557,2.36,0,0,0,0,0,0
344.12,1.8587,2.361,0,0,0,0,0,0
344.62,1.862,2.3617,0,0,0,0,0,0
345.12,1.865,2.3623,0,0,0,0,0,0
345.62,1.8681,2.363,0,0,0,0,0,0
346.12,1.8713,2.364,0,0,0,0,0,0
346.62,1.8745,2.3647,0,0,0,0,0,0
347.12,1.8776,2.3653,0,0,0,0,0,0
347.62,1.8807,2.366,0,0,0,0,0,0
348.12,1.884,2.3667,0,0,0,0,0,0
348.62,1.8869,2.3673,0,0,0,0,0,0
349.12,1.8903,2.368,0,0,0,0,0,0
349.62,1.8932,2.369,0,0,0,0,0,0
350.12,1.8965,2.37,0,0,0,0,0,0
350.62,1.8996,2.3707,0,0,0,0,0,0
351.12,1.9028,2.3713,0,0,0,0,0,0
351.62,1.9059,2.372,0,0,0,0,0,0
352.12,1.9092,2.373,0,0,0,0,0,0
352.62,1.9123,2.3737,0,0,0,0,0,0
353.12,1.9156,2.3743,0,0,0,0,0,0
353.62,1.9186,2.375,0,0,0,0,0,0
354.12,1.9219,2.3757,0,0,0,0,0,0
354.62,1.925,2.3763,0,0,0,0,0,0
355.12,1.9282,2.377,0,0,0,0,0,0
355.62,1.9314,2.378,0,0,0,0,0,0
356.12,1.9346,2.3787,0,0,0,0,0,0
356.62,1.9379,2.3793,0,0,0,0,0,0
357.12,1.9409,2.38,0,0,0,0,0,0
357.62,1.9442,2.3807,0,0,0,0,0,0
358.12,1.9472,2.3813,0,0,0,0,0,0
358.62,1.9505,2.382,0,0,0,0,0,0
359.12,1.9535,2.383,0,0,0,0,0,0
359.62,1.9569,2.3837,0,0,0,0,0,0
360.12,1.96,2.3843,0,0,0,0,0,0
360.62,1.9633,2.385,0,0,0,0,0,0
361.12,1.9664,2.386,0,0,0,0,0,0
361.62,1.9697,2.387,0,0,0,0,0,0
362.12,1.9728,2.3877,0,0,0,0,0,0
362.62,1.9761,2.3883,0,0,0,0,0,0
363.12,1.9792,2.389,0,0,0,0,0,0
363.62,1.9825,2.3897,0,0,0,0,0,0
364.12,1.9856,2.3903,0,0,0,0,0,0
364.62,1.9889,2.391,0,0,0,0,0,0
365.12,1.9921,2.3917,0,0,0,0,0,0
365.62,1.9952,2.3923,0,0,0,0,0,0
366.12,1.9984,2.393,0,0,0,0,0,0
366.62,2.0016,2.3937,0,0,0,0,0,0
367.12,2.0048,2.3943,0,0,0,0,0,0
367.62,2.0078,2.395,0,0,0,0,0,0
368.12,2.0112,2.3957,0,0,0,0,0,0
368.62,2.0142,2.3963,0,0,0,0,0,0
369.12,2.0176,2.397,0,0,0,0,0,0
369.62,2.0206,2.398,0,0,0,0,0,0
370.12,2.024,2.3987,0,0,0,0,0,0
370.62,2.027,2.3993,0,0,0,0,0,0
371.12,2.0304,2.4,0,0,0,0,0,0
371.62,2.0335,2.4007,0,0,0,0,0,0
372.12,2.0368,2.4013,0,0,0,0,0,0
372.62,2.04,2.402,0,0,0,0,0,0
373.12,2.0431,2.403,0,0,0,0,0,0
373.62,2.0464,2.4037,0,0,0,0,0,0
374.12,2.0495,2.4043,0,0,0,0,0,0
374.62,2.0528,2.405,0,0,0,0,0,0
375.12,2.0559,2.4057,0,0,0,0,0,0
375.62,2.0592,2.4063,0,0,0,0,0,0
376.12,2.0622,2.407,0,0,0,0,0,0
376.62,2.0655,2.408,0,0,0,0,0,0
377.12,2.0686,2.4087,0,0,0,0,0,0
377.62,2.072,2.4093,0,0,0,0,0,0
378.12,2.0751,2.41,0,0,0,0,0,0
378.62,2.0784,2.4107,0,0,0,0,0,0
379.12,2.0815,2.4113,0,0,0,0,0,0
379.62,2.0848,2.412,0,0,0,0,0,0
380.12,2.088,2.413,0,0,0,0,0,0
380.62,2.0912,2.4137,0,0,0,0,0,0
381.12,2.0944,2.4143,0,0,0,0,0,0
381.62,2.0976,2.4147,0,0,0,0,0,0
382.12,2.1008,2.4153,0,0,0,0,0,0
382.62,2.104,2.416,0,0,0,0,0,0
383.12,2.1073,2.417,0,0,0,0,0,0
383.62,2.1105,2.4177,0,0,0,0,0,0
384.12,2.1138,2.4183,0,0,0,0,0,0
384.62,2.1168,2.419,0,0,0,0,0,0
385.12,2.1202,2.42,0,0,0,0,0,0
385.62,2.1233,2.4207,0,0,0,0,0,0
386.12,2.1266,2.4213,0,0,0,0,0,0
386.62,2.1297,2.422,0,0,0,0,0,0
387.12,2.1331,2.4227,0,0,0,0,0,0
387.62,2.1362,2.4233,0,0,0,0,0,0
388.12,2.1395,2.4237,0,0,0,0,0,0
388.62,2.1426,2.4243,0,0,0,0,0,0
389.12,2.1459,2.425,0,0,0,0,0,0
389.62,2.149,2.426,0,0,0,0,0,0
390.12,2.1523,2.4267,0,0,0,0,0,0
390.62,2.1555,2.4273,0,0,0,0,0,0
391.12,2.1587,2.428,0,0,0,0,0,0
391.62,2.162,2.4287,0,0,0,0,0,0
392.12,2.1651,2.4293,0,0,0,0,0,0
392.62,2.1684,2.43,0,0,0,0,0,0
393.12,2.1715,2.4307,0,0,0,0,0,0
393.62,2.1748,2.4313,0,0,0,0,0,0
394.12,2.1779,2.4317,0,0,0,0,0,0
394.62,2.1813,2.4323,0,0,0,0,0,0
395.12,2.1843,2.433,0,0,0,0,0,0
395.62,2.1878,2.434,0,0,0,0,0,0
396.12,2.1909,2.4347,0,0,0,0,0,0
396.62,2.1942,2.4353,0,0,0,0,0,0
397.12,2.1973,2.436,0,0,0,0,0,0
397.62,2.2007,2.4367,0,0,0,0,0,0
398.12,2.2038,2.4373,0,0,0,0,0,0
398.62,2.2071,2.438,0,0,0,0,0,0
399.12,2.2102,2.4387,0,0,0,0,0,0
399.62,2.2134,2.4393,0,0,0,0,0,0
400.12,2.2166,2.4397,0,0,0,0,0,0
400.62,2.2198,2.4403,0,0,0,0,0,0
401.12,2.223,2.441,0,0,0,0,0,0
401.62,2.2261,2.442,0,0,0,0,0,0
402.12,2.2293,2.4427,0,0,0,0,0,0
402.62,2.2324,2.4433,0,0,0,0,0,0
403.12,2.2357,2.444,0,0,0,0,0,0
403.62,2.2388,2.4447,0,0,0,0,0,0
404.12,2.2422,2.4453,0,0,0,0,0,0
404.62,2.2452,2.446,0,0,0,0,0,0
405.12,2.2485,2.4467,0,0,0,0,0,0
405.62,2.2516,2.4473,0,0,0,0,0,0
406.12,2.2549,2.448,0,0,0,0,0,0
406.62,2.258,2.4487,0,0,0,0,0,0
407.12,2.2613,2.4493,0,0,0,0,0,0
407.62,2.2645,2.45,0,0,0,0,0,0
408.12,2.2677,2.4507,0,0,0,0,0,0
408.62,2.271,2.4513,0,0,0,0,0,0
409.12,2.2741,2.452,0,0,0,0,0,0
409.62,2.2775,2.4527,0,0,0,0,0,0
410.12,2.2805,2.4533,0,0,0,0,0,0
410.62,2.2838,2.4537,0,0,0,0,0,0
411.12,2.2869,2.4543,0,0,0,0,0,0
411.62,2.2901,2.455,0,0,0,0,0,0
412.12,2.2933,2.4557,0,0,0,0,0,0
412.62,2.2966,2.4563,0,0,0,0,0,0
413.12,2.2996,2.457,0,0,0,0,0,0
413.62,2.303,2.458,0,0,0,0,0,0
414.12,2.3062,2.4587,0,0,0,0,0,0
414.62,2.3095,2.4593,0,0,0,0,0,0
415.12,2.3126,2.46,0,0,0,0,0,0
415.62,2.3159,2.4607,0,0,0,0,0,0
416.12,2.319,2.4613,0,0,0,0,0,0
416.62,2.3224,2.462,0,0,0,0,0,0
417.12,2.3255,2.4627,0,0,0,0,0,0
417.62,2.3288,2.4633,0,0,0,0,0,0
418.12,2.332,2.4637,0,0,0,0,0,0
418.62,2.3352,2.4643,0,0,0,0,0,0
419.12,2.3384,2.4647,0,0,0,0,0,0
419.62,2.3415,2.4656,0,0,0,0,0,0
420.12,2.3449,2.4664,0,0,0,0,0,0
420.62,2.3481,2.4673,0,0,0,0,0,0
421.12,2.3515,2.4677,0,0,0,0,0,0
421.62,2.3546,2.4683,0,0,0,0,0,0
422.12,2.358,2.4687,0,0,0,0,0,0
422.62,2.3611,2.4693,0,0,0,0,0,0
423.12,2.3645,2.47,0,0,0,0,0,0
423.62,2.3676,2.471,0,0,0,0,0,0
424.12,2.3709,2.4717,0,0,0,0,0,0
424.62,2.3741,2.4723,0,0,0,0,0,0
425.12,2.3773,2.4727,0,0,0,0,0,0
425.62,2.3806,2.4733,0,0,0,0,0,0
426.12,2.3839,2.474,0,0,0,0,0,0
426.62,2.387,2.4747,0,0,0,0,0,0
427.12,2.3903,2.4753,0,0,0,0,0,0
427.62,2.3934,2.476,0,0,0,0,0,0
428.12,2.3967,2.4767,0,0,0,0,0,0
428.62,2.4,2.477,0,0,0,0,0,0
429.12,2.4031,2.4773,0,0,0,0,0,0
429.62,2.4065,2.478,0,0,0,0,0,0
430.12,2.4096,2.4787,0,0,0,0,0,0
430.62,2.4129,2.4793,0,0,0,0,0,0
431.12,2.4161,2.48,0,0,0,0,0,0
431.62,2.4194,2.4807,0,0,0,0,0,0
432.12,2.4226,2.4813,0,0,0,0,0,0
432.62,2.4259,2.482,0,0,0,0,0,0
433.12,2.4291,2.4827,0,0,0,0,0,0
433.62,2.4324,2.4833,0,0,0,0,0,0
434.12,2.4355,2.4837,0,0,0,0,0,0
434.62,2.4388,2.4843,0,0,0,0,0,0
435.12,2.4419,2.4847,0,0,0,0,0,0
435.62,2.4453,2.4853,0,0,0,0,0,0
436.12,2.4484,2.486,0,0,0,0,0,0
436.62,2.4517,2.4867,0,0,0,0,0,0
437.12,2.4548,2.4873,0,0,0,0,0,0
437.62,2.4581,2.4877,0,0,0,0,0,0
438.12,2.4613,2.4883,0,0,0,0,0,0
438.62,2.4645,2.4887,0,0,0,0,0,0
439.12,2.4678,2.4893,0,0,0,0,0,0
439.62,2.4709,2.49,0,0,0,0,0,0
440.12,2.4743,2.4907,0,0,0,0,0,0
440.62,2.4773,2.4913,0,0,0,0,0,0
441.12,2.4808,2.492,0,0,0,0,0,0
441.62,2.4839,2.4927,0,0,0,0,0,0
442.12,2.4872,2.493,0,0,0,0,0,0
442.62,2.4902,2.4933,0,0,0,0,0,0
443.12,2.4936,2.4937,0,0,0,0,0,0
443.62,2.4968,2.4943,0,0,0,0,0,0
444.12,2.5,2.4947,0,0,0,0,0,0
444.62,2.5032,2.4953,0,0,0,0,0,0
445.12,2.5064,2.4957,0,0,0,0,0,0
445.62,2.5096,2.4963,0,0,0,0,0,0
446.12,2.5127,2.4967,0,0,0,0,0,0
446.62,2.516,2.4973,0,0,0,0,0,0
447.12,2.5192,2.498,0,0,0,0,0,0
447.62,2.5224,2.4987,0,0,0,0,0,0
448.12,2.5256,2.499,0,0,0,0,0,0
448.62,2.5289,2.4993,0,0,0,0,0,0
449.12,2.532,2.4997,0,0,0,0,0,0
449.62,2.5354,2.5003,0,0,0,0,0,0
450.12,2.5384,2.5007,0,0,0,0,0,0
450.62,2.5418,2.5013,0,0,0,0,0,0
451.12,2.5448,2.5017,0,0,0,0,0,0
451.62,2.5481,2.5023,0,0,0,0,0,0
452.12,2.5512,2.5027,0,0,0,0,0,0
452.62,2.5546,2.503,0,0,0,0,0,0
453.12,2.5577,2.5033,0,0,0,0,0,0
453.62,2.561,2.5037,0,0,0,0,0,0
454.12,2.5641,2.504,0,0,0,0,0,0
454.62,2.5674,2.5043,0,0,0,0,0,0
455.12,2.5706,2.5047,0,0,0,0,0,0
455.62,2.5738,2.505,0,0,0,0,0,0
456.12,2.5771,2.505,0,0,0,0,0,0
456.62,2.5802,2.5053,0,0,0,0,0,0
457.12,2.5835,2.5057,0,0,0,0,0,0
457.62,2.5867,2.506,0,0,0,0,0,0
458.12,2.59,2.506,0,0,0,0,0,0
458.62,2.5932,2.506,0,0,0,0,0,0
459.12,2.5966,2.5057,0,0,0,0,0,0
459.62,2.5996,2.5053,0,0,0,0,0,0
460.12,2.6031,2.505,0,0,0,0,0,0
