0,0,0.00018227,0,0,0.28843,4,2,2
0.5,-3.0774e-05,0.00019106,-0.00039424,0,0,0,0,0
1,-0.00016888,0.00020161,-0.00045568,0,0,0,0,0
1.5,0.00034503,0.00024785,-0.0001312,0,0,0,0,0
2,-8.3649e-05,0.00035284,-0.00019904,0,0,0,0,0
2.501,9.2654e-05,0.00056011,-0.00021222,0,0,0,0,0
3.001,0.00025632,0.00092693,-0.0005557,0,0,0,0,0
3.5,0.00051079,0.0014995,-0.00052939,0,0,0,0,0
4,0.00035341,0.0022611,-0.00071491,0,0,0,0,0
4.5,0.00050335,0.0031781,-0.00045879,0,0,0,0,0
5,0.00060535,0.0042617,-0.00074768,0,0,0,0,0
5.5,0.00044069,0.0054824,-0.00052749,0,0,0,0,0
6,0.00074571,0.0068125,-0.00045743,0,0,0,0,0
6.499,0.00053671,0.0082152,-0.00019969,0,0,0,0,0
7,0.00060776,0.0096334,-0.00012908,0,0,0,0,0
7.5,0.00059521,0.01099,-1.6575e-05,0,0,0,0,0
8,0.0007469,0.012324,-0.000323,0,0,0,0,0
8.5,0.00075241,0.013696,-0.00023726,0,0,0,0,0
9,0.00080045,0.01504,-0.00024415,0,0,0,0,0
9.5,0.00083776,0.016398,-0.0002925,0,0,0,0,0
10,0.00095636,0.017787,-0.00047444,0,0,0,0,0
10.5,0.00094359,0.019222,-0.00029296,0,0,0,0,0
11,0.0010311,0.020581,-0.00039001,0,0,0,0,0
11.5,0.0010605,0.021983,-0.00032822,0,0,0,0,0
12,0.0010842,0.02345,-0.00028925,0,0,0,0,0
12.5,0.0010832,0.02491,-0.00036073,0,0,0,0,0
13,0.0011041,0.026311,-0.00068679,0,0,0,0,0
13.5,0.0011561,0.027723,-0.00060193,0,0,0,0,0
14.001,0.0012427,0.029235,-0.00067888,0,0,0,0,0
14.5,0.00074506,0.030726,-0.00022772,0,0,0,0,0
15,0.0014014,0.032222,-0.00031457,0,0,0,0,0
15.5,0.0013458,0.033738,-0.0001765,0,0,0,0,0
16,0.0014431,0.035301,-0.00033838,0,0,0,0,0
16.5,0.0015709,0.036864,-0.0003458,0,0,0,0,0
17,0.0014146,0.038437,-0.00065752,0,0,0,0,0
17.5,0.0015581,0.040064,2.6833e-05,0,0,0,0,0
18,0.001803,0.041676,-5.8132e-05,0,0,0,0,0
18.5,0.0019008,0.043379,-0.00021489,0,0,0,0,0
19,0.0017939,0.045113,-0.00013428,0,0,0,0,0
19.5,0.0018962,0.046922,-0.00014206,0,0,0,0,0
20.001,0.0017567,0.048786,-0.00015325,0,0,0,0,0
20.5,0.0021082,0.050778,8.8246e-05,0,0,0,0,0
21,0.0018273,0.052763,-0.00039626,0,0,0,0,0
21.5,0.0019962,0.054712,-0.00066542,0,0,0,0,0
22,0.0021112,0.056685,0.00028799,0,0,0,0,0
22.499,0.0018966,0.058747,-0.00017444,0,0,0,0,0
23,0.0022466,0.06082,0.00010122,0,0,0,0,0
23.5,0.0021745,0.062833,0.00048025,0,0,0,0,0
24,0.0024785,0.064861,-2.9659e-05,0,0,0,0,0
24.5,0.002491,0.066976,0.00029872,0,0,0,0,0
25,0.0025488,0.069109,0.00033004,0,0,0,0,0
25.5,0.0026893,0.071196,0.00062151,0,0,0,0,0
26,0.0026821,0.073362,0.00049685,0,0,0,0,0
26.5,0.0027779,0.075549,0.00036601,0,0,0,0,0
27,0.0029444,0.077727,0.00040413,0,0,0,0,0
27.5,0.0030246,0.079915,0.00046182,0,0,0,0,0
28,0.0030552,0.082162,0.00057658,0,0,0,0,0
28.5,0.002989,0.084398,0.00039429,0,0,0,0,0
29,0.0031847,0.086618,0.00040415,0,0,0,0,0
29.499,0.0032151,0.088817,0.00061271,0,0,0,0,0
30,0.0033453,0.09102,0.00064799,0,0,0,0,0
30.5,0.0034366,0.093256,0.00099635,0,0,0,0,0
31,0.0035394,0.095576,0.0009451,0,0,0,0,0
31.5,0.0035507,0.097849,0.00048422,0,0,0,0,0
32,0.0035847,0.10011,0.00084854,0,0,0,0,0
32.5,0.003776,0.10237,0.0010521,0,0,0,0,0
33,0.0038048,0.10471,0.00061151,0,0,0,0,0
33.5,0.0039177,0.10697,0.0007101,0,0,0,0,0
34,0.0039797,0.10924,0.0011371,0,0,0,0,0
34.5,0.0041198,0.1116,0.00086478,0,0,0,0,0
35,0.0042004,0.11397,0.0010075,0,0,0,0,0
35.5,0.0042807,0.11629,0.00067617,0,0,0,0,0
36,0.0044133,0.11867,0.0010795,0,0,0,0,0
36.5,0.004494,0.12106,0.0010806,0,0,0,0,0
37,0.0045689,0.12343,0.0012251,0,0,0,0,0
37.5,0.0047229,0.12581,0.0008956,0,0,0,0,0
38,0.004816,0.12826,0.0010742,0,0,0,0,0
38.5,0.0049169,0.13064,0.0013147,0,0,0,0,0
39,0.0050539,0.13303,0.0011468,0,0,0,0,0
39.5,0.0051386,0.13553,0.001097,0,0,0,0,0
40,0.0052542,0.13803,0.00092178,0,0,0,0,0
40.5,0.005358,0.14052,0.00095075,0,0,0,0,0
41,0.0054553,0.14294,0.0011819,0,0,0,0,0
41.5,0.0054976,0.14536,0.00058413,0,0,0,0,0
42,0.0056667,0.14784,0.0013486,0,0,0,0,0
42.5,0.0057478,0.15043,0.0014659,0,0,0,0,0
43,0.0058956,0.15291,0.0010781,0,0,0,0,0
43.5,0.0060338,0.15531,0.0014721,0,0,0,0,0
44,0.0061335,0.15782,0.0013333,0,0,0,0,0
44.499,0.0062971,0.16035,0.0012735,0,0,0,0,0
45,0.006503,0.1628,0.0010937,0,0,0,0,0
45.5,0.006581,0.1652,0.0013701,0,0,0,0,0
46,0.00676,0.16768,0.0020298,0,0,0,0,0
46.5,0.0068235,0.17014,0.0019128,0,0,0,0,0
47,0.0070416,0.17264,0.0018173,0,0,0,0,0
47.5,0.007109,0.17519,0.0018706,0,0,0,0,0
48,0.0072587,0.17779,0.0019396,0,0,0,0,0
48.499,0.0074016,0.18027,0.0022382,0,0,0,0,0
48.999,0.0075512,0.18268,0.001886,0,0,0,0,0
49.5,0.0077304,0.18513,0.0021557,0,0,0,0,0
50,0.0079246,0.18762,0.002,0,0,0,0,0
50.5,0.0079914,0.19006,0.002165,0,0,0,0,0
51,0.0082177,0.19246,0.0021867,0,0,0,0,0
51.5,0.0083105,0.19487,0.0023067,0,0,0,0,0
52,0.0085344,0.19724,0.0020928,0,0,0,0,0
52.5,0.0086819,0.19963,0.0031011,0,0,0,0,0
52.999,0.0088924,0.20205,0.002842,0,0,0,0,0
53.5,0.0091325,0.20441,0.0027631,0,0,0,0,0
54,0.0092532,0.20671,0.0028799,0,0,0,0,0
54.5,0.0095031,0.20906,0.0032914,0,0,0,0,0
55,0.0096707,0.21144,0.002851,0,0,0,0,0
55.499,0.0099238,0.21373,0.003336,0,0,0,0,0
56,0.010076,0.21604,0.0032989,0,0,0,0,0
56.5,0.010345,0.21834,0.003282,0,0,0,0,0
56.999,0.010579,0.22057,0.0035773,0,0,0,0,0
57.499,0.010818,0.22272,0.0036134,0,0,0,0,0
58,0.011085,0.22492,0.0038351,0,0,0,0,0
58.5,0.011283,0.22707,0.0037715,0,0,0,0,0
59,0.01156,0.22921,0.0039155,0,0,0,0,0
59.5,0.011772,0.23135,0.0039951,0,0,0,0,0
60,0.012061,0.23345,0.0040884,0,0,0,0,0
60.5,0.01246,0.2355,0.0041985,0,0,0,0,0
61,0.012636,0.23755,0.0041644,0,0,0,0,0
61.5,0.012922,0.23951,0.0042857,0,0,0,0,0
62,0.01319,0.2414,0.0045143,0,0,0,0,0
62.5,0.01348,0.24329,0.0049382,0,0,0,0,0
63,0.013801,0.24514,0.0044988,0,0,0,0,0
63.5,0.01408,0.24695,0.0046792,0,0,0,0,0
64,0.014341,0.24878,0.004852,0,0,0,0,0
64.5,0.0147,0.25058,0.0055252,0,0,0,0,0
65.001,0.015059,0.25226,0.0053944,0,0,0,0,0
65.5,0.015378,0.25387,0.0059498,0,0,0,0,0
65.999,0.015707,0.25552,0.0051945,0,0,0,0,0
66.5,0.01605,0.25714,0.0060651,0,0,0,0,0
67,0.016371,0.25872,0.0061714,0,0,0,0,0
67.5,0.016726,0.26025,0.0063135,0,0,0,0,0
68,0.017133,0.26177,0.0067015,0,0,0,0,0
68.5,0.017426,0.2632,0.0067869,0,0,0,0,0
68.999,0.01785,0.26463,0.0069572,0,0,0,0,0
69.5,0.018196,0.26609,0.0067829,0,0,0,0,0
70,0.018569,0.26749,0.0072715,0,0,0,0,0
70.5,0.019006,0.26881,0.0077583,0,0,0,0,0
71,0.019428,0.27012,0.0077856,0,0,0,0,0
71.5,0.019769,0.27141,0.0077851,0,0,0,0,0
72,0.020254,0.27266,0.0085265,0,0,0,0,0
72.5,0.020654,0.27388,0.0089736,0,0,0,0,0
73,0.02112,0.27513,0.0087427,0,0,0,0,0
73.5,0.021489,0.27631,0.0088894,0,0,0,0,0
74,0.021919,0.27744,0.0094656,0,0,0,0,0
74.5,0.022327,0.27857,0.0094774,0,0,0,0,0
74.999,0.022716,0.27969,0.010034,0,0,0,0,0
75.5,0.023101,0.28078,0.010341,0,0,0,0,0
76.001,0.023576,0.28186,0.010413,0,0,0,0,0
76.5,0.024079,0.28295,0.010937,0,0,0,0,0
77,0.024462,0.284,0.010663,0,0,0,0,0
77.5,0.024882,0.28504,0.011365,0,0,0,0,0
77.999,0.025357,0.28606,0.011605,0,0,0,0,0
78.5,0.025796,0.28705,0.01151,0,0,0,0,0
79,0.026336,0.28802,0.011551,0,0,0,0,0
79.5,0.026776,0.28902,0.011707,0,0,0,0,0
79.999,0.027205,0.29002,0.01216,0,0,0,0,0
80.5,0.027695,0.29096,0.012302,0,0,0,0,0
81,0.028191,0.29187,0.012934,0,0,0,0,0
81.499,0.028647,0.29279,0.012794,0,0,0,0,0
81.999,0.029092,0.29372,0.012673,0,0,0,0,0
82.5,0.029595,0.29463,0.012989,0,0,0,0,0
83,0.030003,0.29554,0.013873,0,0,0,0,0
83.5,0.03049,0.29641,0.014284,0,0,0,0,0
84,0.030973,0.29726,0.014426,0,0,0,0,0
84.5,0.031487,0.29812,0.014491,0,0,0,0,0
85,0.031911,0.29901,0.014639,0,0,0,0,0
85.499,0.032428,0.29985,0.014931,0,0,0,0,0
86,0.032847,0.30065,0.015082,0,0,0,0,0
86.5,0.033349,0.30146,0.015485,0,0,0,0,0
86.999,0.033862,0.3023,0.015609,0,0,0,0,0
87.499,0.034307,0.30312,0.016122,0,0,0,0,0
88,0.034754,0.30391,0.016245,0,0,0,0,0
88.499,0.035325,0.30471,0.016828,0,0,0,0,0
89,0.035833,0.30551,0.016525,0,0,0,0,0
89.5,0.036341,0.3063,0.01705,0,0,0,0,0
90,0.03679,0.30708,0.017058,0,0,0,0,0
90.5,0.03736,0.30783,0.018108,0,0,0,0,0
91,0.037844,0.30856,0.018122,0,0,0,0,0
91.5,0.038276,0.30932,0.018616,0,0,0,0,0
92,0.038826,0.31006,0.018569,0,0,0,0,0
92.499,0.039324,0.31078,0.018612,0,0,0,0,0
92.999,0.03983,0.31151,0.019301,0,0,0,0,0
93.499,0.040361,0.31222,0.019544,0,0,0,0,0
94,0.040858,0.3129,0.019787,0,0,0,0,0
94.5,0.041186,0.31357,0.019925,0,0,0,0,0
95,0.041679,0.3143,0.020333,0,0,0,0,0
95.499,0.042371,0.31502,0.020534,0,0,0,0,0
96,0.042851,0.31571,0.020963,0,0,0,0,0
96.499,0.043369,0.31638,0.021084,0,0,0,0,0
97,0.043917,0.31706,0.021274,0,0,0,0,0
97.5,0.044471,0.31773,0.021735,0,0,0,0,0
98,0.045003,0.31841,0.022088,0,0,0,0,0
98.5,0.045474,0.31905,0.022132,0,0,0,0,0
99,0.046003,0.3197,0.022474,0,0,0,0,0
99.5,0.04652,0.32034,0.022641,0,0,0,0,0
100,0.047067,0.32098,0.022876,0,0,0,0,0
100.5,0.04756,0.3216,0.023135,0,0,0,0,0
101,0.048002,0.32222,0.023435,0,0,0,0,0
101.5,0.048741,0.32283,0.023511,0,0,0,0,0
102,0.049222,0.32345,0.024158,0,0,0,0,0
102.5,0.049791,0.32405,0.02421,0,0,0,0,0
103,0.050262,0.32464,0.024695,0,0,0,0,0
103.5,0.050973,0.32522,0.02474,0,0,0,0,0
104,0.051313,0.32581,0.025327,0,0,0,0,0
104.5,0.051886,0.32642,0.026108,0,0,0,0,0
105,0.052406,0.32701,0.02565,0,0,0,0,0
105.5,0.052922,0.3276,0.025914,0,0,0,0,0
106,0.053336,0.32818,0.026025,0,0,0,0,0
106.5,0.053965,0.32877,0.026073,0,0,0,0,0
107,0.054514,0.32934,0.026567,0,0,0,0,0
107.5,0.055076,0.3299,0.02695,0,0,0,0,0
108,0.055679,0.33044,0.027298,0,0,0,0,0
108.5,0.056203,0.33099,0.027837,0,0,0,0,0
109,0.056647,0.33155,0.027893,0,0,0,0,0
109.5,0.057265,0.3321,0.028179,0,0,0,0,0
110,0.057876,0.33267,0.028449,0,0,0,0,0
110.5,0.058329,0.3332,0.028563,0,0,0,0,0
111,0.058883,0.33372,0.029219,0,0,0,0,0
111.5,0.05944,0.33424,0.029315,0,0,0,0,0
112,0.059987,0.33477,0.029421,0,0,0,0,0
112.5,0.060484,0.33529,0.030128,0,0,0,0,0
113,0.061034,0.3358,0.030118,0,0,0,0,0
113.5,0.06155,0.33631,0.030401,0,0,0,0,0
114,0.06212,0.3368,0.030549,0,0,0,0,0
114.5,0.062704,0.33729,0.030546,0,0,0,0,0
115,0.063163,0.33778,0.031606,0,0,0,0,0
115.5,0.063736,0.33827,0.031527,0,0,0,0,0
116,0.064346,0.33876,0.031985,0,0,0,0,0
116.5,0.064857,0.33925,0.031724,0,0,0,0,0
117,0.065416,0.33975,0.03219,0,0,0,0,0
117.5,0.065991,0.34023,0.032389,0,0,0,0,0
118,0.066522,0.34071,0.032617,0,0,0,0,0
118.5,0.067093,0.34119,0.032715,0,0,0,0,0
119,0.067639,0.34168,0.03341,0,0,0,0,0
119.5,0.068211,0.34216,0.033618,0,0,0,0,0
120,0.068824,0.34263,0.033393,0,0,0,0,0
120.5,0.069339,0.34308,0.034353,0,0,0,0,0
121,0.06987,0.34351,0.034497,0,0,0,0,0
121.5,0.070371,0.34394,0.034961,0,0,0,0,0
122,0.070941,0.34439,0.035025,0,0,0,0,0
122.5,0.071534,0.34482,0.035266,0,0,0,0,0
123,0.072087,0.34524,0.035245,0,0,0,0,0
123.5,0.072643,0.34569,0.036072,0,0,0,0,0
124,0.073201,0.34612,0.036293,0,0,0,0,0
124.5,0.073793,0.34654,0.036214,0,0,0,0,0
125,0.074317,0.34698,0.036817,0,0,0,0,0
125.5,0.074919,0.34742,0.036864,0,0,0,0,0
126,0.075466,0.34784,0.037218,0,0,0,0,0
126.5,0.076041,0.34826,0.037375,0,0,0,0,0
127,0.076608,0.34868,0.037966,0,0,0,0,0
127.5,0.077097,0.34908,0.037717,0,0,0,0,0
128,0.077742,0.34948,0.038243,0,0,0,0,0
128.5,0.078255,0.34989,0.038766,0,0,0,0,0
129,0.078789,0.35029,0.038751,0,0,0,0,0
129.5,0.079436,0.35069,0.038973,0,0,0,0,0
130,0.079908,0.35109,0.039332,0,0,0,0,0
130.5,0.080527,0.35147,0.040058,0,0,0,0,0
131,0.081126,0.35185,0.04001,0,0,0,0,0
131.5,0.081672,0.35224,0.040641,0,0,0,0,0
132,0.082233,0.35263,0.040922,0,0,0,0,0
132.5,0.082794,0.35301,0.040995,0,0,0,0,0
133,0.083379,0.35339,0.041341,0,0,0,0,0
133.5,0.083867,0.35375,0.041654,0,0,0,0,0
134,0.084471,0.35412,0.042238,0,0,0,0,0
134.5,0.085012,0.35449,0.042276,0,0,0,0,0
135,0.085631,0.35485,0.042586,0,0,0,0,0
135.5,0.086206,0.3552,0.043142,0,0,0,0,0
136,0.086825,0.35557,0.043232,0,0,0,0,0
136.5,0.087339,0.35593,0.04338,0,0,0,0,0
137,0.087892,0.35629,0.043959,0,0,0,0,0
137.5,0.088481,0.35665,0.044257,0,0,0,0,0
138,0.08906,0.35701,0.044689,0,0,0,0,0
138.5,0.089623,0.35736,0.04451,0,0,0,0,0
139,0.090202,0.35772,0.044961,0,0,0,0,0
139.5,0.090749,0.35806,0.045288,0,0,0,0,0
140,0.091397,0.35841,0.045395,0,0,0,0,0
140.5,0.091924,0.35876,0.045991,0,0,0,0,0
141,0.092488,0.35911,0.046226,0,0,0,0,0
141.5,0.093093,0.35944,0.046513,0,0,0,0,0
142,0.0937,0.35976,0.046619,0,0,0,0,0
142.5,0.094206,0.36008,0.04638,0,0,0,0,0
143,0.094765,0.3604,0.046906,0,0,0,0,0
143.5,0.095326,0.36072,0.047468,0,0,0,0,0
144,0.095869,0.36104,0.047207,0,0,0,0,0
144.5,0.096449,0.36138,0.047693,0,0,0,0,0
145,0.096915,0.36171,0.047941,0,0,0,0,0
145.5,0.097622,0.36203,0.048273,0,0,0,0,0
146,0.098235,0.36237,0.048755,0,0,0,0,0
146.5,0.098804,0.3627,0.048981,0,0,0,0,0
147,0.09937,0.36302,0.049395,0,0,0,0,0
147.5,0.099955,0.36333,0.049557,0,0,0,0,0
148,0.10055,0.36365,0.049561,0,0,0,0,0
148.5,0.10105,0.36395,0.049752,0,0,0,0,0
149,0.1017,0.36423,0.050565,0,0,0,0,0
149.5,0.10222,0.36451,0.050394,0,0,0,0,0
150,0.10275,0.36479,0.051178,0,0,0,0,0
150.5,0.10339,0.36507,0.051297,0,0,0,0,0
151,0.10402,0.36536,0.051534,0,0,0,0,0
151.5,0.10449,0.36565,0.051591,0,0,0,0,0
152,0.10519,0.36595,0.051895,0,0,0,0,0
152.5,0.1058,0.36623,0.052374,0,0,0,0,0
153,0.10632,0.36652,0.052369,0,0,0,0,0
153.5,0.10691,0.36681,0.053019,0,0,0,0,0
154,0.10754,0.3671,0.053071,0,0,0,0,0
154.5,0.10813,0.36738,0.053489,0,0,0,0,0
155,0.10867,0.36766,0.053607,0,0,0,0,0
155.5,0.10926,0.36793,0.054067,0,0,0,0,0
156,0.10979,0.36821,0.054621,0,0,0,0,0
156.5,0.11043,0.36849,0.054673,0,0,0,0,0
157,0.11099,0.36876,0.055387,0,0,0,0,0
157.5,0.11159,0.36904,0.055553,0,0,0,0,0
158,0.11212,0.36931,0.055212,0,0,0,0,0
158.5,0.11273,0.36958,0.0557,0,0,0,0,0
159,0.11302,0.36984,0.056116,0,0,0,0,0
159.5,0.11397,0.37009,0.056243,0,0,0,0,0
160,0.11453,0.37036,0.056933,0,0,0,0,0
160.5,0.11534,0.37062,0.057169,0,0,0,0,0
161,0.11586,0.37088,0.057401,0,0,0,0,0
161.5,0.11626,0.37114,0.057755,0,0,0,0,0
162,0.11688,0.3714,0.05817,0,0,0,0,0
162.5,0.11731,0.37167,0.05833,0,0,0,0,0
163,0.11811,0.37192,0.058924,0,0,0,0,0
163.5,0.11864,0.37217,0.058924,0,0,0,0,0
164,0.1192,0.37242,0.059297,0,0,0,0,0
164.5,0.11975,0.37267,0.059542,0,0,0,0,0
165,0.12037,0.37291,0.0599,0,0,0,0,0
165.5,0.12098,0.37316,0.060253,0,0,0,0,0
166,0.12157,0.37341,0.060427,0,0,0,0,0
166.5,0.12215,0.37366,0.060836,0,0,0,0,0
167,0.12277,0.3739,0.0611,0,0,0,0,0
167.5,0.12332,0.37415,0.061584,0,0,0,0,0
168,0.12389,0.3744,0.06157,0,0,0,0,0
168.5,0.1245,0.37464,0.062355,0,0,0,0,0
169,0.12514,0.37487,0.062468,0,0,0,0,0
169.5,0.12564,0.37509,0.062712,0,0,0,0,0
170,0.12635,0.37533,0.062834,0,0,0,0,0
170.5,0.12689,0.37556,0.063383,0,0,0,0,0
171,0.1273,0.37579,0.063885,0,0,0,0,0
171.5,0.12813,0.37602,0.064096,0,0,0,0,0
172,0.12872,0.37624,0.064542,0,0,0,0,0
172.5,0.12925,0.37646,0.064781,0,0,0,0,0
173,0.1299,0.37669,0.065329,0,0,0,0,0
173.5,0.13051,0.37693,0.065689,0,0,0,0,0
174,0.13154,0.37715,0.066022,0,0,0,0,0
174.5,0.13168,0.37738,0.066406,0,0,0,0,0
175,0.1322,0.37759,0.066845,0,0,0,0,0
175.5,0.13276,0.37781,0.066925,0,0,0,0,0
176,0.13344,0.37802,0.067191,0,0,0,0,0
176.5,0.13403,0.37823,0.067621,0,0,0,0,0
177,0.13465,0.37845,0.06835,0,0,0,0,0
177.5,0.13516,0.37866,0.06885,0,0,0,0,0
178,0.13576,0.37886,0.068962,0,0,0,0,0
178.5,0.13642,0.37907,0.069405,0,0,0,0,0
179,0.13701,0.37928,0.069741,0,0,0,0,0
179.5,0.13756,0.37949,0.069964,0,0,0,0,0
180,0.13818,0.3797,0.070361,0,0,0,0,0
180.5,0.13884,0.3799,0.070608,0,0,0,0,0
181,0.13938,0.38011,0.071069,0,0,0,0,0
181.5,0.13999,0.38031,0.071236,0,0,0,0,0
182,0.14053,0.38052,0.071828,0,0,0,0,0
182.5,0.14119,0.38072,0.072437,0,0,0,0,0
183,0.14186,0.38092,0.072697,0,0,0,0,0
183.5,0.1424,0.38112,0.072967,0,0,0,0,0
184,0.14297,0.38131,0.073678,0,0,0,0,0
184.5,0.14359,0.3815,0.074035,0,0,0,0,0
185,0.14416,0.38169,0.074476,0,0,0,0,0
185.5,0.14481,0.38189,0.074611,0,0,0,0,0
186,0.14538,0.38207,0.075172,0,0,0,0,0
186.5,0.14603,0.38225,0.075692,0,0,0,0,0
187,0.14668,0.38243,0.075706,0,0,0,0,0
187.5,0.14721,0.38262,0.07635,0,0,0,0,0
188,0.14787,0.3828,0.076572,0,0,0,0,0
188.5,0.14845,0.38299,0.077341,0,0,0,0,0
189,0.14908,0.38318,0.077595,0,0,0,0,0
189.5,0.14964,0.38336,0.077808,0,0,0,0,0
190,0.15026,0.38353,0.078506,0,0,0,0,0
190.5,0.15084,0.38371,0.078622,0,0,0,0,0
191,0.15137,0.38389,0.079472,0,0,0,0,0
191.5,0.15203,0.38405,0.07961,0,0,0,0,0
192,0.15261,0.38422,0.080353,0,0,0,0,0
192.5,0.15327,0.38438,0.08069,0,0,0,0,0
193,0.15392,0.38454,0.08105,0,0,0,0,0
193.5,0.15451,0.3847,0.081442,0,0,0,0,0
194,0.15505,0.38485,0.081949,0,0,0,0,0
194.5,0.15565,0.38502,0.082068,0,0,0,0,0
195,0.15626,0.38517,0.082888,0,0,0,0,0
195.5,0.15682,0.38533,0.082902,0,0,0,0,0
196,0.15746,0.38549,0.083385,0,0,0,0,0
196.5,0.15806,0.38566,0.083679,0,0,0,0,0
197,0.15865,0.38582,0.083973,0,0,0,0,0
197.5,0.15927,0.38598,0.084833,0,0,0,0,0
198,0.15985,0.38614,0.085251,0,0,0,0,0
198.5,0.16047,0.3863,0.085609,0,0,0,0,0
199,0.16104,0.38646,0.085976,0,0,0,0,0
199.5,0.1617,0.38662,0.086526,0,0,0,0,0
200,0.16223,0.38678,0.087035,0,0,0,0,0
200.5,0.16292,0.38694,0.087754,0,0,0,0,0
201,0.1634,0.3871,0.087663,0,0,0,0,0
201.5,0.1641,0.38725,0.088249,0,0,0,0,0
202,0.16463,0.38741,0.088803,0,0,0,0,0
202.5,0.16536,0.38756,0.08937,0,0,0,0,0
203,0.16591,0.38772,0.089882,0,0,0,0,0
203.5,0.16648,0.38787,0.090403,0,0,0,0,0
204,0.16716,0.38801,0.090809,0,0,0,0,0
204.5,0.16771,0.38816,0.091608,0,0,0,0,0
205,0.16837,0.3883,0.092128,0,0,0,0,0
205.5,0.16896,0.38844,0.092401,0,0,0,0,0
206,0.16958,0.38857,0.092844,0,0,0,0,0
206.5,0.17014,0.38871,0.093504,0,0,0,0,0
207,0.17077,0.38884,0.09395,0,0,0,0,0
207.5,0.17142,0.38898,0.094683,0,0,0,0,0
208,0.17181,0.38913,0.09506,0,0,0,0,0
208.5,0.17253,0.38927,0.095137,0,0,0,0,0
209,0.17327,0.38941,0.096196,0,0,0,0,0
209.5,0.17369,0.38956,0.0968,0,0,0,0,0
210,0.17445,0.3897,0.096972,0,0,0,0,0
210.5,0.17505,0.38983,0.097621,0,0,0,0,0
211,0.1757,0.38997,0.098229,0,0,0,0,0
211.5,0.17633,0.39012,0.098578,0,0,0,0,0
212,0.17697,0.39026,0.098858,0,0,0,0,0
212.5,0.17763,0.39039,0.099547,0,0,0,0,0
213,0.17819,0.39051,0.099737,0,0,0,0,0
213.5,0.17876,0.39063,0.10058,0,0,0,0,0
214,0.17943,0.39075,0.1012,0,0,0,0,0
214.5,0.17991,0.39087,0.10155,0,0,0,0,0
215,0.18055,0.39098,0.10164,0,0,0,0,0
215.5,0.18116,0.39109,0.10252,0,0,0,0,0
216,0.18175,0.3912,0.10311,0,0,0,0,0
216.5,0.18234,0.39132,0.10343,0,0,0,0,0
217,0.183,0.39144,0.10392,0,0,0,0,0
217.5,0.18363,0.39156,0.10467,0,0,0,0,0
218,0.18425,0.39167,0.10505,0,0,0,0,0
218.5,0.18481,0.39178,0.10567,0,0,0,0,0
219,0.18548,0.39189,0.10618,0,0,0,0,0
219.5,0.18611,0.39201,0.1067,0,0,0,0,0
220,0.18673,0.39213,0.10692,0,0,0,0,0
220.5,0.18738,0.39224,0.10768,0,0,0,0,0
221,0.18795,0.39235,0.10811,0,0,0,0,0
221.5,0.1886,0.39246,0.10884,0,0,0,0,0
222,0.18917,0.39257,0.10959,0,0,0,0,0
222.5,0.18996,0.39267,0.10979,0,0,0,0,0
223,0.19039,0.39278,0.11014,0,0,0,0,0
223.5,0.19106,0.39288,0.11099,0,0,0,0,0
224,0.19166,0.39299,0.11152,0,0,0,0,0
224.5,0.19228,0.39309,0.11198,0,0,0,0,0
225,0.19299,0.39319,0.11266,0,0,0,0,0
225.5,0.19351,0.39329,0.11281,0,0,0,0,0
226,0.19421,0.39339,0.11354,0,0,0,0,0
226.5,0.19489,0.39349,0.1141,0,0,0,0,0
227,0.19518,0.39358,0.11457,0,0,0,0,0
227.5,0.196,0.39367,0.11499,0,0,0,0,0
228,0.19662,0.39375,0.11578,0,0,0,0,0
228.5,0.19738,0.39384,0.11611,0,0,0,0,0
229,0.19768,0.39393,0.11706,0,0,0,0,0
229.5,0.19837,0.39403,0.11766,0,0,0,0,0
230,0.199,0.39411,0.11752,0,0,0,0,0
230.5,0.19974,0.3942,0.11872,0,0,0,0,0
231,0.20007,0.3943,0.1194,0,0,0,0,0
231.5,0.20107,0.39439,0.11978,0,0,0,0,0
232,0.20169,0.39448,0.12053,0,0,0,0,0
232.5,0.20223,0.39457,0.12081,0,0,0,0,0
233,0.20283,0.39465,0.12131,0,0,0,0,0
233.5,0.20345,0.39473,0.12249,0,0,0,0,0
234,0.20414,0.39482,0.12261,0,0,0,0,0
234.5,0.20475,0.3949,0.12364,0,0,0,0,0
235,0.20539,0.39498,0.12408,0,0,0,0,0
235.5,0.206,0.39506,0.12482,0,0,0,0,0
236,0.20668,0.39514,0.1253,0,0,0,0,0
236.5,0.20722,0.39521,0.12595,0,0,0,0,0
237,0.20786,0.39529,0.12652,0,0,0,0,0
237.5,0.2085,0.39536,0.12707,0,0,0,0,0
238,0.20909,0.39544,0.12805,0,0,0,0,0
238.5,0.2097,0.39551,0.12864,0,0,0,0,0
239,0.21042,0.39559,0.12906,0,0,0,0,0
239.5,0.211,0.39567,0.12961,0,0,0,0,0
240,0.21165,0.39574,0.13045,0,0,0,0,0
240.5,0.21234,0.39581,0.13118,0,0,0,0,0
241,0.21294,0.39589,0.13166,0,0,0,0,0
241.5,0.21352,0.39597,0.1324,0,0,0,0,0
242,0.21419,0.39604,0.13299,0,0,0,0,0
242.5,0.21475,0.39611,0.13373,0,0,0,0,0
243,0.21543,0.39617,0.13446,0,0,0,0,0
243.5,0.21605,0.39623,0.13491,0,0,0,0,0
244,0.21663,0.39629,0.1356,0,0,0,0,0
244.5,0.21733,0.39635,0.13643,0,0,0,0,0
245,0.2179,0.39641,0.13678,0,0,0,0,0
245.5,0.21853,0.39647,0.13749,0,0,0,0,0
246,0.21924,0.39653,0.13843,0,0,0,0,0
246.5,0.2198,0.39658,0.1387,0,0,0,0,0
247,0.22049,0.39663,0.13959,0,0,0,0,0
247.5,0.22103,0.39668,0.14011,0,0,0,0,0
248,0.22169,0.39673,0.14076,0,0,0,0,0
248.5,0.22236,0.39679,0.1414,0,0,0,0,0
249,0.22296,0.39685,0.14185,0,0,0,0,0
249.5,0.22362,0.3969,0.14252,0,0,0,0,0
250,0.22409,0.39695,0.14334,0,0,0,0,0
250.5,0.22482,0.397,0.14425,0,0,0,0,0
251,0.22546,0.39705,0.14469,0,0,0,0,0
251.5,0.22608,0.39711,0.1456,0,0,0,0,0
252,0.22675,0.39716,0.14602,0,0,0,0,0
252.5,0.2274,0.3972,0.14663,0,0,0,0,0
253,0.22802,0.39724,0.1474,0,0,0,0,0
253.5,0.22865,0.39729,0.14785,0,0,0,0,0
254,0.2293,0.39734,0.14867,0,0,0,0,0
254.5,0.23004,0.39739,0.14942,0,0,0,0,0
255,0.23051,0.39743,0.15032,0,0,0,0,0
255.5,0.23122,0.39747,0.15087,0,0,0,0,0
256,0.2318,0.39751,0.15159,0,0,0,0,0
256.5,0.23251,0.39754,0.15245,0,0,0,0,0
257,0.23305,0.39758,0.15288,0,0,0,0,0
257.5,0.23376,0.39761,0.15354,0,0,0,0,0
258,0.23437,0.39765,0.15431,0,0,0,0,0
258.5,0.23498,0.39767,0.15522,0,0,0,0,0
259,0.2356,0.3977,0.15569,0,0,0,0,0
259.5,0.23632,0.39773,0.1563,0,0,0,0,0
260,0.23693,0.39775,0.15714,0,0,0,0,0
260.5,0.23757,0.39778,0.15778,0,0,0,0,0
261,0.23765,0.39781,0.15876,0,0,0,0,0
261.5,0.23895,0.39783,0.15932,0,0,0,0,0
262,0.23958,0.39786,0.16021,0,0,0,0,0
262.5,0.24028,0.39789,0.16078,0,0,0,0,0
263,0.24087,0.39792,0.16191,0,0,0,0,0
263.5,0.24145,0.39795,0.16298,0,0,0,0,0
264,0.24214,0.39798,0.16345,0,0,0,0,0
264.5,0.24278,0.398,0.16414,0,0,0,0,0
265,0.24343,0.39802,0.16528,0,0,0,0,0
265.5,0.2439,0.39804,0.1659,0,0,0,0,0
266,0.24463,0.39806,0.16695,0,0,0,0,0
266.5,0.24533,0.39808,0.1674,0,0,0,0,0
267,0.24597,0.3981,0.16805,0,0,0,0,0
267.5,0.24663,0.39811,0.16914,0,0,0,0,0
268,0.24727,0.39812,0.16994,0,0,0,0,0
268.5,0.24788,0.39813,0.17026,0,0,0,0,0
269,0.24857,0.39814,0.17171,0,0,0,0,0
269.5,0.24919,0.39815,0.17244,0,0,0,0,0
270,0.24983,0.39816,0.17302,0,0,0,0,0
270.5,0.25053,0.39816,0.174,0,0,0,0,0
271,0.25109,0.39817,0.17459,0,0,0,0,0
271.5,0.25175,0.39818,0.17555,0,0,0,0,0
272,0.25244,0.39819,0.17644,0,0,0,0,0
272.5,0.25306,0.39821,0.17729,0,0,0,0,0
273,0.25374,0.39822,0.1781,0,0,0,0,0
273.5,0.2544,0.39823,0.17899,0,0,0,0,0
274,0.25509,0.39823,0.18,0,0,0,0,0
274.5,0.25567,0.39824,0.18072,0,0,0,0,0
275,0.25634,0.39824,0.18145,0,0,0,0,0
275.5,0.25697,0.39824,0.18223,0,0,0,0,0
276,0.25764,0.39823,0.1832,0,0,0,0,0
276.5,0.25831,0.39822,0.18367,0,0,0,0,0
277,0.25893,0.3982,0.18472,0,0,0,0,0
277.5,0.25955,0.39819,0.18548,0,0,0,0,0
278,0.26019,0.39817,0.18638,0,0,0,0,0
278.5,0.26083,0.39815,0.1872,0,0,0,0,0
279,0.26156,0.39814,0.18812,0,0,0,0,0
279.5,0.26213,0.39813,0.18908,0,0,0,0,0
280,0.26278,0.39812,0.18994,0,0,0,0,0
280.5,0.26332,0.39811,0.1907,0,0,0,0,0
281,0.26414,0.39811,0.1916,0,0,0,0,0
281.5,0.26478,0.3981,0.19265,0,0,0,0,0
282,0.26542,0.39811,0.19336,0,0,0,0,0
282.5,0.26602,0.39811,0.19432,0,0,0,0,0
283,0.26669,0.39811,0.19511,0,0,0,0,0
283.5,0.26735,0.39811,0.19618,0,0,0,0,0
284,0.26799,0.3981,0.19711,0,0,0,0,0
284.5,0.26866,0.3981,0.19793,0,0,0,0,0
285,0.26936,0.39809,0.19922,0,0,0,0,0
285.5,0.26994,0.39809,0.20002,0,0,0,0,0
286,0.2706,0.39808,0.20059,0,0,0,0,0
286.5,0.27121,0.39807,0.20168,0,0,0,0,0
287,0.27196,0.39806,0.20245,0,0,0,0,0
287.5,0.2726,0.39806,0.20376,0,0,0,0,0
288,0.27317,0.39805,0.20449,0,0,0,0,0
288.5,0.27387,0.39804,0.20528,0,0,0,0,0
289,0.2745,0.39803,0.20649,0,0,0,0,0
289.5,0.27518,0.39802,0.20738,0,0,0,0,0
290,0.27585,0.39801,0.2085,0,0,0,0,0
290.5,0.27645,0.398,0.20937,0,0,0,0,0
291,0.27717,0.39799,0.21058,0,0,0,0,0
291.5,0.2778,0.39798,0.21163,0,0,0,0,0
292,0.27844,0.39796,0.21294,0,0,0,0,0
292.5,0.27913,0.39795,0.21409,0,0,0,0,0
293,0.2797,0.39793,0.21567,0,0,0,0,0
293.5,0.28053,0.39792,0.21716,0,0,0,0,0
294,0.28104,0.39791,0.21812,0,0,0,0,0
294.5,0.28172,0.3979,0.21912,0,0,0,0,0
295,0.28237,0.39789,0.22027,0,0,0,0,0
295.5,0.28292,0.39788,0.22084,0,0,0,0,0
296,0.28365,0.39787,0.22232,0,0,0,0,0
296.5,0.28437,0.39786,0.22344,0,0,0,0,0
297,0.28495,0.39785,0.22461,0,0,0,0,0
297.5,0.28569,0.39784,0.2259,0,0,0,0,0
298,0.28627,0.39783,0.22648,0,0,0,0,0
298.5,0.28692,0.39782,0.22777,0,0,0,0,0
299,0.28762,0.3978,0.22891,0,0,0,0,0
299.5,0.28827,0.39779,0.23018,0,0,0,0,0
300,0.28896,0.39778,0.23135,0,0,0,0,0
300.5,0.28962,0.39777,0.23249,0,0,0,0,0
301,0.29022,0.39776,0.23374,0,0,0,0,0
301.5,0.29092,0.39774,0.23495,0,0,0,0,0
302,0.29154,0.39772,0.23622,0,0,0,0,0
302.5,0.29225,0.39771,0.23709,0,0,0,0,0
303,0.29286,0.3977,0.23843,0,0,0,0,0
303.5,0.29362,0.39768,0.23964,0,0,0,0,0
304,0.29426,0.39766,0.24095,0,0,0,0,0
304.5,0.29489,0.39765,0.24193,0,0,0,0,0
305,0.29552,0.39764,0.24354,0,0,0,0,0
305.5,0.29625,0.39762,0.24453,0,0,0,0,0
306,0.29683,0.3976,0.24601,0,0,0,0,0
306.5,0.29758,0.39758,0.2468,0,0,0,0,0
307,0.29812,0.39757,0.24843,0,0,0,0,0
307.5,0.2988,0.39756,0.2495,0,0,0,0,0
308,0.29952,0.39754,0.25103,0,0,0,0,0
308.5,0.30029,0.39753,0.25223,0,0,0,0,0
309,0.30085,0.39751,0.25341,0,0,0,0,0
309.5,0.30156,0.39749,0.2546,0,0,0,0,0
310,0.3022,0.39748,0.25631,0,0,0,0,0
310.5,0.30283,0.39746,0.25728,0,0,0,0,0
311,0.3035,0.39744,0.25854,0,0,0,0,0
311.5,0.30415,0.39742,0.25985,0,0,0,0,0
312,0.30487,0.3974,0.26084,0,0,0,0,0
312.5,0.30547,0.39738,0.26257,0,0,0,0,0
313,0.30615,0.39736,0.26367,0,0,0,0,0
313.5,0.30679,0.39734,0.26498,0,0,0,0,0
314,0.30752,0.39732,0.2661,0,0,0,0,0
314.5,0.30813,0.39731,0.26749,0,0,0,0,0
315,0.30879,0.39729,0.26874,0,0,0,0,0
315.5,0.30948,0.39727,0.27025,0,0,0,0,0
316,0.31022,0.39725,0.27154,0,0,0,0,0
316.5,0.31082,0.39723,0.27289,0,0,0,0,0
317,0.31141,0.3972,0.27442,0,0,0,0,0
317.5,0.31211,0.39717,0.27552,0,0,0,0,0
318,0.31278,0.39715,0.27704,0,0,0,0,0
318.5,0.31343,0.39713,0.27858,0,0,0,0,0
319,0.31414,0.39711,0.28023,0,0,0,0,0
319.5,0.31478,0.39708,0.28153,0,0,0,0,0
320,0.31543,0.39706,0.28295,0,0,0,0,0
320.5,0.31617,0.39704,0.28415,0,0,0,0,0
321,0.31683,0.39701,0.28579,0,0,0,0,0
321.5,0.31747,0.39697,0.28722,0,0,0,0,0
322,0.31815,0.39694,0.28825,0,0,0,0,0
322.5,0.31884,0.39691,0.29024,0,0,0,0,0
323,0.31955,0.39687,0.29156,0,0,0,0,0
323.5,0.32016,0.39683,0.2931,0,0,0,0,0
324,0.32089,0.3968,0.29446,0,0,0,0,0
324.5,0.32157,0.39677,0.29588,0,0,0,0,0
325,0.32225,0.39675,0.29752,0,0,0,0,0
325.5,0.32291,0.39673,0.29924,0,0,0,0,0
326,0.32356,0.3967,0.30079,0,0,0,0,0
326.5,0.3243,0.39667,0.30224,0,0,0,0,0
327,0.32494,0.39664,0.30371,0,0,0,0,0
327.5,0.32568,0.3966,0.30494,0,0,0,0,0
328,0.32634,0.39654,0.30661,0,0,0,0,0
328.5,0.32707,0.39648,0.30858,0,0,0,0,0
329,0.32772,0.39642,0.30991,0,0,0,0,0
329.5,0.32836,0.39635,0.31155,0,0,0,0,0
330,0.32911,0.39628,0.31328,0,0,0,0,0
330.5,0.32976,0.39622,0.31491,0,0,0,0,0
331,0.33043,0.39616,0.31683,0,0,0,0,0
331.5,0.33109,0.39609,0.31805,0,0,0,0,0
332,0.33182,0.39601,0.32005,0,0,0,0,0
332.5,0.33254,0.39594,0.32179,0,0,0,0,0
333,0.33326,0.39586,0.32372,0,0,0,0,0
333.5,0.33392,0.39578,0.32544,0,0,0,0,0
334,0.33473,0.39569,0.32705,0,0,0,0,0
334.5,0.33533,0.39559,0.32897,0,0,0,0,0
335,0.33609,0.3955,0.33068,0,0,0,0,0
335.5,0.33676,0.39539,0.33259,0,0,0,0,0
336,0.33754,0.39529,0.33444,0,0,0,0,0
336.5,0.33822,0.39518,0.33599,0,0,0,0,0
337,0.33896,0.39506,0.33798,0,0,0,0,0
337.5,0.33973,0.39494,0.33961,0,0,0,0,0
338,0.34037,0.39481,0.34139,0,0,0,0,0
338.5,0.34109,0.39467,0.34295,0,0,0,0,0
339,0.34191,0.39452,0.3448,0,0,0,0,0
339.5,0.34248,0.39436,0.34662,0,0,0,0,0
340,0.34333,0.39419,0.34854,0,0,0,0,0
340.5,0.34388,0.39402,0.35027,0,0,0,0,0
341,0.34447,0.39385,0.35221,0,0,0,0,0
341.5,0.34531,0.39366,0.35398,0,0,0,0,0
342,0.34603,0.39346,0.35589,0,0,0,0,0
342.5,0.34673,0.39326,0.35726,0,0,0,0,0
343,0.34751,0.39304,0.35941,0,0,0,0,0
343.5,0.34808,0.39283,0.36089,0,0,0,0,0
344,0.34883,0.3926,0.36315,0,0,0,0,0
344.5,0.3495,0.39236,0.3646,0,0,0,0,0
345,0.35022,0.3921,0.36656,0,0,0,0,0
345.5,0.35097,0.39185,0.36812,0,0,0,0,0
346,0.35154,0.3916,0.37005,0,0,0,0,0
346.5,0.35225,0.39136,0.37204,0,0,0,0,0
347,0.35296,0.3911,0.3738,0,0,0,0,0
347.5,0.3536,0.39084,0.37566,0,0,0,0,0
348,0.35424,0.39057,0.37761,0,0,0,0,0
348.5,0.35508,0.39029,0.37937,0,0,0,0,0
349,0.35571,0.39002,0.38141,0,0,0,0,0
349.5,0.35648,0.38976,0.38328,0,0,0,0,0
350,0.35705,0.38949,0.385,0,0,0,0,0
350.5,0.35765,0.3892,0.38685,0,0,0,0,0
351,0.35846,0.3889,0.38856,0,0,0,0,0
351.5,0.35905,0.38861,0.3901,0,0,0,0,0
352,0.35976,0.38831,0.39171,0,0,0,0,0
352.5,0.36044,0.38802,0.39405,0,0,0,0,0
353,0.36101,0.38773,0.3956,0,0,0,0,0
353.5,0.36169,0.38743,0.39744,0,0,0,0,0
354,0.36251,0.38713,0.39904,0,0,0,0,0
354.5,0.36329,0.38683,0.40089,0,0,0,0,0
355,0.364,0.38652,0.40279,0,0,0,0,0
355.5,0.36455,0.3862,0.40451,0,0,0,0,0
356,0.36532,0.38586,0.4062,0,0,0,0,0
356.5,0.36594,0.38552,0.40813,0,0,0,0,0
357,0.36657,0.38517,0.41022,0,0,0,0,0
357.5,0.36733,0.38482,0.41184,0,0,0,0,0
358,0.36805,0.38446,0.41366,0,0,0,0,0
358.5,0.36856,0.38409,0.41545,0,0,0,0,0
359,0.36933,0.38371,0.4171,0,0,0,0,0
359.5,0.37011,0.38335,0.41907,0,0,0,0,0
360,0.37069,0.38299,0.42085,0,0,0,0,0
360.5,0.37151,0.38262,0.42291,0,0,0,0,0
361,0.37209,0.38225,0.42445,0,0,0,0,0
361.5,0.37274,0.38188,0.42635,0,0,0,0,0
362,0.37325,0.38151,0.42817,0,0,0,0,0
362.5,0.37408,0.38113,0.43016,0,0,0,0,0
363,0.37466,0.38075,0.43207,0,0,0,0,0
363.5,0.37565,0.38036,0.43402,0,0,0,0,0
364,0.37608,0.37998,0.4358,0,0,0,0,0
364.5,0.37697,0.37959,0.43758,0,0,0,0,0
365,0.37752,0.37918,0.43964,0,0,0,0,0
365.5,0.37815,0.37877,0.4416,0,0,0,0,0
366,0.37897,0.37836,0.44344,0,0,0,0,0
366.5,0.3796,0.37795,0.44539,0,0,0,0,0
367,0.38028,0.37751,0.44734,0,0,0,0,0
367.5,0.38102,0.37708,0.44948,0,0,0,0,0
368,0.38167,0.37666,0.4513,0,0,0,0,0
368.5,0.38245,0.37622,0.45352,0,0,0,0,0
369,0.3831,0.37577,0.45581,0,0,0,0,0
369.5,0.38375,0.37533,0.45742,0,0,0,0,0
370,0.38445,0.37488,0.45945,0,0,0,0,0
370.5,0.38518,0.37441,0.4614,0,0,0,0,0
371,0.38586,0.37394,0.46323,0,0,0,0,0
371.5,0.38656,0.37347,0.46562,0,0,0,0,0
372,0.38732,0.373,0.46772,0,0,0,0,0
372.5,0.38809,0.37253,0.46963,0,0,0,0,0
373,0.38883,0.37206,0.47156,0,0,0,0,0
373.5,0.3894,0.37156,0.47387,0,0,0,0,0
374,0.39006,0.37105,0.47592,0,0,0,0,0
374.5,0.39082,0.37054,0.47797,0,0,0,0,0
375,0.39156,0.37003,0.47974,0,0,0,0,0
375.5,0.39226,0.3695,0.48199,0,0,0,0,0
376,0.39294,0.36896,0.48384,0,0,0,0,0
376.5,0.39357,0.36841,0.48603,0,0,0,0,0
377,0.39449,0.36787,0.48815,0,0,0,0,0
377.5,0.39487,0.36733,0.49005,0,0,0,0,0
378,0.39574,0.36679,0.49244,0,0,0,0,0
378.5,0.39612,0.36621,0.49421,0,0,0,0,0
379,0.39714,0.36564,0.49628,0,0,0,0,0
379.5,0.3978,0.36507,0.49862,0,0,0,0,0
380,0.39857,0.36449,0.50056,0,0,0,0,0
380.5,0.3993,0.36389,0.50259,0,0,0,0,0
381,0.40014,0.36329,0.50504,0,0,0,0,0
381.5,0.40077,0.36272,0.50703,0,0,0,0,0
382,0.40151,0.3621,0.50922,0,0,0,0,0
382.5,0.40221,0.36147,0.5116,0,0,0,0,0
383,0.40273,0.36084,0.51369,0,0,0,0,0
383.5,0.40367,0.3602,0.51587,0,0,0,0,0
384,0.40453,0.35953,0.51829,0,0,0,0,0
384.5,0.40531,0.35888,0.52004,0,0,0,0,0
385,0.40614,0.35821,0.52245,0,0,0,0,0
385.5,0.40672,0.35751,0.52482,0,0,0,0,0
386,0.40742,0.35679,0.52751,0,0,0,0,0
386.5,0.40829,0.35609,0.5293,0,0,0,0,0
387,0.40888,0.35537,0.53145,0,0,0,0,0
387.5,0.40969,0.35462,0.53406,0,0,0,0,0
388,0.41041,0.35385,0.53629,0,0,0,0,0
388.5,0.41124,0.35309,0.53868,0,0,0,0,0
389,0.41197,0.35231,0.54096,0,0,0,0,0
389.5,0.4127,0.35152,0.54323,0,0,0,0,0
390,0.41368,0.35073,0.54549,0,0,0,0,0
390.5,0.41427,0.34991,0.54801,0,0,0,0,0
391,0.41509,0.34905,0.55043,0,0,0,0,0
391.5,0.41587,0.34814,0.55288,0,0,0,0,0
392,0.41655,0.3472,0.55503,0,0,0,0,0
392.5,0.41758,0.34621,0.55759,0,0,0,0,0
393,0.41838,0.34516,0.56033,0,0,0,0,0
393.5,0.41966,0.34409,0.56426,0,0,0,0,0
