PlasticStrain,PlasticStress,YoungModulus
0.0,368.27699007,208407.55729054668
0.00019256999999999998,370.92660853,0
0.0004908299999999998,375.99790322,0
0.0007536599999999997,378.47864385,0
0.0008633600000000001,382.35800208,0
0.0011744299999999997,385.45578068,0
0.0016105999999999998,389.13402366,0
0.00168141,391.94324472,0
0.0018887199999999995,395.27064129,0
0.00236854,397.38276885,0
0.0026059799999999995,401.25616927,0
0.00276584,403.77384681,0
0.0030836699999999997,406.82101872,0
0.0033642699999999995,409.25771161,0
0.00368957,412.24524093,0
0.00397312,414.0222595,0
0.004145639999999999,416.88297275,0
0.0045614,419.18267176,0
0.00495689,422.67209071,0
0.00505831,424.31041671,0
0.005367510000000001,427.50071264,0
0.0058107,429.28724984,0
0.0060347000000000005,431.97880738,0
0.006258080000000001,434.0057397,0
0.00661282,436.69026485,0
0.0068905400000000006,438.74335219,0
0.007253000000000001,441.30143367,0
0.007518170000000001,442.88499934,0
0.007729390000000001,445.84534056,0
0.00816684,447.84161938,0
0.00849977,450.39295493,0
0.0086253,452.25130034,0
0.00903483,454.70671341,0
0.00943768,456.22604619,0
0.009644060000000001,458.59164428,0
0.00994013,460.39828977,0
0.01029317,463.16825382,0
0.01061288,464.52033993,0
0.01098759,467.23687343,0
0.01121319,468.54695396,0
0.01150684,470.7598019,0
0.01193983,472.57126665,0
0.01219016,474.69929465,0
0.01242466,476.35184176,0
0.01284452,478.56317731,0
0.01318533,479.86655932,0
0.0134593,482.27877314,0
0.013761940000000002,483.96822739,0
0.01409172,486.00748432,0
0.014473660000000001,487.67072606,0
0.014814579999999999,489.58374874,0
0.0150252,490.82921357,0
0.015416339999999999,492.7691369,0
0.01583759,494.3892697,0
0.01603274,496.57084555,0
0.01638408,497.68764912,0
0.01678747,499.97543088,0
0.01709146,501.13772031,0
0.01741057,502.91445869,0
0.01772012,504.41798016,0
0.01807478,506.21487229,0
0.018466859999999998,507.6949402,0
0.018742719999999997,509.38657012,0
0.0190322,510.47891504,0
0.01944242,512.57869663,0
0.01981997,513.98809309,0
0.02007421,515.60495186,0
0.020422859999999998,517.00131975,0
0.020787919999999998,518.67750365,0
0.021134229999999997,519.73656944,0
0.021492209999999998,521.34351235,0
0.021801349999999997,522.65532385,0
0.02214343,524.52668742,0
0.02253962,525.54759735,0
0.022849289999999998,527.40411718,0
0.023152049999999997,528.44503371,0
0.02355989,529.94902693,0
0.02391531,531.15501692,0
0.024236789999999998,532.6828547,0
0.024555999999999998,533.9390115,0
0.02493105,535.42953667,0
0.025301439999999998,536.37536201,0
0.025646529999999997,538.12335792,0
0.02596558,539.31480975,0
0.026343619999999998,540.81086334,0
0.02671968,541.96688731,0
0.02703761,543.29615217,0
0.02737885,544.23062932,0
0.02777091,545.67003101,0
0.028139539999999998,546.75711762,0
0.02846963,548.43693816,0
0.02880735,549.23604812,0
0.029169889999999997,550.79929008,0
0.029542159999999998,551.75516322,0
0.029912339999999996,553.11990721,0
0.03023766,554.18764785,0
0.030604359999999997,555.48391339,0
0.030986109999999997,556.58455429,0
0.03132089,557.79635878,0
0.03167159,558.67608058,0
0.03207244,560.13155478,0
0.03243621,561.15679298,0
0.03279854,562.45563829,0
0.033144639999999996,563.40390324,0
0.03345731,564.67625364,0
0.03387451,565.52910658,0
0.03425101,566.70214568,0
0.034571649999999995,567.70708077,0
0.034957209999999996,569.16115253,0
0.03530702,569.90971259,0
0.03568175,571.35936508,0
0.03605564,572.19158997,0
0.03642107,573.2942567,0
0.03680115,574.26866876,0
0.037180319999999996,575.38070909,0
0.037553079999999996,576.35228248,0
0.037896809999999996,577.44528593,0
0.038291399999999996,578.22438192,0
0.03866549,579.54289401,0
0.03900597,580.49838775,0
0.0393988,581.55389382,0
0.03974634,582.4458458,0
0.040169989999999996,583.5897418,0
0.04053591,584.28678597,0
0.040854009999999996,585.37022584,0
0.041243129999999996,586.28898828,0
0.041630679999999996,587.48368837,0
0.04198897,588.17838441,0
0.04237958,589.44548375,0
0.04273759,590.14109336,0
0.043142719999999996,591.21087193,0
0.04351731,592.05572063,0
0.04384888,593.0831902,0
0.0442716,594.02710604,0
0.04464509,595.01162376,0
0.04502346,595.65322538,0
0.0453821,596.76869615,0
0.045790569999999996,597.63737524,0
0.046177699999999995,598.56323942,0
0.046564999999999995,599.4204361,0
0.04692698,600.40183504,0
0.04729762,601.04180274,0
0.047701259999999995,602.04951824,0
0.04807778,602.83300885,0
0.048438959999999996,603.88589047,0
0.04882635,604.53795361,0
0.04921852,605.61091617,0
0.04961219,606.33742701,0
0.04997692,607.25575056,0
0.05037005,608.05264211,0
0.0507588,608.98680582,0
0.0511553,609.71715154,0
0.051529809999999995,610.64380317,0
0.05189534,611.28642331,0
0.05231455,612.241638,0
0.05269973,613.03694146,0
0.05307407,613.89597321,0
0.05346574,614.6963518,0
0.053857129999999996,615.5670213,0
0.05426336,616.16764488,0
0.05460934,617.01130387,0
0.05500781,617.74799514,0
0.05540135,618.7622638,0
0.05580039,619.29021265,0
0.056162449999999996,620.28612949,0
0.056560849999999996,620.8846253,0
0.05696506,621.69757021,0
0.05733498,622.41949678,0
0.057735,623.30109037,0
0.05812899,623.96882925,0
0.058518719999999996,624.77485236,0
0.058923119999999995,625.37975287,0
0.059280809999999996,626.30728495,0
0.0596777,626.97870593,0
0.06008062,627.79509668,0
0.06050447,628.48444943,0
0.060865869999999996,629.27572183,0
0.061262790000000004,629.80811341,0
0.06167519999999999,630.63256693,0
0.062036730000000005,631.28435213,0
0.06243481,632.17131619,0
0.06282767,632.70274259,0
0.06321518000000001,633.58407025,0
0.06363118000000001,634.20162052,0
0.06401222000000001,634.93862315,0
0.06441776,635.55035475,0
0.06481553000000001,636.29895069,0
0.06521007000000001,636.97524123,0
0.06561103,637.72684386,0
0.06601307000000001,638.19645457,0
0.06638569000000001,639.07244372,0
0.06683423000000001,639.78516495,0
0.06720755,640.45008039,0
0.06757417,641.04018458,0
0.06798435,641.80055435,0
0.06838517000000001,642.34251578,0
0.06879491,643.10354559,0
0.06919836,643.71898494,0
0.06960762000000001,644.55174246,0
0.07001446,645.09917359,0
0.07041344000000001,645.85519892,0
0.07081317000000001,646.39878599,0
0.0712292,647.09562962,0
0.07163165,647.7129164,0
0.07201657,648.39043134,0
0.07242928,648.94394958,0
0.07285814,649.65092408,0
0.0732366,650.18286991,0
0.07364778000000001,650.95053009,0
0.07403572,651.56077494,0
0.07445703000000001,652.2646318,0
0.07486196,652.81537442,0
0.07525920000000001,653.50434569,0
0.07568437,653.99760719,0
0.07609495000000001,654.69617555,0
0.07647543000000001,655.23230719,0
0.07689198,656.0072348,0
0.07729961,656.49037519,0
0.07770259,657.18565988,0
0.07814674,657.76522717,0
0.07852281000000001,658.37192851,0
0.07894959,658.94077945,0
0.07935904,659.57030303,0
0.07976531,660.12633201,0
0.08016762000000001,660.75189869,0
0.08060384000000001,661.32851971,0
0.08099909000000001,661.95019659,0
0.0814383,662.5295679,0
0.08177951,663.11607534,0
0.08222841,663.70264618,0
0.08266037000000001,664.27832293,0
0.08305882,664.75999391,0
0.08342623,665.36534181,0
0.08388485000000001,665.88781162,0
0.0842949,666.6666416,0
0.08469603,667.15142085,0
0.08510953,667.86131239,0
0.08551734000000001,668.2790237,0
0.08596788000000001,668.87011319,0
0.08636475,669.42556273,0
0.08674802000000001,669.97221242,0
0.08718844,670.48529095,0
0.08758804,671.04358533,0
0.08801789,671.55020535,0
0.08841026,672.17671544,0
0.08880649,672.66131534,0
0.08929175,673.35129867,0
0.08970101000000001,673.84537629,0
0.09010966000000001,674.41187953,0
0.09051517,674.90402723,0
0.09092977000000001,675.54784949,0
0.09137852,675.99732843,0
0.09178316,676.5624853,0
0.09213507,676.94678249,0
0.09258886000000001,677.61868985,0
0.09304368,678.07347809,0
0.09345746,678.64619853,0
0.09384163000000001,679.12627627,0
0.09428174,679.71762571,0
0.09473523,680.24560762,0
0.09511900000000001,680.7263142,0
0.09553566000000001,681.22977046,0
0.09597501,681.82203315,0
0.09642782000000001,682.35088551,0
0.09682073000000001,682.83904135,0
0.09721358000000001,683.32743832,0
0.09764254,683.84088985,0
0.09809823000000001,684.29987011,0
0.09854313,684.89805764,0
0.09889229000000001,685.35760729,0
0.09933378000000001,685.88093335,0
0.09976591,686.25161492,0
0.10021957000000001,686.93050364,0
0.10062775,687.35852133,0
0.10102531000000001,687.92615301,0
0.10146629,688.37735779,0
0.10191977,688.9108778,0
0.10232406000000001,689.33727452,0
0.10275746000000001,689.85752955,0
0.10317746,690.36882364,0
0.10360765000000001,690.81395228,0
0.10404039000000001,691.33467743,0
0.10445666,691.84429874,0
0.10488585,692.36319855,0
0.10531837000000001,692.81106389,0
0.10576701000000001,693.3440993,0
0.10615690000000001,693.68911533,0
0.10659179,694.2131592,0
0.10705617,694.758091,0
0.10748458000000001,695.20445194,0
0.10788624000000001,695.70627095,0
0.10832082000000001,696.15746939,0
0.10878128000000001,696.62702542,0
0.10919555,697.13852703,0
0.10965605,697.53470142,0
0.11006044000000001,697.96582952,0
0.11050392,698.42458235,0
0.11093338000000001,699.02196459,0
0.11132785,699.37280132,0
0.11179966000000001,699.9264225,0
0.11223575000000001,700.38112737,0
0.11265867,700.82682806,0
0.11312370000000001,701.30241472,0
0.11354913000000001,701.82469753,0
0.1139686,702.19445737,0
0.11441635,702.73305478,0
0.11482573,703.0961464,0
0.11532537000000001,703.59755104,0
0.11574732,703.96994807,0
0.11613269000000001,704.46564853,0
0.11657658,704.92850983,0
0.11704275,705.48196049,0
0.11750597,705.88452227,0
0.11790726,706.31802739,0
0.11834067000000001,706.77454954,0
0.11881962,707.18896965,0
0.11927889000000001,707.5896508,0
0.11965633,708.08192306,0
0.1201282,708.49203821,0
0.12057352,708.95831834,0
0.12101552,709.42250926,0
0.12142504000000001,709.86383722,0
0.12186691000000001,710.25355748,0
0.12232753,710.73179843,0
0.12280741,711.22407949,0
0.12325163000000001,711.69119799,0
0.12367627000000002,712.14461181,0
0.12411118,712.45544881,0
0.12458653000000001,713.02071486,0
0.12504028,713.34542276,0
0.12542915999999998,713.69901071,0
0.12589142,714.18056761,0
0.12635347,714.66226377,0
0.12680275,715.05980835,0
0.12722303,715.43674601,0
0.12769414999999998,715.92574472,0
0.12814292,716.32359539,0
0.12861668999999998,716.81506828,0
0.12905866,717.20849289,0
0.12946486,717.65186048,0
0.12994155,718.07074213,0
0.13044361999999998,718.50816222,0
0.13084925,718.95186205,0
0.13126179999999998,719.24954716,0
0.13174091,719.6710788,0
0.13222251,720.17035592,0
0.13265969,720.56208594,0
0.13310622,720.96078605,0
0.13355219,721.43509681,0
0.13406232999999998,721.80449433,0
0.13450777,722.27894809,0
0.13492171,722.65493287,0
0.13539905,723.07710479,0
0.13584433999999998,723.47624981,0
0.13632113999999998,723.89849459,0
0.13679771,724.3208119,0
0.13724247,724.72023467,0
0.13768693999999998,725.11965534,0
0.13816285,725.54218541,0
0.13860727,725.86581652,0
0.13908246999999999,726.36448646,0
0.13949432,726.74099416,0
0.14000115,727.18699814,0
0.14047604,727.60995589,0
0.14091895999999998,728.00979028,0
0.14136188,728.40983212,0
0.14186801999999998,728.7798872,0
0.14237363,729.22622728,0
0.1428158,729.62637817,0
0.14325776999999998,730.02659677,0
0.14376268,730.4731593,0
0.14423532,730.97294654,0
0.14467738,731.2206261,0
0.14518166,731.66744473,0
0.14562248,732.06791016,0
0.14612618,732.51480879,0
0.14662962999999998,732.96178479,0
0.1470699,733.36253293,0
0.14757323,733.73304476,0
0.14801335,734.05718142,0
0.14848443,734.48122483,0
0.14901817,734.95172565,0
0.14942627,735.25277254,0
0.14995941,735.72331705,0
0.15042993,736.07078507,0
0.15089948,736.57199386,0
0.15140077999999998,736.94262915,0
0.15187061,737.29016972,0
0.15237124999999999,737.73792901,0
0.15284016,738.16245614,0
0.15330931,738.51006925,0
0.15384035999999998,738.98111911,0
0.15427771999999998,739.30552652,0
0.15477712999999998,739.75358807,0
0.15530768,740.14755246,0
0.15580685,740.51841248,0
0.15627423,740.94338439,0
0.15677291,741.31428311,0
0.15724021,741.66200502,0
0.15773767,742.18770355,0
0.15823552999999999,742.5586096,0
0.15873323,742.92958569,0
0.15926184999999998,743.32381344,0
0.15972761,743.74916256,0
0.1602556,744.14336138,0
0.16069013999999998,744.46793802,0
0.16121771999999998,744.86220688,0
0.16177545999999998,745.35723394,0
0.16224041,745.70510094,0
0.1627361,746.07615441,0
0.16323146,746.44713782,0
0.16372675,746.81826133,0
0.16425262999999998,747.21250126,0
0.16477776,747.68461991,0
0.16527181999999999,748.13369952,0
0.16582785,748.55128302,0
0.1662909,748.89922256,0
0.16681579,749.21543633,0
0.16727829,749.56326954,0
0.16783319,749.98080951,0
0.16835643,750.45324974,0
0.16887995,750.84764194,0
0.16940301,751.24189402,0
0.1698644,751.58983356,0
0.17041786,752.00741706,0
0.17097092,752.42493049,0
0.17146218,752.79599126,0
0.17198407,753.19038347,0
0.17253569,753.68631486,0
0.0,364.95647908,0
0.00017953000000000023,370.3486598,0
0.0004053300000000002,372.96321571,0
0.0007589300000000001,377.15948187,0
0.0009121699999999999,380.34935575,0
0.00105921,384.07111419,0
0.0014727300000000002,387.16415006,0
0.00177369,390.81608937,0
0.00186323,393.51953128,0
0.0022266300000000003,397.06635589,0
0.00259732,399.817588,0
0.00276516,402.9565049,0
0.0030418600000000004,405.47288534,0
0.0033301399999999997,408.59678288,0
0.00362436,410.45504546,0
0.00394685,413.99762736,0
0.00417936,415.76605885,0
0.00442554,419.21346631,0
0.00486181,421.00303034,0
0.00509039,424.31281172,0
0.00526491,425.92704812,0
0.00567394,428.78112528,0
0.006024280000000001,430.94203191,0
0.006230149999999999,433.57797371,0
0.00655812,435.79906139,0
0.006855310000000001,438.34346139,0
0.0071873,440.43509606,0
0.007513,443.06228203,0
0.007728929999999999,445.03794963,0
0.00803699,447.52586667,0
0.008459399999999999,449.59659143,0
0.008662449999999999,451.97296215,0
0.008920589999999999,453.43431594,0
0.00933482,456.37984305,0
0.00962174,457.8565079,0
0.00986992,460.59466549,0
0.010257970000000002,462.12015389,0
0.01053184,464.73844656,0
0.010890670000000002,466.25284141,0
0.011191699999999999,468.48240485,0
0.01142611,470.21008414,0
0.011817500000000002,472.41740158,0
0.01218174,474.20878336,0
0.012385509999999999,476.26222903,0
0.012742650000000001,477.9850999,0
0.013126599999999999,480.12718755,0
0.013389680000000001,481.80722976,0
0.013755720000000003,483.87587314,0
0.01406901,485.5823747,0
0.01436654,487.55267207,0
0.014735930000000001,488.81538993,0
0.01503892,491.12890281,0
0.01531087,492.34562707,0
0.0157611,494.73454335,0
0.01604958,496.23220814,0
0.01634309,498.13973394,0
0.01673003,499.34964015,0
0.01703839,501.1312004,0
0.01735521,502.64681216,0
0.01772083,504.45941213,0
0.01803372,505.97506433,0
0.018376220000000002,508.04985607,0
0.01872646,509.24705132,0
0.01903101,510.96518722,0
0.01939779,512.37649597,0
0.01974182,514.04904094,0
0.020047540000000003,515.43084166,0
0.02041273,517.11642949,0
0.020755620000000002,518.17903158,0
0.021068780000000002,520.18004588,0
0.02143681,521.1893347,0
0.021785910000000002,523.1433117,0
0.02210207,524.46784934,0
0.02247745,526.097153,0
0.022819910000000002,527.0963177,0
0.0231382,528.62917881,0
0.02352556,529.92666205,0
0.02387581,531.47846177,0
0.02421313,532.68284745,0
0.024583570000000003,534.45241136,0
0.02489363,535.37049389,0
0.025275310000000002,536.94307174,0
0.02558728,538.13712568,0
0.02595869,539.56932506,0
0.026323950000000002,540.79381927,0
0.026666600000000002,542.21231738,0
0.02700787,543.15143655,0
0.02738847,544.79794027,0
0.027729800000000002,545.66998742,0
0.02806742,547.29494346,0
0.028425000000000002,548.45168995,0
0.02879562,549.8222899,0
0.0291613,550.71050466,0
0.029499809999999998,552.06506433,0
0.029864570000000003,553.09150894,0
0.03023826,554.46727874,0
0.03058465,555.55376213,0
0.03096402,557.140863,0
0.03131828,558.02692041,0
0.03167751,559.32934999,0
0.03204881,560.29512459,0
0.032379559999999995,561.58317217,0
0.032750259999999996,562.61891157,0
0.033155479999999994,563.81274633,0
0.033473949999999995,564.61350434,0
0.03383874,566.06189853,0
0.034220509999999996,566.89979221,0
0.03458534,568.28095737,0
0.03494815,569.31657023,0
0.03531719,570.49462661,0
0.035663139999999996,571.31465037,0
0.03606043,572.44122209,0
0.03646489,573.50356321,0
0.036791149999999995,574.6600243,0
0.03716397,575.63639617,0
0.03756325,576.97500611,0
0.03790511,577.72707084,0
0.038273339999999996,578.84141013,0
0.03862851,579.74091691,0
0.03901756,580.86880168,0
0.03942493,581.80001624,0
0.03973301,582.88211378,0
0.040123149999999996,583.66570043,0
0.04054948,584.95730029,0
0.040897369999999995,585.71735169,0
0.041257459999999996,586.83263022,0
0.04164643,587.75703796,0
0.04202412,588.81456895,0
0.04239589,589.59093052,0
0.04276315,590.57399831,0
0.043095869999999994,591.39792688,0
0.043518379999999995,592.48471263,0
0.04391373,593.34703281,0
0.04422699,594.50968553,0
0.04465436,595.18310273,0
0.04503782,596.2494803,0
0.045400819999999995,597.16471535,0
0.04581255,598.10977386,0
0.046144319999999996,598.93761348,0
0.04656224,599.95755931,0
0.046953869999999995,600.61278954,0
0.04731895,601.67214535,0
0.047692929999999994,602.31771402,0
0.048085239999999994,603.46481481,0
0.04846519,604.25507136,0
0.04886165,605.19598836,0
0.049227999999999994,605.83891097,0
0.04961722,606.77660062,0
0.05001388,607.57917667,0
0.050364729999999996,608.49469416,0
0.050767879999999994,609.30235926,0
0.05118713,610.40134453,0
0.05152519,610.95959528,0
0.051941219999999996,611.91738918,0
0.0523338,612.65053757,0
0.05268716,613.571048,0
0.05307943,614.30503824,0
0.053481669999999995,615.11604981,0
0.05386696,615.77631358,0
0.05425753,616.79250292,0
0.05464285,617.38329149,0
0.055019229999999995,618.39192411,0
0.05545551,619.15631657,0
0.05580805,620.01031934,0
0.056199639999999995,620.60681192,0
0.05660402,621.42350365,0
0.05701543,622.17450654,0
0.05738148,622.9683558,0
0.0577619,623.63029805,0
0.05813053,624.56818522,0
0.05855227,625.18621578,0
0.05897281,626.01627629,0
0.05932498,626.66231452,0
0.05971733,627.54654677,0
0.060145,628.24102269,0
0.060530509999999996,629.05119232,0
0.06092064,629.58110193,0
0.06128488,630.44974153,0
0.06170866999999999,631.07270791,0
0.06212068,631.97268426,0
0.062492309999999995,632.63454882,0
0.06288372,633.45152731,0
0.0632935,633.9963397,0
0.06369186,634.74761042,0
0.06408687,635.42609786,0
0.06446775,636.16719047,0
0.06487949,636.85726536,0
0.06530762999999999,637.70077879,0
0.06567883,638.22334551,0
0.06605217,638.96148763,0
0.06647014999999999,639.65741307,0
0.06687775,640.3471431,0
0.06727522,640.95942809,0
0.06764489,641.62562948,0
0.06804554,642.24075817,0
0.06847252,643.01620708,0
0.06887996,643.56507579,0
0.06924845,644.37524263,0
0.06966496,645.07388578,0
0.07008489,645.77521774,0
0.07051199999999999,646.33843551,0
0.07090436,647.0227779,0
0.07126273,647.6138,0
0.07170905999999999,648.33406755,0
0.07213183,648.96778097,0
0.07248241,649.69840655,0
0.07287828,650.17183926,0
0.07332387,650.8934803,0
0.07373233,651.51951716,0
0.07411340999999999,652.12804296,0
0.07448431,652.73028026,0
0.07493625999999999,653.38599331,0
0.0753681,653.95700391,0
0.07575807,654.71691334,0
0.07615598999999999,655.1944098,0
0.07657987,655.90545927,0
0.07699024,656.53600132,0
0.07738372,657.15581419,0
0.07777089,657.62755116,0
0.07819743,658.34210595,0
0.07862774,658.91520894,0
0.07903053,659.54272956,0
0.07943025,660.0963383,0
0.07984555,660.87753606,0
0.08026877,661.37517917,0
0.08070128,662.02403438,0
0.0810868,662.56969678,0
0.08149872999999999,663.20568514,0
0.08193473999999999,663.71319993,0
0.08234632,664.34973598,0
0.08273789,664.90081827,0
0.08315617,665.4700661,0
0.08358106,666.04409458,0
0.08399195,666.6817389,0
0.08438654,667.16361406,0
0.08479744,667.72935389,0
0.08523532,668.24084049,0
0.08565518999999999,668.95875565,0
0.08605554,669.51853267,0
0.08648551,670.17134797,0
0.08691621,670.6066329,0
0.08732904,671.2486958,0
0.08773605999999999,671.66861455,0
0.08814521,672.30894295,0
0.08855821,672.80639301,0
0.08896702,673.44726179,0
0.08940672,673.89041215,0
0.08982915999999999,674.3951867,0
0.09023410999999999,675.03457036,0
0.0906563,675.53984241,0
0.09109445,676.12938596,0
0.09153652,676.57564645,0
0.09195082,677.22289966,0
0.09235559,677.71764471,0
0.09277963,678.29904916,0
0.09319775999999999,678.73022306,0
0.09361171,679.30542966,0
0.09403931,679.74361198,0
0.09443259999999999,680.3787769,0
0.09489642,680.84228028,0
0.09529623,681.40920758,0
0.09572615999999999,681.92361306,0
0.09614885,682.50688779,0
0.0965757,682.87277078,0
0.09699117,683.5253272,0
0.09739753,683.95124524,0
0.09781655,684.45973013,0
0.09827513,684.99571265,0
0.09873645,685.60762416,0
0.09911903,686.01829711,0
0.09954391,686.53206797,0
0.09998539,686.98381184,0
0.10037043,687.47071622,0
0.10083111,688.01010912,0
0.10123553,688.51098881,0
0.10167308,688.96114075,0
0.10212296,689.56799496,0
0.10254698,690.00938727,0
0.10297996,690.60527026,0
0.10340352,691.04690932,0
0.10380396,691.47276086,0
0.10427287,692.0204894,0
0.10464012,692.42380441,0
0.10510198,692.96727391,0
0.10556418,693.43712071,0
0.10594985999999999,694.00246659,0
0.10638531999999999,694.45429006,0
0.10681123,694.82541965,0
0.10725203999999999,695.43013976,0
0.10770007,695.89156841,0
0.10814419,696.42494084,0
0.1085688,696.87057036,0
0.10902577,697.41356425,0
0.10944709,697.78294629,0
0.10988111,698.23594302,0
0.1102951,698.67516958,0
0.11071528,699.19357387,0
0.11119102,699.67666923,0
0.11161116,700.12101388,0
0.11204738,700.57690537,0
0.11250597999999999,701.12354347,0
0.11292258,701.49143436,0
0.11334812,702.01540852,0
0.11381611,702.49478723,0
0.11423144,703.01219106,0
0.1146701,703.39657279,0
0.11514737,703.88336239,0
0.11555926,704.32425066,0
0.11600992,704.79279812,0
0.11644465,705.1753237,0
0.11686903,705.62578908,0
0.1173446,706.18787068,0
0.11778519999999999,706.5752735,0
0.11819286,707.01467677,0
0.11869739,707.52308713,0
0.11910145,707.96045851,0
0.11955381,708.43240843,0
0.11998357,708.81325856,0
0.12042944,709.20577728,0
0.12089704999999999,709.76471586,0
0.12132632,710.14589871,0
0.12176827,710.53632308,0
0.1222356,711.02052504,0
0.1226575,711.47259697,0
0.12311456999999999,711.95004857,0
0.12357474,712.43000417,0
0.12400605999999999,712.81400964,0
0.12445664,713.21199923,0
0.12489033000000001,713.67378123,0
0.12537588000000002,714.09728046,0
0.12583169000000002,714.57545476,0
0.12627174000000002,714.96682344,0
0.12672119,715.36515379,0
0.12718974000000002,715.77741331,0
0.12763192,716.2468395,0
0.12806441000000002,716.70957121,0
0.12853579,717.0486467,0
0.12897747,717.51848156,0
0.12944485,717.93109172,0
0.12991175000000002,718.41964135,0
0.1303592,718.89445614,0
0.13080069000000002,719.21300143,0
0.13124809,719.61211936,0
0.13172051,720.10572539,0
0.13221536,720.53961843,0
0.13262374000000002,720.91121181,0
0.13310868,721.33841099,0
0.13354223,721.72862807,0
0.13399157,722.13049701,0
0.13446894,722.62931171,0
0.13491469,723.02905062,0
0.13539207,723.45196893,0
0.13586923,723.87496029,0
0.13634579000000002,724.3743148,0
0.1367906,724.77429802,0
0.13726744000000002,725.12118195,0
0.13774333000000002,725.62086033,0
0.13818797000000002,725.94469151,0
0.1386955,726.3912446,0
0.13910754,726.7684137,0
0.13961461,727.21511533,0
0.14005805000000002,727.61562379,0
0.14050129,728.01620044,0
0.14100754000000001,728.46305621,0
0.14145045,728.86384402,0
0.14195632000000002,729.31092068,0
0.14239862,729.7117099,0
0.14287277,730.05899565,0
0.14337755000000002,730.58309052,0
0.14385124000000002,730.93044934,0
0.14432433,731.35471191,0
0.14482864,731.80213503,0
0.14526975,732.20338625,0
0.14574217,732.62786799,0
0.14624622,732.99853525,0
0.14671807,733.42305903,0
0.14722126000000002,733.87089304,0
0.14769275,734.29563535,0
0.14813295,734.62008024,0
0.14869824,735.11444591,0
0.14913763000000002,735.51620123,0
0.14960858000000002,735.86388881,0
0.15011057,736.23468088,0
0.15058069000000002,736.65975681,0
0.15108182,737.10801515,0
0.15155194000000002,737.45584582,0
0.15202174000000002,737.80360646,0
0.15252224,738.25208581,0
0.15302249,738.7006431,0
0.15352239,739.14920826,0
0.1540226,739.52033522,0
0.15445963000000001,739.9227091,0
0.15499002,740.39465574,0
0.15552059000000001,740.78898213,0
0.15598851000000002,741.13692541,0
0.15648702,741.58590886,0
0.15698554,741.95701259,0
0.15748391,742.32818638,0
0.15801306,742.72248409,0
0.15844843,743.12534203,0
0.15897715,743.51975121,0
0.15947406,743.96897628,0
0.15997118000000002,744.340228,0
0.1604991,744.73467858,0
0.16099571000000001,745.10593031,0
0.16146069000000002,745.53222143,0
0.16201871,745.9498446,0
0.16254563000000002,746.34440667,0
0.16304122000000001,746.71569736,0
0.16350561000000002,747.06378677,0
0.16406249,747.48140994,0
0.16458748,748.03287031,0
0.16508205,748.40423893,0
0.16563823000000003,748.82208997,0
0.16613209,749.19331837,0
0.16668768,749.61116941,0
0.16721156,750.08436527,0
0.0,362.95016915,0
0.0001703099999999999,367.34906385,0
0.00037119,369.92062218,0
0.00071126,374.84654009,0
0.0009057800000000001,377.28720181,0
0.0010280000000000003,381.74045711,0
0.0014024100000000002,384.71324685,0
0.00174099,388.26683634,0
0.0018414300000000002,390.28101097,0
0.0021298400000000005,393.62080723,0
0.0025634,396.29556228,0
0.00274611,399.4654905,0
0.00300448,402.00797009,0
0.00330532,405.62410106,0
0.00359626,407.52336513,0
0.0039329,410.43229469,0
0.0041706,412.70819968,0
0.004394739999999999,415.50773978,0
0.0047997100000000004,417.78994459,0
0.00514013,420.57540015,0
0.005281900000000001,422.22116058,0
0.005620150000000001,425.47135289,0
0.005990820000000001,427.08435577,0
0.00621299,430.15619157,0
0.006508070000000001,432.33470617,0
0.00683482,434.85927826,0
0.0071148800000000005,436.50426083,0
0.007495110000000001,439.05527083,0
0.007733180000000001,441.01524781,0
0.007972380000000001,443.44059882,0
0.00843118,445.50111983,0
0.00869019,448.33611669,0
0.00887574,449.74627679,0
0.009307240000000001,452.13097986,0
0.009645840000000001,454.07703973,0
0.00988143,456.37578343,0
0.01022778,458.26151282,0
0.010521200000000001,460.52285168,0
0.01086295,461.87723075,0
0.01119126,464.48980362,0
0.01140913,465.8550734,0
0.01176636,468.41742796,0
0.012163,470.20136935,0
0.0124104,472.24902839,0
0.01270828,473.52239464,0
0.01311415,475.64754018,0
0.01342047,477.32674575,0
0.01369657,479.32585208,0
0.014046540000000001,480.96148017,0
0.014345789999999999,483.37438228,0
0.014711550000000002,484.61961924,0
0.015023780000000002,486.57413847,0
0.01528346,488.10339177,0
0.01570717,490.04804168,0
0.01606429,491.56037524,0
0.01629363,493.41177135,0
0.01665949,494.59604187,0
0.01702293,496.78360675,0
0.01732765,497.9393682,0
0.01766675,500.0503981,0
0.01799481,501.4874835,0
0.018342289999999997,503.27029177,0
0.01870723,504.39284482,0
0.019015249999999997,506.15783582,0
0.019328969999999997,507.52435704,0
0.01974096,509.21024397,0
0.02004698,510.57469418,0
0.02039251,512.56456336,0
0.02073557,513.61409637,0
0.0210833,515.20427821,0
0.021428279999999997,516.52522562,0
0.02176852,518.18079658,0
0.022102359999999998,519.497783,0
0.02248528,521.11041688,0
0.02282811,522.09736016,0
0.02313098,523.93938364,0
0.02351194,524.9479114,0
0.023868979999999998,526.68582671,0
0.02416716,527.92188418,0
0.02454891,529.47273303,0
0.0248981,530.40020528,0
0.02526653,531.87843333,0
0.02559664,532.99964536,0
0.02595362,534.47362632,0
0.026318829999999998,535.68278972,0
0.026706689999999998,537.37809086,0
0.027019539999999998,538.29038777,0
0.027365559999999997,539.69459509,0
0.02774869,540.84920668,0
0.02810174,542.19135339,0
0.02844489,543.3258748,0
0.02881247,544.67766315,0
0.029177869999999998,545.55486181,0
0.02955084,547.11466263,0
0.02990546,548.05516568,0
0.03023598,549.52569309,0
0.03060414,550.54292088,0
0.03099194,551.91113638,0
0.03133192,552.77842826,0
0.03170522,554.07238022,0
0.03209001,555.16974387,0
0.03243866,556.38370369,0
0.03278474,557.39297243,0
0.03313687,558.61039016,0
0.03352899,559.44265867,0
0.03390451,560.81091478,0
0.034225860000000004,561.8090269,0
0.034594820000000005,562.97088527,0
0.03496833,563.99977622,0
0.035348080000000004,565.16928673,0
0.03569418,565.97941603,0
0.03607407,567.08222896,0
0.03645764,568.11963533,0
0.03680754,569.48003496,0
0.037195200000000005,570.24802717,0
0.03754185,571.60819465,0
0.03792252,572.37341997,0
0.03829781,573.47806238,0
0.038673700000000005,574.44696008,0
0.0390278,575.47239399,0
0.039424940000000006,576.38640764,0
0.03976805,577.47530633,0
0.040157790000000006,578.38634605,0
0.040518870000000005,579.28137752,0
0.04089695,580.39262187,0
0.041306960000000004,581.31742045,0
0.04166707,582.35102812,0
0.042024530000000004,583.24643527,0
0.04241859,584.43862424,0
0.042797560000000005,585.1417863,0
0.043155780000000005,585.83321684,0
0.0435079,586.9340852,0
0.043927560000000004,587.86910805,0
0.04432193,588.85870805,0
0.04468906,589.69519342,0
0.04504126,590.73000501,0
0.045440270000000005,591.44874648,0
0.04584465,592.44688954,0
0.04621109,593.28525763,0
0.046576610000000004,594.39955078,0
0.04697142,595.04900658,0
0.047357260000000005,596.17679422,0
0.04774177,596.82111923,0
0.04812049,597.80785054,0
0.048483250000000006,598.5783084,0
0.04886568,599.49937177,0
0.049273080000000004,600.29774133,0
0.049621000000000005,601.19921391,0
0.0500496,601.87305423,0
0.050427190000000004,602.93207379,0
0.05081381,603.72015407,0
0.05118873,604.57098073,0
0.0515498,605.41395054,0
0.05196254,606.28887605,0
0.05237609,606.95674294,0
0.052733680000000005,607.79921572,0
0.05312921,608.52649388,0
0.05351314,609.52505366,0
0.05390244,610.11058478,0
0.054293150000000005,611.11452187,0
0.05468139,611.76985821,0
0.05505148,612.62321405,0
0.0554949,613.31340248,0
0.05586833,614.16990766,0
0.05621401,614.9401968,0
0.05663895,615.75989285,0
0.0570268,616.3480742,0
0.05742688,617.29295278,0
0.05778984,617.93636708,0
0.05818994,618.8126318,0
0.05855303,619.45700792,0
0.05897663,620.27913423,0
0.05933676,620.78276781,0
0.05973976,621.66297119,0
0.06014617,622.33609354,0
0.060545299999999996,623.21503008,0
0.06095244,623.81958115,0
0.06131982,624.67974136,0
0.061709429999999996,625.27417741,0
0.06213583,626.03224689,0
0.06250022000000001,626.75187744,0
0.06289563000000001,627.49147566,0
0.06330147,628.09780358,0
0.06369602,628.90798895,0
0.0641091,629.44952332,0
0.06448924,630.32185453,0
0.0648812,630.92112114,0
0.06531282000000001,631.68650593,0
0.06569689000000001,632.35194236,0
0.06611143,633.10751432,0
0.06648214000000001,633.62455491,0
0.06687585,634.29737624,0
0.06729373,634.98602025,0
0.06769335,635.80446094,0
0.06803978000000001,636.3074633,0
0.06848029,637.08245335,0
0.0689011,637.70426902,0
0.06927052,638.29359493,0
0.06967021,638.97328977,0
0.07006592,639.65088572,0
0.07048955,640.27616221,0
0.07088511,641.02524271,0
0.07126079,641.54980242,0
0.07167276,642.31034912,0
0.072092,642.93450707,0
0.07249401,643.61878889,0
0.07289927,644.23476075,0
0.07328767,644.84022288,0
0.07368999,645.31325234,0
0.07411816,646.01613332,0
0.07449564,646.61564883,0
0.07488927000000001,647.36801615,0
0.07532518,647.86423915,0
0.07574916,648.56620048,0
0.07615677,649.11580754,0
0.07655048,649.79893248,0
0.07694756,650.34240255,0
0.07737505,650.97723628,0
0.07778176,651.59891464,0
0.07816781,652.20748229,0
0.07860227,652.70558661,0
0.07900456,653.39682139,0
0.07938731,653.9330401,0
0.07980031,654.56078317,0
0.08020258,655.11050885,0
0.08062811,655.81869501,0
0.0810443,656.30689067,0
0.08143554,656.99335474,0
0.08183843,657.40194146,0
0.08225319,658.10471721,0
0.08268879,658.60703962,0
0.0830869,659.22808291,0
0.08347121,659.76875746,0
0.08390254,660.41255755,0
0.08430412,660.82201843,0
0.08473124,661.46378226,0
0.08511865,662.00785806,0
0.08555274,662.58328579,0
0.0859563,663.13878489,0
0.08637663,663.77762823,0
0.0867801,664.26192514,0
0.08720664,664.90568597,0
0.08763353,665.33433112,0
0.08801567,666.02115089,0
0.08843252,666.44368559,0
0.08886480000000001,667.09282198,0
0.08926714000000001,667.57825838,0
0.08970967,668.16298813,0
0.09007546,668.55242288,0
0.09049408,669.12176923,0
0.09095577,669.720421,0
0.09135004000000001,670.34633845,0
0.09176548,670.77022661,0
0.09216006,671.32481749,0
0.09258476,671.82775746,0
0.09306223,672.43892538,0
0.09344715,672.84333529,0
0.09385069,673.40529079,0
0.09426794000000001,673.90445691,0
0.09466483,674.46258357,0
0.0950984,674.90096021,0
0.09553471000000001,675.4864405,0
0.09591491,675.9617271,0
0.09638402,676.49761133,0
0.09674044,677.02991439,0
0.09719626,677.55745181,0
0.09762213,677.99230866,0
0.09800797,678.54553649,0
0.0984664,679.07582587,0
0.09889801000000001,679.66093411,0
0.09929672,680.07840575,0
0.09971845,680.58463182,0
0.10013007,681.01142531,0
0.10055473000000001,681.52023557,0
0.10098573,681.96079164,0
0.10142928,682.55606834,0
0.10181432,682.96571608,0
0.1022577,683.56156619,0
0.10268129000000001,683.99817808,0
0.1031051,684.43518682,0
0.10353484,684.94960727,0
0.10396438000000001,685.4642166,0
0.10439111000000001,685.90405157,0
0.10480719000000001,686.40998897,0
0.10523643,686.85208535,0
0.10568506,687.38105383,0
0.1061105,687.89435743,0
0.10650932,688.38958717,0
0.10696108,688.84835577,0
0.10739265,689.29343551,0
0.10783421,689.74569123,0
0.10826505,690.26422491,0
0.10869916,690.78534571,0
0.10916276,691.25373897,0
0.10956099,691.67705169,0
0.10999207,692.04983766,0
0.11043814,692.58043724,0
0.11083946,692.93298778,0
0.11127224000000001,693.45492388,0
0.11175138,693.93576496,0
0.11215791,694.36632809,0
0.11259696,694.81979058,0
0.11301303,695.33128478,0
0.11342628,695.69347047,0
0.11390039,696.24605756,0
0.11429995,696.67301056,0
0.11472214,697.11601843,0
0.11520275,697.60016918,0
0.1156372,698.05230077,0
0.11607157,698.50462986,0
0.1165028,698.95502523,0
0.11694335,699.41221869,0
0.1173838,699.86961167,0
0.11782033,700.32452125,0
0.11826362,700.78444588,0
0.11866484000000001,701.21504606,0
0.11911455,701.60576994,0
0.11958932,702.08863258,0
0.12002204,702.54216476,0
0.1204229,702.89913662,0
0.12088415,703.37327822,0
0.12132945,703.76202339,0
0.12175803,704.28806996,0
0.12219972,704.67473862,0
0.12265124000000001,705.06857233,0
0.12310209999999999,705.53670275,0
0.12354941,705.92801587,0
0.12400272000000001,706.47302261,0
0.12442104000000001,706.8442578,0
0.12492206,707.4237491,0
0.12536253,707.81118701,0
0.12580902,708.20310752,0
0.12622317,708.57224959,0
0.1266564,709.02996101,0
0.12716941,709.46988805,0
0.12756118,709.82372019,0
0.12801902,710.29971813,0
0.1284677,710.69452221,0
0.12892924,711.09871897,0
0.12938644,711.57505955,0
0.12980258,711.94729828,0
0.1302502,712.41730734,0
0.13076165,712.85813402,0
0.13118977,713.23958772,0
0.13165284,713.64627095,0
0.13209933000000001,714.11651911,0
0.13253089,714.42582489,0
0.13306262,715.03301231,0
0.13349312,715.41728589,0
0.133879,715.694346,0
0.13438867000000002,716.13586105,0
0.13480246,716.58412853,0
0.13527981,717.00292091,0
0.13575649,717.49696494,0
0.13616986,717.87017692,0
0.13667817000000002,718.31199567,0
0.13715482,718.73124852,0
0.13756816,719.02941273,0
0.13801179,719.50091996,0
0.13851963,719.94337814,0
0.13896374,720.264286,0
0.1394708,720.70664693,0
0.13985094,721.05742707,0
0.14038923,721.52286634,0
0.14083224,721.91957766,0
0.14127544,722.31663347,0
0.1417493,722.73614351,0
0.1421918,723.1331284,0
0.1426659,723.5532654,0
0.14320266,724.01916367,0
0.14361303,724.39347845,0
0.14408643000000002,724.73767362,0
0.14455897,725.23377185,0
0.14500041,725.63131126,0
0.14550447,725.998434,0
0.14597689,726.41897038,0
0.14644899,726.8395095,0
0.14698388,727.22974145,0
0.14742433,727.62763627,0
0.14789526,728.04801111,0
0.1483671,728.39280549,0
0.14880646,728.79052643,0
0.14937139,729.28034382,0
0.14981115,729.60223776,0
0.15028095,730.0229033,0
0.15078252,730.39043385,0
0.15128432,730.75831145,0
0.15178511,731.20238101,0
0.15225417,731.62340881,0
0.15269246,731.94526491,0
0.15322372,732.41243228,0
0.15369257,732.83398987,0
0.15416118,733.17868957,0
0.15469185,733.64619047,0
0.15515981,734.06779425,0
0.15569012000000002,734.45854485,0
0.15615826,734.8036639,0
0.15662516,735.22513886,0
0.15715496,735.61613869,0
0.15762242,735.96129381,0
0.1581202,736.32902398,0
0.15861737,736.77375005,0
0.15911503,737.14179652,0
0.15964286,737.60970402,0
0.16010895,737.95479233,0
0.16063672,738.34573495,0
0.16110170000000001,738.76780298,0
0.16159802,739.1358569,0
0.16215617000000002,739.54997836,0
0.1626515,739.99527112,0
0.16311619,740.34043155,0
0.16367366,740.67706966,0
0.16413759,741.09968722,0
0.16466294,741.56824558,0
0.16521937,741.90466778,0
0.16565151,742.30429875,0
0.16623806,742.74137158,0
0.16670079000000002,743.08635958,0
0.16722506,743.55536676,0
