Time[s];Displacement[mm];Force[kN];AxStrain_1;AxStrain_2;Thickness[mm];OuterWidth[mm];InnerWidth[mm]
0;0;-0.006;0;0;1.021;20;10
0.4764;0.002097968;0.0114;0.000457038;0;0;0;0
0.9764;0.000815072;-0.0335;0.000521293;0;0;0;0
1.4764;0.00141777;0.0108;0.000697971;0;0;0;0
1.9764;0.001787262;0;0.000740797;0;0;0;0
2.4764;0.002962823;-0.0038;0.00038564;0;0;0;0
2.9762;0.002245376;-0.0354;0.000169628;0;0;0;0
3.4761;0.001282013;-0.0148;0.000658712;0;0;0;0
3.9761;-0.000264806;-0.0063;0.000264251;0;0;0;0
4.4761;-0.000359606;0.0019;0.000737228;0;0;0;0
4.9761;0.001059576;0.007;0.000744366;0;0;0;0
5.4761;0.002983831;0.0051;0.000656927;0;0;0;0
5.9761;0.00169564;0.0168;0.000603389;0;0;0;0
6.4763;-7.1321E-05;0.0534;0.00074615;0;0;0;0
6.9763;0.006215874;0.0904;0.000970957;0;0;0;0
7.4763;0.001947911;0.1457;0.000249969;0;0;0;0
7.9761;0.004089307;0.1814;0.000198195;0;0;0;0
8.476;0.004696418;0.213;-8.5718E-05;0;0;0;0
8.9763;0.008219571;0.3053;0.000303525;0;0;0;0
9.4762;0.006384997;0.3179;-0.000385789;0;0;0;0
9.9762;0.015420875;0.3815;0.000837149;0;0;0;0
10.4763;0.01580149;0.4127;-2.14288E-05;0;0;0;0
10.976;0.018018267;0.5044;0.001354439;0;0;0;0
11.4762;0.018226228;0.5281;0.000658712;0;0;0;0
11.9759;0.018267714;0.5619;0.000801464;0;0;0;0
12.4762;0.019702608;0.6178;0.001147556;0;0;0;0
12.9761;0.026922449;0.675;0.001204631;0;0;0;0
13.4766;0.029981485;0.7057;0.000739013;0;0;0;0
13.9761;0.031612512;0.7736;0.000510584;0;0;0;0
14.4761;0.030694166;0.803;0.000742581;0;0;0;0
14.9761;0.032275939;0.8552;0.001170743;0;0;0;0
15.4759;0.02455844;0.9171;0.00147213;0;0;0;0
15.9761;0.031308692;0.9484;0.002078196;0;0;0;0
16.4761;0.032464127;0.9816;0.001910674;0;0;0;0
16.9762;0.03450066;1.0356;0.001336606;0;0;0;0
17.4761;0.037884701;1.0843;0.001359789;0;0;0;0
17.9758;0.037575055;1.138;0.001020907;0;0;0;0
18.4758;0.03840072;1.1927;0.001031611;0;0;0;0
18.9761;0.039768883;1.2442;0.001126151;0;0;0;0
19.476;0.038602502;1.2888;0.000967389;0;0;0;0
19.9758;0.046577745;1.3469;0.00144895;0;0;0;0
20.4758;0.050395008;1.3804;0.002215401;0;0;0;0
20.9758;0.051677551;1.3643;0.002354369;0;0;0;0
21.476;0.050721249;1.4702;0.00157911;0;0;0;0
21.9758;0.051674197;1.5315;0.002568128;0;0;0;0
22.476;0.052679046;1.5852;0.001800164;0;0;0;0
22.9758;0.053754864;1.6105;0.001500659;0;0;0;0
23.476;0.062112487;1.6658;0.001297372;0;0;0;0
23.976;0.060644757;1.7103;0.001340173;0;0;0;0
24.4759;0.064746775;1.7679;0.001391888;0;0;0;0
24.9759;0.057703647;1.8017;0.002156601;0;0;0;0
25.4757;0.058954413;1.8453;0.001256353;0;0;0;0
25.9757;0.060423026;1.9148;0.002847727;0;0;0;0
26.4759;0.061051145;1.9553;0.00299907;0;0;0;0
26.9759;0.0628174;1.973;0.003467197;0;0;0;0
27.4759;0.069425539;2.0276;0.001903544;0;0;0;0
27.9756;0.071738;2.1003;0.002334772;0;0;0;0
28.4759;0.070315816;2.1057;0.001766296;0;0;0;0
28.9756;0.072598795;2.1651;0.002653619;0;0;0;0
29.4756;0.07416468;2.2207;0.00239178;0;0;0;0
29.9758;0.072835002;2.2612;0.002263508;0;0;0;0
30.4758;0.081360159;2.326;0.002315175;0;0;0;0
30.9758;0.081686929;2.362;0.00295456;0;0;0;0
31.4756;0.083835386;2.399;0.003552611;0;0;0;0
31.9756;0.086078291;2.4464;0.004848939;0;0;0;0
32.4755;0.085494306;2.4906;0.003260749;0;0;0;0
32.9758;0.088140599;2.4938;0.003061381;0;0;0;0
33.4758;0.087318288;2.5794;0.002913608;0;0;0;0
33.9757;0.088455364;2.6113;0.00275513;0;0;0;0
34.4757;0.094900384;2.6404;0.002705266;0;0;0;0
34.9755;0.095652255;2.7023;0.003465417;0;0;0;0
35.4755;0.091368228;2.7339;0.004443684;0;0;0;0
35.9755;0.09351951;2.7598;0.005376592;0;0;0;0
36.4757;0.093809384;2.7981;0.005715777;0;0;0;0
36.9757;0.102432872;2.8202;0.005509793;0;0;0;0
37.4755;0.102931766;2.8398;0.005429874;0;0;0;0
37.9755;0.105444772;2.8825;0.004877372;0;0;0;0
38.4757;0.106586085;2.8878;0.005222056;0;0;0;0
38.9754;0.107947717;2.934;0.004685435;0;0;0;0
39.4756;0.110048332;2.9526;0.005012417;0;0;0;0
39.9756;0.110443776;2.9646;0.004895142;0;0;0;0
40.4756;0.115894538;2.9997;0.005440531;0;0;0;0
40.9756;0.122530923;3.024;0.007652785;0;0;0;0
41.4756;0.121448044;3.0215;0.008508344;0;0;0;0
41.9756;0.124758293;3.0452;0.008871248;0;0;0;0
42.4753;0.126585452;3.0705;0.009474617;0;0;0;0
42.9755;0.135246719;3.0645;0.007973484;0;0;0;0
43.4753;0.136144764;3.1053;0.007122787;0;0;0;0
43.9755;0.139298777;3.1151;0.007672278;0;0;0;0
44.4755;0.140847714;3.1037;0.00763152;0;0;0;0
44.9756;0.140731376;3.1384;0.008419811;0;0;0;0
45.4753;0.14231209;3.1685;0.010112977;0;0;0;0
45.9755;0.14371662;3.1729;0.011098893;0;0;0;0
46.4755;0.15461426;3.1773;0.011485573;0;0;0;0
46.9755;0.155072021;3.1625;0.012145586;0;0;0;0
47.4752;0.156493675;3.232;0.011790927;0;0;0;0
47.9755;0.157164339;3.1934;0.012050317;0;0;0;0
48.4754;0.160352424;3.2405;0.011349634;0;0;0;0
48.9754;0.166911839;3.2393;0.010959369;0;0;0;0
49.4754;0.170702799;3.2686;0.011305494;0;0;0;0
49.9754;0.172426861;3.2788;0.012397828;0;0;0;0
50.4754;0.17477304;3.2396;0.013860639;0;0;0;0
50.9754;0.176386943;3.2955;0.013936365;0;0;0;0
51.4754;0.178871174;3.3129;0.013924038;0;0;0;0
51.9754;0.185611893;3.3296;0.015236898;0;0;0;0
52.4751;0.188443726;3.3157;0.014658114;0;0;0;0
52.9751;0.189199128;3.353;0.0151771;0;0;0;0
53.4753;0.192019663;3.3382;0.014812959;0;0;0;0
53.9753;0.194289578;3.3552;0.015238657;0;0;0;0
54.4751;0.194061845;3.3454;0.016207236;0;0;0;0
54.9753;0.204758056;3.3739;0.016337246;0;0;0;0
55.4751;0.205263658;3.3966;0.01663761;0;0;0;0
55.9753;0.209333899;3.3777;0.017285456;0;0;0;0
56.4753;0.21009195;3.371;0.016997576;0;0;0;0
56.975;0.212474143;3.4314;0.016934372;0;0;0;0
57.475;0.221279994;3.433;0.017952177;0;0;0;0
57.975;0.221456178;3.4396;0.017604836;0;0;0;0
58.475;0.224407173;3.3982;0.017518859;0;0;0;0
58.975;0.226665613;3.4706;0.018132817;0;0;0;0
59.475;0.22780622;3.4728;0.018344983;0;0;0;0
59.975;0.228412802;3.4355;0.01964155;0;0;0;0
60.475;0.236154486;3.4658;0.020317201;0;0;0;0
60.975;0.233947948;3.5035;0.020415185;0;0;0;0
61.4752;0.235669715;3.47;0.020971412;0;0;0;0
61.9749;0.239267896;3.5164;0.020339948;0;0;0;0
62.4749;0.239714535;3.5193;0.020903212;0;0;0;0
62.9749;0.247553315;3.512;0.02068809;0;0;0;0
63.4751;0.251740601;3.5284;0.020408186;0;0;0;0
63.9752;0.255403923;3.5287;0.021076326;0;0;0;0
64.4749;0.254797871;3.5347;0.022447935;0;0;0;0
64.9749;0.255189784;3.5313;0.022863414;0;0;0;0
65.4749;0.257156585;3.5205;0.023006523;0;0;0;0
65.9751;0.264988656;3.5218;0.023228126;0;0;0;0
66.4751;0.269605457;3.5774;0.02306411;0;0;0;0
66.9749;0.271989062;3.5881;0.023301401;0;0;0;0
67.475;0.272367381;3.5727;0.02346189;0;0;0;0
67.9748;0.274590513;3.5676;0.023861257;0;0;0;0
68.4748;0.282122825;3.5897;0.023348504;0;0;0;0
68.9748;0.284577398;3.5878;0.02504795;0;0;0;0
69.4748;0.284827728;3.6128;0.02502531;0;0;0;0
69.9748;0.287976798;3.5973;0.025310888;0;0;0;0
70.4748;0.289221915;3.6118;0.025940962;0;0;0;0
70.975;0.295693238;3.6074;0.026172353;0;0;0;0
71.475;0.301638127;3.5916;0.02608885;0;0;0;0
71.9747;0.303704848;3.6526;0.026574117;0;0;0;0
72.475;0.303152993;3.6441;0.026541077;0;0;0;0
72.9749;0.306599881;3.6416;0.026476734;0;0;0;0
73.475;0.308629176;3.6662;0.027142571;0;0;0;0
73.9749;0.312739491;3.6627;0.026737559;0;0;0;0
74.4747;0.322804758;3.6611;0.028026769;0;0;0;0
74.9749;0.32168357;3.6864;0.027929528;0;0;0;0
75.4749;0.322337994;3.6877;0.02802156;0;0;0;0
75.9747;0.322797697;3.6703;0.028367038;0;0;0;0
76.4749;0.332505829;3.6858;0.029078451;0;0;0;0
76.9746;0.329238126;3.7089;0.029159971;0;0;0;0
77.4749;0.335193431;3.6893;0.029092327;0;0;0;0
77.9749;0.33780318;3.6893;0.029248421;0;0;0;0
78.4748;0.340882165;3.6924;0.030501492;0;0;0;0
78.9748;0.342694495;3.7038;0.030210462;0;0;0;0
79.4748;0.35202219;3.7136;0.030619266;0;0;0;0
79.9748;0.353746252;3.7149;0.030820142;0;0;0;0
80.4748;0.355567233;3.7607;0.030858235;0;0;0;0
80.9748;0.358142734;3.7455;0.031301388;0;0;0;0
81.4748;0.359708442;3.7326;0.030988085;0;0;0;0
81.9748;0.368393012;3.7389;0.032097187;0;0;0;0
82.4748;0.3702636;3.7547;0.031872351;0;0;0;0
82.9745;0.371957121;3.7443;0.032671152;0;0;0;0
83.4745;0.374882872;3.7579;0.032456818;0;0;0;0
83.9747;0.37508536;3.7765;0.033605734;0;0;0;0
84.4745;0.382885126;3.755;0.033073769;0;0;0;0
84.9747;0.385862955;3.7939;0.033360512;0;0;0;0
85.4747;0.388920049;3.8024;0.03336224;0;0;0;0
85.9744;0.390768746;3.7866;0.033610914;0;0;0;0
86.4744;0.393925407;3.8075;0.034171932;0;0;0;0
86.9747;0.394268243;3.8037;0.03374904;0;0;0;0
87.4747;0.399035099;3.8204;0.034391075;0;0;0;0
87.9746;0.403896404;3.8062;0.034905096;0;0;0;0
88.4746;0.409443555;3.8286;0.035030973;0;0;0;0
88.9746;0.408366855;3.809;0.035582578;0;0;0;0
89.4746;0.410388205;3.8318;0.035432641;0;0;0;0
89.9746;0.422079556;3.8388;0.036025366;0;0;0;0
90.4746;0.421239063;3.8343;0.036349149;0;0;0;0
90.9746;0.422481002;3.8498;0.035687694;0;0;0;0
91.4746;0.426104074;3.8441;0.036541991;0;0;0;0
91.9746;0.428524046;3.829;0.036820858;0;0;0;0
92.4743;0.426771385;3.8552;0.036655613;0;0;0;0
92.9746;0.436395485;3.8359;0.037278581;0;0;0;0
93.4744;0.437773711;3.8498;0.037512524;0;0;0;0
93.9743;0.440210277;3.8571;0.037656991;0;0;0;0
94.4745;0.443486278;3.8631;0.038160742;0;0;0;0
94.9743;0.445739951;3.8783;0.038241525;0;0;0;0
95.4742;0.449855915;3.8903;0.038366983;0;0;0;0
95.9743;0.455375703;3.8723;0.038172774;0;0;0;0
96.4745;0.459029317;3.9035;0.038683137;0;0;0;0
96.9744;0.4601558;3.8849;0.039387251;0;0;0;0
97.4745;0.462628733;3.8792;0.03964473;0;0;0;0
97.9742;0.47382578;3.882;0.039627567;0;0;0;0
98.4744;0.471202085;3.895;0.039237883;0;0;0;0
98.9744;0.475660001;3.907;0.040109741;0;0;0;0
99.4744;0.477826113;3.9057;0.040315581;0;0;0;0
99.9744;0.478179893;3.9295;0.040495656;0;0;0;0
100.4744;0.481370803;3.9181;0.041255044;0;0;0;0
100.9742;0.490615525;3.9285;0.041765549;0;0;0;0
101.4744;0.492384427;3.9307;0.042270659;0;0;0;0
101.9744;0.494128791;3.9276;0.041750135;0;0;0;0
102.4741;0.495775883;3.9178;0.042101176;0;0;0;0
102.9743;0.496039806;3.9535;0.041991596;0;0;0;0
103.4743;0.507458231;3.9421;0.042633496;0;0;0;0
103.9741;0.509626637;3.9513;0.043032122;0;0;0;0
104.4741;0.510976263;3.9437;0.04284566;0;0;0;0
104.9743;0.511877133;3.9519;0.043346805;0;0;0;0
105.4743;0.514759102;3.9633;0.043091988;0;0;0;0
105.9743;0.516459861;3.9418;0.043635746;0;0;0;0
106.4743;0.523070649;3.968;0.044252674;0;0;0;0
106.9743;0.527934425;4.0002;0.044572097;0;0;0;0
107.4743;0.529525025;3.999;0.045483683;0;0;0;0
107.9742;0.532036795;3.9727;0.045333517;0;0;0;0
108.474;0.533339816;3.9667;0.045633828;0;0;0;0
108.9742;0.540766559;3.9993;0.045700362;0;0;0;0
109.4742;0.543843425;3.9908;0.045930637;0;0;0;0
109.9742;0.546025601;3.9892;0.046220539;0;0;0;0
110.4742;0.547394647;3.9983;0.046805202;0;0;0;0
110.9739;0.550685477;4.0271;0.046873362;0;0;0;0
111.4739;0.552022922;4.0157;0.04679157;0;0;0;0
111.9739;0.558326006;4.029;0.046904033;0;0;0;0
112.4741;0.563905993;4.0028;0.047408257;0;0;0;0
112.9741;0.56475443;3.9904;0.048194749;0;0;0;0
113.4741;0.56603662;4.0394;0.047949675;0;0;0;0
113.9741;0.569555712;4.0097;0.047874779;0;0;0;0
114.4741;0.576162439;4.0514;0.048159013;0;0;0;0
114.9741;0.57770661;4.0391;0.048919408;0;0;0;0
115.4741;0.581296317;4.0167;0.049121742;0;0;0;0
115.9738;0.584346879;4.035;0.049230543;0;0;0;0
116.4741;0.585952132;4.0495;0.049378426;0;0;0;0
116.974;0.593889067;4.0268;0.049502495;0;0;0;0
117.4741;0.597654958;4.0568;0.050309418;0;0;0;0
117.9738;0.598427308;4.06;0.05072197;0;0;0;0
118.474;0.60135147;4.0748;0.05028055;0;0;0;0
118.974;0.602998738;4.0407;0.050373943;0;0;0;0
119.474;0.603086653;4.0653;0.051244632;0;0;0;0
119.9738;0.617360037;4.0565;0.05193996;0;0;0;0
120.474;0.616016413;4.0865;0.051339633;0;0;0;0
120.974;0.617677451;4.084;0.051934874;0;0;0;0
121.4737;0.618672944;4.0574;0.052124734;0;0;0;0
121.974;0.622107475;4.0856;0.051980647;0;0;0;0
122.474;0.629278768;4.0773;0.052726285;0;0;0;0
122.9737;0.632069468;4.0792;0.052407762;0;0;0;0
123.4739;0.633855494;4.1137;0.052893977;0;0;0;0
123.9739;0.635241488;4.0957;0.053151388;0;0;0;0
124.4737;0.636680266;4.0457;0.053936762;0;0;0;0
124.9739;0.643988728;4.1029;0.053545845;0;0;0;0
125.4739;0.647267553;4.1317;0.05417699;0;0;0;0
125.9736;0.650846668;4.0938;0.055115356;0;0;0;0
126.4739;0.652846834;4.1289;0.054604859;0;0;0;0
126.9736;0.655067672;4.1298;0.054680943;0;0;0;0
127.4738;0.655485359;4.109;0.054949726;0;0;0;0
127.9738;0.665857977;4.0903;0.055770844;0;0;0;0
128.4738;0.66784455;4.1311;0.056726277;0;0;0;0
128.9738;0.669268675;4.1406;0.056267243;0;0;0;0
129.4736;0.670909059;4.1573;0.056397212;0;0;0;0
129.9738;0.671943214;4.1421;0.056729651;0;0;0;0
130.4735;0.680484259;4.1257;0.057557739;0;0;0;0
130.9735;0.685220575;4.1469;0.057783615;0;0;0;0
131.4738;0.686220834;4.1557;0.057416119;0;0;0;0
131.9737;0.686314046;4.1377;0.057574597;0;0;0;0
132.4737;0.691992717;4.1535;0.057957202;0;0;0;0
132.9735;0.700864593;4.1624;0.058681559;0;0;0;0
133.4735;0.700281491;4.1478;0.058484518;0;0;0;0
133.9737;0.703056302;4.1475;0.059516445;0;0;0;0
134.4737;0.705216764;4.1579;0.059235422;0;0;0;0
134.9734;0.707610431;4.1908;0.059479429;0;0;0;0
135.4734;0.715481165;4.1848;0.059528223;0;0;0;0
135.9737;0.717716479;4.15;0.059958854;0;0;0;0
136.4737;0.720148631;4.1845;0.060165693;0;0;0;0
136.9737;0.723137582;4.1753;0.060340548;0;0;0;0
137.4736;0.724391349;4.162;0.06117909;0;0;0;0
137.9734;0.73003842;4.1722;0.061535132;0;0;0;0
138.4736;0.733760707;4.1974;0.062282071;0;0;0;0
138.9734;0.737000517;4.1759;0.06155696;0;0;0;0
139.4733;0.738635075;4.2044;0.062651138;0;0;0;0
139.9736;0.74237272;4.1984;0.062407905;0;0;0;0
140.4734;0.742242259;4.1759;0.062828913;0;0;0;0
140.9736;0.750167719;4.2129;0.062936234;0;0;0;0
141.4736;0.753496327;4.2259;0.063080427;0;0;0;0
141.9735;0.755345731;4.199;0.063529642;0;0;0;0
142.4733;0.75797331;4.2183;0.064249975;0;0;0;0
142.9735;0.75908673;4.2234;0.063923377;0;0;0;0
143.4735;0.762584638;4.2369;0.065192325;0;0;0;0
143.9736;0.771407083;4.2398;0.064668535;0;0;0;0
144.4733;0.772442474;4.2354;0.064623339;0;0;0;0
144.9735;0.773921855;4.2091;0.065142134;0;0;0;0
145.4735;0.777331494;4.2363;0.065483387;0;0;0;0
145.9734;0.783468633;4.2385;0.065346231;0;0;0;0
146.4734;0.782465548;4.2218;0.065951585;0;0;0;0
146.9734;0.789808082;4.2502;0.066725302;0;0;0;0
147.4732;0.792075879;4.2347;0.066873962;0;0;0;0
147.9732;0.792545821;4.236;0.066688552;0;0;0;0
148.4732;0.801120232;4.2335;0.067401606;0;0;0;0
148.9734;0.804009439;4.2584;0.067209616;0;0;0;0
149.4734;0.805893267;4.2515;0.067388251;0;0;0;0
149.9734;0.807882312;4.2527;0.068302633;0;0;0;0
150.4734;0.810757926;4.2739;0.068077453;0;0;0;0
150.9734;0.812249312;4.2764;0.068095803;0;0;0;0
151.4733;0.81606481;4.2553;0.068816189;0;0;0;0
151.9734;0.81815907;4.2629;0.068977871;0;0;0;0
152.4733;0.827174118;4.2689;0.070095597;0;0;0;0
152.9731;0.827152051;4.2787;0.069659316;0;0;0;0
153.4733;0.829763565;4.2727;0.070103921;0;0;0;0
153.9731;0.834801583;4.279;0.069775898;0;0;0;0
154.4731;0.839567557;4.2881;0.070924338;0;0;0;0
154.9733;0.842784417;4.2916;0.071569549;0;0;0;0
155.4733;0.843461614;4.2587;0.071778987;0;0;0;0
155.9732;0.845678568;4.2704;0.071782311;0;0;0;0
156.4733;0.854214317;4.2777;0.071920249;0;0;0;0
156.973;0.856380958;4.2982;0.072421985;0;0;0;0
157.473;0.859776121;4.2603;0.072936751;0;0;0;0
157.973;0.860983635;4.2768;0.073049632;0;0;0;0
158.473;0.859293821;4.3115;0.072729216;0;0;0;0
158.9732;0.861876383;4.3141;0.073758166;0;0;0;0
159.473;0.86892516;4.2907;0.073929002;0;0;0;0
159.9732;0.86909746;4.3084;0.074038454;0;0;0;0
160.4732;0.874559344;4.2866;0.074699889;0;0;0;0
160.9729;0.875444854;4.284;0.074467856;0;0;0;0
161.4729;0.877401592;4.3039;0.07470486;0;0;0;0
161.9731;0.880365475;4.2973;0.075460246;0;0;0;0
162.4732;0.891661912;4.2951;0.075839381;0;0;0;0
162.9729;0.891758655;4.303;0.075445343;0;0;0;0
163.4729;0.89154734;4.3141;0.07530789;0;0;0;0
163.9729;0.894190278;4.3273;0.075965175;0;0;0;0
164.4731;0.90258974;4.3223;0.077154475;0;0;0;0
164.9731;0.908018964;4.3216;0.076939546;0;0;0;0
165.4728;0.906366047;4.3412;0.076898208;0;0;0;0
165.9731;0.906211047;4.3194;0.077073469;0;0;0;0
166.4728;0.910940302;4.3327;0.078149158;0;0;0;0
166.9728;0.916704417;4.3409;0.078213563;0;0;0;0
167.4728;0.92248495;4.3321;0.078961354;0;0;0;0
167.9728;0.922957011;4.3504;0.079007557;0;0;0;0
168.473;0.924855668;4.3656;0.078693996;0;0;0;0
168.9728;0.929166353;4.3396;0.079302874;0;0;0;0
169.473;0.935525045;4.3545;0.079739915;0;0;0;0
169.973;0.935979805;4.3494;0.080603539;0;0;0;0
170.473;0.940186156;4.3485;0.080540935;0;0;0;0
170.973;0.944092394;4.328;0.08065955;0;0;0;0
171.4729;0.944937654;4.333;0.080862152;0;0;0;0
171.9727;0.944175014;4.364;0.081168447;0;0;0;0
172.4727;0.953144515;4.3618;0.081504276;0;0;0;0
172.9729;0.957780557;4.3889;0.082294018;0;0;0;0
173.4727;0.95877711;4.3434;0.081688605;0;0;0;0
173.9729;0.962699236;4.3444;0.082808659;0;0;0;0
174.4727;0.964082758;4.3292;0.082857972;0;0;0;0
174.9726;0.972010336;4.358;0.083043695;0;0;0;0
175.4729;0.97479627;4.3621;0.083607226;0;0;0;0
175.9726;0.975469406;4.3662;0.083999704;0;0;0;0
176.4726;0.977974292;4.3874;0.084495417;0;0;0;0
176.9726;0.982576969;4.3956;0.084546288;0;0;0;0
177.4726;0.986006027;4.3852;0.084580747;0;0;0;0
177.9726;0.987785698;4.3921;0.084948238;0;0;0;0
178.4726;0.99180545;4.3776;0.085231967;0;0;0;0
178.9726;0.993526334;4.3921;0.085458237;0;0;0;0
179.4725;0.995322953;4.4006;0.085127013;0;0;0;0
179.9728;1.00395721;4.4013;0.086259606;0;0;0;0
180.4725;1.005007253;4.3848;0.086007302;0;0;0;0
180.9725;1.01086458;4.4117;0.086963757;0;0;0;0
181.4725;1.011779572;4.3937;0.087138899;0;0;0;0
181.9725;1.014412977;4.3823;0.087274735;0;0;0;0
182.4727;1.023431026;4.37;0.088414707;0;0;0;0
182.9725;1.020929671;4.3981;0.088048488;0;0;0;0
183.4725;1.026128514;4.4234;0.088051758;0;0;0;0
183.9727;1.026167882;4.4117;0.088514414;0;0;0;0
184.4724;1.028281385;4.3959;0.088439226;0;0;0;0
184.9727;1.030698885;4.4196;0.089457045;0;0;0;0
185.4727;1.036666547;4.4243;0.088913139;0;0;0;0
185.9724;1.043462876;4.4066;0.089114075;0;0;0;0
186.4726;1.044374337;4.4013;0.090137735;0;0;0;0
186.9724;1.045812232;4.4221;0.090512977;0;0;0;0
187.4726;1.048718034;4.4063;0.090899493;0;0;0;0
187.9726;1.049366632;4.4294;0.09127119;0;0;0;0
188.4724;1.058169658;4.4259;0.091448838;0;0;0;0
188.9723;1.061172202;4.4316;0.092391965;0;0;0;0
189.4726;1.062754858;4.437;0.092225883;0;0;0;0
189.9726;1.065193896;4.4316;0.092108632;0;0;0;0
190.4726;1.070941593;4.4341;0.093012087;0;0;0;0
190.9726;1.074098078;4.4316;0.092992561;0;0;0;0
191.4723;1.078890356;4.4199;0.09411466;0;0;0;0
191.9725;1.078772253;4.43;0.094025264;0;0;0;0
192.4725;1.081470447;4.454;0.093675728;0;0;0;0
192.9725;1.08426097;4.4291;0.094428298;0;0;0;0
193.4722;1.093906961;4.43;0.094894509;0;0;0;0
193.9722;1.095538694;4.4288;0.09440555;0;0;0;0
194.4722;1.09673138;4.4468;0.095280959;0;0;0;0
194.9725;1.098722719;4.4522;0.094821424;0;0;0;0
195.4723;1.101740092;4.4594;0.095905782;0;0;0;0
195.9724;1.109228623;4.4717;0.096638842;0;0;0;0
196.4722;1.112009436;4.4427;0.09652535;0;0;0;0
196.9722;1.112183855;4.454;0.096914412;0;0;0;0
197.4722;1.11226824;4.4556;0.097360025;0;0;0;0
197.9724;1.118456398;4.4487;0.098224759;0;0;0;0
198.4724;1.124796201;4.4597;0.098561382;0;0;0;0
198.9722;1.127623797;4.479;0.098923773;0;0;0;0
199.4722;1.130706312;4.4834;0.098592126;0;0;0;0
199.9722;1.133496306;4.4465;0.098998176;0;0;0;0
200.4724;1.13348995;4.4743;0.099594819;0;0;0;0
200.9723;1.142738557;4.48;0.100021467;0;0;0;0
201.4721;1.142402253;4.4594;0.10020726;0;0;0;0
201.9723;1.147404081;4.4825;0.100501228;0;0;0;0
202.4721;1.148654317;4.5059;0.101676237;0;0;0;0
202.9723;1.151681047;4.467;0.101014658;0;0;0;0
203.4723;1.154417726;4.4834;0.101863336;0;0;0;0
203.9723;1.162653362;4.4942;0.101934296;0;0;0;0
204.4723;1.165421465;4.4711;0.102174553;0;0;0;0
204.972;1.164010227;4.4755;0.1028547;0;0;0;0
205.4722;1.167329479;4.4945;0.102472779;0;0;0;0
205.972;1.170810439;4.4926;0.103548876;0;0;0;0
206.4722;1.173843171;4.4683;0.103630985;0;0;0;0
206.9722;1.18013478;4.4819;0.10452892;0;0;0;0
207.4722;1.18035245;4.4939;0.104475839;0;0;0;0
207.9722;1.184697383;4.4762;0.10476373;0;0;0;0
208.4719;1.187601596;4.4787;0.105283013;0;0;0;0
208.9722;1.193539953;4.4714;0.105681536;0;0;0;0
209.4722;1.199393926;4.4882;0.10601887;0;0;0;0
209.9719;1.199373448;4.5062;0.106376963;0;0;0;0
210.4721;1.202080822;4.4999;0.107070303;0;0;0;0
210.9721;1.203641234;4.4781;0.106551948;0;0;0;0
211.4721;1.209331557;4.5087;0.107456888;0;0;0;0
211.9721;1.212811105;4.4954;0.107270833;0;0;0;0
212.4721;1.217020104;4.4904;0.107660547;0;0;0;0
212.9721;1.21842993;4.5157;0.108171917;0;0;0;0
213.4719;1.220126452;4.5087;0.108357805;0;0;0;0
213.9721;1.22242832;4.4986;0.109618047;0;0;0;0
214.4721;1.226262178;4.5116;0.10951082;0;0;0;0
214.9721;1.231579655;4.5353;0.109344355;0;0;0;0
215.4721;1.236458612;4.5359;0.110341128;0;0;0;0
215.9718;1.237932345;4.5147;0.110678493;0;0;0;0
216.4718;1.239335462;4.5289;0.110881497;0;0;0;0
216.972;1.247808364;4.5429;0.111496651;0;0;0;0
217.472;1.248780201;4.5397;0.111496651;0;0;0;0
217.9717;1.253180037;4.4989;0.112103445;0;0;0;0
218.472;1.255010375;4.5125;0.112709871;0;0;0;0
218.972;1.256882728;4.5252;0.113358978;0;0;0;0
219.4717;1.259221139;4.5011;0.113625197;0;0;0;0
219.972;1.268092309;4.5141;0.113335063;0;0;0;0
220.4719;1.271565501;4.5271;0.114237074;0;0;0;0
220.9717;1.27371749;4.5545;0.114901109;0;0;0;0
221.4717;1.272267943;4.5283;0.115246488;0;0;0;0
221.9717;1.274516144;4.5239;0.114971149;0;0;0;0
222.4719;1.28427759;4.5368;0.115814433;0;0;0;0
222.9719;1.285558721;4.5037;0.115434248;0;0;0;0
223.4719;1.289666035;4.5381;0.116391592;0;0;0;0
223.9719;1.291456298;4.5346;0.116911227;0;0;0;0
224.4718;1.291246219;4.5441;0.117446471;0;0;0;0
224.9717;1.294167556;4.5185;0.118059188;0;0;0;0
225.4716;1.305276864;4.5508;0.117797321;0;0;0;0
225.9716;1.305567091;4.5653;0.118298776;0;0;0;0
226.4716;1.30639099;4.5489;0.118328918;0;0;0;0
226.9718;1.310631413;4.5264;0.118828521;0;0;0;0
227.4718;1.318419527;4.5343;0.119725592;0;0;0;0
227.9716;1.320604351;4.5637;0.119985371;0;0;0;0
228.4715;1.322427627;4.5628;0.120314749;0;0;0;0
228.9715;1.32409555;4.5248;0.120252999;0;0;0;0
229.4715;1.327465822;4.552;0.121373408;0;0;0;0
229.9715;1.328454253;4.5318;0.121090259;0;0;0;0
230.4715;1.335417939;4.5719;0.121586903;0;0;0;0
230.9717;1.339644415;4.5545;0.122844806;0;0;0;0
231.4715;1.341444388;4.5305;0.122822696;0;0;0;0
231.9715;1.342229979;4.5596;0.122634739;0;0;0;0
232.4715;1.350161441;4.5438;0.123779308;0;0;0;0
232.9714;1.353060888;4.5808;0.123738284;0;0;0;0
233.4717;1.356318352;4.5523;0.124179992;0;0;0;0
233.9718;1.358612276;4.5681;0.12515579;0;0;0;0
234.4717;1.359863924;4.547;0.125106944;0;0;0;0
234.9717;1.363041946;4.5782;0.125398409;0;0;0;0
235.4716;1.367842698;4.5877;0.12671918;0;0;0;0
235.9716;1.374249762;4.5675;0.125664593;0;0;0;0
236.4716;1.374886355;4.5479;0.127233477;0;0;0;0
236.9716;1.376881225;4.5994;0.127106107;0;0;0;0
237.4716;1.379644032;4.5523;0.128404209;0;0;0;0
237.9713;1.384351572;4.5577;0.128594225;0;0;0;0
238.4713;1.392801524;4.5786;0.128655462;0;0;0;0
238.9716;1.394691708;4.5444;0.129393154;0;0;0;0
239.4713;1.393255578;4.5773;0.129162488;0;0;0;0
239.9716;1.395866739;4.5792;0.129597101;0;0;0;0
240.4713;1.403135481;4.5631;0.130453222;0;0;0;0
240.9715;1.407181183;4.5906;0.130990668;0;0;0;0
241.4713;1.40926291;4.5858;0.131330535;0;0;0;0
241.9713;1.41218866;4.5944;0.131294518;0;0;0;0
242.4715;1.412487891;4.5694;0.132214901;0;0;0;0
242.9712;1.413124131;4.595;0.13216014;0;0;0;0
243.4715;1.422948072;4.5865;0.132901507;0;0;0;0
243.9712;1.426002871;4.5593;0.134078118;0;0;0;0
244.4715;1.427512087;4.5906;0.13391257;0;0;0;0
244.9712;1.430375873;4.6019;0.134076556;0;0;0;0
245.4712;1.432024201;4.5726;0.135317297;0;0;0;0
245.9712;1.435379467;4.5982;0.135878636;0;0;0;0
246.4712;1.440349694;4.5634;0.135367206;0;0;0;0
246.9714;1.445110902;4.5868;0.136369549;0;0;0;0
247.4712;1.447203044;4.5915;0.136676442;0;0;0;0
247.9714;1.448282745;4.5798;0.137369331;0;0;0;0
248.4712;1.450133031;4.6225;0.137627679;0;0;0;0
248.9714;1.462287439;4.5947;0.138200164;0;0;0;0
249.4714;1.460599038;4.5931;0.138548474;0;0;0;0
249.9714;1.462895257;4.6026;0.139078479;0;0;0;0
250.4713;1.46514946;4.5808;0.139384542;0;0;0;0
250.9711;1.473638956;4.5997;0.139471528;0;0;0;0
251.4711;1.473526855;4.6241;0.140055378;0;0;0;0
251.9711;1.478822617;4.5915;0.140576828;0;0;0;0
252.4713;1.481188039;4.5865;0.141865319;0;0;0;0
252.9713;1.482726737;4.6054;0.141245314;0;0;0;0
253.4713;1.48467712;4.6092;0.142418349;0;0;0;0
253.9713;1.494080726;4.6086;0.142743518;0;0;0;0
254.4712;1.493013558;4.5997;0.143028341;0;0;0;0
254.971;1.498114247;4.6266;0.144207017;0;0;0;0
255.471;1.499214074;4.6095;0.144482151;0;0;0;0
255.971;1.501768567;4.6184;0.145484667;0;0;0;0
256.4712;1.50292665;4.6187;0.145260771;0;0;0;0
256.971;1.513200055;4.6171;0.145568036;0;0;0;0
257.4712;1.515474913;4.6111;0.147109109;0;0;0;0
257.9712;1.517316725;4.6256;0.147110651;0;0;0;0
258.4712;1.519702978;4.6029;0.148015059;0;0;0;0
258.9709;1.519391567;4.6136;0.147830238;0;0;0;0
259.4712;1.527037745;4.6247;0.148241418;0;0;0;0
259.9709;1.531605468;4.6399;0.149412431;0;0;0;0
260.4711;1.532977162;4.6275;0.149944397;0;0;0;0
260.9711;1.536761059;4.6196;0.150469935;0;0;0;0
261.4709;1.538375845;4.608;0.15048837;0;0;0;0
261.9711;1.54381831;4.6019;0.15094299;0;0;0;0
262.4709;1.550592571;4.589;0.151601515;0;0;0;0
262.9708;1.54963062;4.5694;0.152365414;0;0;0;0
263.4708;1.552825589;4.6181;0.153196143;0;0;0;0
263.9711;1.551104528;4.6415;0.152825312;0;0;0;0
264.471;1.555903338;4.6193;0.153603591;0;0;0;0
264.9711;1.556664743;4.6456;0.153608186;0;0;0;0
265.471;1.568409232;4.5953;0.154099658;0;0;0;0
265.9708;1.56906242;4.625;0.154815765;0;0;0;0
266.471;1.573110064;4.6095;0.156382371;0;0;0;0
266.971;1.580151955;4.6516;0.156011193;0;0;0;0
267.4708;1.582956955;4.6354;0.157765058;0;0;0;0
267.971;1.582879455;4.6241;0.15710295;0;0;0;0
268.4707;1.587349376;4.6348;0.159640684;0;0;0;0
268.971;1.58748478;4.6595;0.159591972;0;0;0;0
269.4707;1.590929726;4.6124;0.160284381;0;0;0;0
269.9709;1.599603174;4.625;0.16020223;0;0;0;0
270.4709;1.598395837;4.6535;0.162021663;0;0;0;0
270.9709;1.6035855;4.6266;0.159818769;0;0;0;0
271.4707;1.605340633;4.6291;0.162144663;0;0;0;0
271.9706;1.607960974;4.6234;0.162310158;0;0;0;0
272.4707;1.61678642;4.638;0.163906003;0;0;0;0
272.9706;1.61667838;4.6595;0.164022709;0;0;0;0
273.4707;1.621709866;4.6317;0.163855982;0;0;0;0
273.9709;1.623830783;4.6462;0.164781725;0;0;0;0
274.4706;1.624760781;4.638;0.16599102;0;0;0;0
274.9708;1.629511397;4.6465;0.166863407;0;0;0;0
275.4706;1.633056087;4.6708;0.166887587;0;0;0;0
275.9708;1.637828593;4.6396;0.168219614;0;0;0;0
276.4708;1.640498717;4.6402;0.169664411;0;0;0;0
276.9708;1.64061276;4.6642;0.169305669;0;0;0;0
277.4705;1.642775694;4.6215;0.170488428;0;0;0;0
277.9706;1.653238699;4.6487;0.169970295;0;0;0;0
278.4708;1.653317435;4.649;0.17053059;0;0;0;0
278.9705;1.656752495;4.6377;0.171426107;0;0;0;0
279.4707;1.659595979;4.6468;0.172409499;0;0;0;0
279.9708;1.660565522;4.6342;0.173022502;0;0;0;0
280.4705;1.667787304;4.5982;0.172439557;0;0;0;0
280.9707;1.671314341;4.6626;0.173867769;0;0;0;0
281.4705;1.672004071;4.6696;0.173294327;0;0;0;0
281.9704;1.674102216;4.65;0.17483827;0;0;0;0
282.4707;1.676111562;4.6636;0.175100608;0;0;0;0
282.9707;1.685692941;4.6579;0.175810825;0;0;0;0
283.4706;1.688373128;4.6326;0.176586392;0;0;0;0
283.9707;1.683997831;4.6702;0.176496589;0;0;0;0
284.4706;1.693972534;4.6696;0.177527345;0;0;0;0
284.9704;1.695686004;4.6415;0.17800272;0;0;0;0
285.4706;1.700160868;4.6266;0.178813924;0;0;0;0
285.9704;1.705276033;4.6731;0.17910508;0;0;0;0
286.4704;1.709244942;4.626;0.180168944;0;0;0;0
286.9703;1.702535646;4.6238;0.179378241;0;0;0;0
287.4703;1.711232044;4.6528;0.180239033;0;0;0;0
287.9706;1.704936375;4.6718;0.181094614;0;0;0;0
288.4703;1.72299913;4.6731;0.181151229;0;0;0;0
288.9706;1.724183341;4.6724;0.18154298;0;0;0;0
289.4708;1.726468438;4.637;0.182562599;0;0;0;0
289.9703;1.728916303;4.6566;0.183492003;0;0;0;0
290.4705;1.728816206;4.6674;0.18448588;0;0;0;0
290.9703;1.737606345;4.6696;0.184564575;0;0;0;0
291.4705;1.736161212;4.6459;0.184567545;0;0;0;0
291.9705;1.737537496;4.6408;0.18565083;0;0;0;0
292.4705;1.745030087;4.6566;0.186485495;0;0;0;0
292.9705;1.747076329;4.6405;0.186759611;0;0;0;0
293.4702;1.750430359;4.6313;0.187571146;0;0;0;0
293.9704;1.7588044;4.6803;0.187572627;0;0;0;0
294.4704;1.754499188;4.6519;0.188739903;0;0;0;0
294.9704;1.762616543;4.6433;0.188969056;0;0;0;0
295.4704;1.765170154;4.6569;0.189288304;0;0;0;0
295.9704;1.768277385;4.6519;0.190807768;0;0;0;0
296.4704;1.77481332;4.6787;0.191561475;0;0;0;0
296.9701;1.777662983;4.6373;0.191928535;0;0;0;0
297.4704;1.77897589;4.6617;0.192171694;0;0;0;0
297.9704;1.781496841;4.644;0.192841916;0;0;0;0
298.4703;1.783450402;4.6664;0.19403689;0;0;0;0
298.9703;1.783226553;4.6633;0.194520654;0;0;0;0
299.4701;1.795646826;4.6494;0.195876592;0;0;0;0
299.9703;1.794603491;4.6471;0.195751799;0;0;0;0
300.4703;1.791136477;4.6563;0.197031289;0;0;0;0
300.9701;1.799886013;4.6522;0.197314257;0;0;0;0
301.4701;1.802919981;4.6841;0.197405142;0;0;0;0
301.97;1.806436778;4.6677;0.197084076;0;0;0;0
302.4703;1.814108554;4.6828;0.199475664;0;0;0;0
302.9702;1.815507788;4.6569;0.199975811;0;0;0;0
303.4702;1.816797745;4.6699;0.200275488;0;0;0;0
303.9702;1.823284074;4.6102;0.201166676;0;0;0;0
304.4702;1.825560344;4.6623;0.202733825;0;0;0;0
304.9702;1.831485991;4.6588;0.203274608;0;0;0;0
305.4702;1.83128774;4.6712;0.203414493;0;0;0;0
305.9699;1.834136343;4.6452;0.204724966;0;0;0;0
306.4702;1.836512887;4.6854;0.207567152;0;0;0;0
306.9702;1.840869824;4.681;0.206410038;0;0;0;0
307.4702;1.84642951;4.667;0.207497502;0;0;0;0
307.9699;1.844490778;4.6718;0.209521187;0;0;0;0
308.4702;1.849347669;4.6547;0.21132542;0;0;0;0
308.9701;1.854155483;4.6484;0.210760048;0;0;0;0
309.4701;1.858623462;4.6617;0.211344212;0;0;0;0
309.9701;1.86293856;4.6648;0.213202878;0;0;0;0
310.4701;1.865084016;4.6601;0.213075899;0;0;0;0
310.9699;1.867975695;4.6475;0.213785616;0;0;0;0
311.4701;1.871747589;4.6566;0.216065705;0;0;0;0
311.9701;1.87098636;4.6332;0.216455522;0;0;0;0
312.47;1.87834443;4.6582;0.218090808;0;0;0;0
312.9701;1.88430715;4.6535;0.219564296;0;0;0;0
313.47;1.885191248;4.6399;0.219723424;0;0;0;0
313.9701;1.886257532;4.686;0.220449927;0;0;0;0
314.4698;1.889217884;4.6636;0.222213119;0;0;0;0
314.97;1.894812347;4.6778;0.22305069;0;0;0;0
315.47;1.901937564;4.6471;0.224576809;0;0;0;0
315.97;1.903067049;4.667;0.225450887;0;0;0;0
316.47;1.903815037;4.6633;0.226359802;0;0;0;0
316.97;1.906675822;4.6494;0.22720956;0;0;0;0
317.47;1.90746971;4.6715;0.228813163;0;0;0;0
317.9697;1.919526493;4.6392;0.229393977;0;0;0;0
318.4699;1.920341388;4.6497;0.229463538;0;0;0;0
318.9699;1.922058212;4.6683;0.230707728;0;0;0;0
319.4697;1.922519681;4.6629;0.231787513;0;0;0;0
319.9699;1.930793095;4.6402;0.233622738;0;0;0;0
320.4699;1.932060456;4.6509;0.232948186;0;0;0;0
320.9699;1.931237439;4.6566;0.233973269;0;0;0;0
321.4697;1.938970297;4.6449;0.23591028;0;0;0;0
321.9699;1.940418961;4.6415;0.236995737;0;0;0;0
322.4699;1.943117509;4.6389;0.238506365;0;0;0;0
322.9699;1.95028227;4.667;0.239596035;0;0;0;0
323.4698;1.955369718;4.6124;0.240163599;0;0;0;0
323.9696;1.957666643;4.6452;0.240653637;0;0;0;0
324.4698;1.958284347;4.6566;0.24358743;0;0;0;0
324.9698;1.959288667;4.6506;0.244851925;0;0;0;0
325.4695;1.969340341;4.6582;0.245828575;0;0;0;0
325.9698;1.970214023;4.662;0.247334296;0;0;0;0
326.4695;1.973928718;4.6579;0.248151097;0;0;0;0
326.9698;1.974765328;4.6307;0.249112005;0;0;0;0
327.4697;1.974185403;4.6547;0.249606025;0;0;0;0
327.9698;1.981404538;4.6535;0.252136313;0;0;0;0
328.4695;1.98555528;4.6279;0.251979485;0;0;0;0
328.9697;1.990982033;4.6737;0.254795861;0;0;0;0
329.4697;1.985889995;4.6642;0.257025865;0;0;0;0
329.9697;1.993174625;4.6433;0.257474582;0;0;0;0
330.4697;1.995799556;4.6421;0.257720256;0;0;0;0
330.9697;2.004078797;4.6449;0.259595325;0;0;0;0
331.4697;2.007479256;4.6307;0.262141712;0;0;0;0
331.9694;2.010373583;4.6452;0.264323882;0;0;0;0
332.4697;2.009640953;4.6636;0.266245459;0;0;0;0
332.9696;2.018049596;4.6367;0.267984431;0;0;0;0
333.4696;2.02198355;4.6317;0.269234839;0;0;0;0
333.9694;2.024687746;4.6462;0.270978157;0;0;0;0
334.4694;2.02602837;4.6626;0.273355833;0;0;0;0
334.9696;2.028761871;4.6424;0.27488446;0;0;0;0
335.4694;2.030675887;4.6263;0.277420675;0;0;0;0
335.9694;2.038740106;4.6408;0.280170449;0;0;0;0
336.4696;2.038438051;4.6269;0.281253417;0;0;0;0
336.9696;2.042757562;4.6405;0.281607858;0;0;0;0
337.4694;2.042486931;4.6329;0.280564391;0;0;0;0
337.9695;2.046757895;4.6509;0.282521009;0;0;0;0
338.4695;2.054684061;4.6471;0.283799097;0;0;0;0
338.9695;2.057570973;4.6114;0.286338313;0;0;0;0
339.4695;2.062422568;4.6541;0.289139938;0;0;0;0
339.9695;2.056995638;4.632;0.290607254;0;0;0;0
340.4692;2.059764448;4.6168;0.293849621;0;0;0;0
340.9695;2.068345743;4.6184;0.295125285;0;0;0;0
341.4692;2.075698693;4.6136;0.297045686;0;0;0;0
341.9693;2.077386742;4.6383;0.298074756;0;0;0;0
342.4694;2.081539249;4.6238;0.299900868;0;0;0;0
342.9695;2.082513028;4.5855;0.302220078;0;0;0;0
343.4692;2.088398071;4.6111;0.303055261;0;0;0;0
343.9694;2.091036066;4.5963;0.303757964;0;0;0;0
344.4694;2.08957681;4.6184;0.306860818;0;0;0;0
344.9691;2.097385756;4.6083;0.306788554;0;0;0;0
345.4694;2.098147867;4.613;0.308678839;0;0;0;0
345.9694;2.101473121;4.5858;0.309646228;0;0;0;0
346.4694;2.10803236;4.6127;0.309902992;0;0;0;0
346.9694;2.111831969;4.6073;0.312442191;0;0;0;0
347.4692;2.114860288;4.6117;0.316411387;0;0;0;0
347.9691;2.114695049;4.6187;0.318510872;0;0;0;0
348.4691;2.118767762;4.5615;0.318991249;0;0;0;0
348.9691;2.119441604;4.5808;0.320399888;0;0;0;0
349.4691;2.124915669;4.5931;0.324335103;0;0;0;0
349.9691;2.127101552;4.5843;0.329636426;0;0;0;0
350.469;2.129981756;4.5707;0.329682658;0;0;0;0
350.9691;2.135213082;4.5599;0.331186609;0;0;0;0
351.4693;2.1384107;4.57;0.332885455;0;0;0;0
351.9691;2.147934175;4.5662;0.334681093;0;0;0;0
352.4692;2.148241349;4.5738;0.335882777;0;0;0;0
352.969;2.147719152;4.5782;0.341839186;0;0;0;0
353.4692;2.146145147;4.5675;0.341374741;0;0;0;0
353.9692;2.156720253;4.5476;0.344783267;0;0;0;0
354.4689;2.163525762;4.5697;0.344421425;0;0;0;0
354.9692;2.169214142;4.5485;0.351712652;0;0;0;0
355.4692;2.167159779;4.5169;0.352322988;0;0;0;0
355.969;2.170379111;4.5517;0.353013248;0;0;0;0
356.4692;2.183024293;4.546;0.354566473;0;0;0;0
356.969;2.180763558;4.5444;0.357048624;0;0;0;0
357.4689;2.183344001;4.5356;0.370333736;0;0;0;0
357.9691;2.186647365;4.54;0.372873044;0;0;0;0
358.4691;2.186123579;4.515;0.375683138;0;0;0;0
358.9692;2.189856634;4.5141;0.379319118;0;0;0;0
359.4691;2.189900063;4.5252;0.380070374;0;0;0;0
359.9689;2.201354854;4.4847;0.381790638;0;0;0;0
