0,0,0.000196,0,0,0.2842,4,1,3
0.501,-0.00022717,0.000196,-2.23E-05,-0.000161613,0,0,0,0
1.001,0.00022007,0.000196,-6.41E-05,9.83E-05,0,0,0,0
1.503,-6.24E-05,0.00019881,3.43E-05,8.67E-05,0,0,0,0
2,0.0004826,0.00021702,-1.33E-05,0.000197306,0,0,0,0
2.501,-0.00018591,0.00028005,-0.000104142,-0.000279536,0,0,0,0
3.001,0.00030363,0.0004397,-7.01E-05,0.000158008,0,0,0,0
3.501,0.00023199,0.00074911,4.98E-05,-1.31E-05,0,0,0,0
4.002,0.00015331,0.0012054,-9.38E-05,-0.000393195,0,0,0,0
4.501,0.00030496,0.0018174,-0.000246313,-0.000144175,0,0,0,0
5.001,0.00034802,0.0025971,-7.89E-05,-0.000286042,0,0,0,0
5.501,0.00024497,0.0035,-0.00013359,-0.000124146,0,0,0,0
6.001,0.00036758,0.0045306,6.50E-05,-0.000377091,0,0,0,0
6.501,0.00035951,0.0056306,-0.000179176,4.50E-05,0,0,0,0
7.001,0.00041495,0.0068098,-9.11E-05,-0.00027838,0,0,0,0
7.501,0.00040765,0.0080037,-0.000268453,-0.000115473,0,0,0,0
8.001,0.00056723,0.0091938,-8.12E-05,-0.000184352,0,0,0,0
8.5,0.00056126,0.0103,-0.000307424,-0.000299078,0,0,0,0
9.001,0.00052597,0.011417,-8.25E-05,-6.84E-05,0,0,0,0
9.5,0.00052619,0.012551,-0.000278223,-0.000561112,0,0,0,0
10,0.00058011,0.013734,-0.00028118,-5.93E-05,0,0,0,0
10.501,0.00061597,0.014998,-0.000184242,-0.000514934,0,0,0,0
11,0.00069379,0.016342,-0.000399019,-0.000257902,0,0,0,0
11.5,0.00077406,0.017724,-0.000252773,-0.00052243,0,0,0,0
12.001,0.00077044,0.01917,-0.000463425,-0.000287473,0,0,0,0
12.501,0.00088022,0.020656,-7.31E-05,-0.000361658,0,0,0,0
13.001,0.00091286,0.022133,-0.000287924,-0.000553945,0,0,0,0
13.501,0.00086709,0.023653,-0.000262016,-0.000135754,0,0,0,0
14.001,0.0009244,0.025227,-0.00024783,-0.000712998,0,0,0,0
14.502,0.00098598,0.026848,-0.000182262,-0.000101455,0,0,0,0
15.001,0.00097679,0.028514,-2.80E-06,-0.00067177,0,0,0,0
15.5,0.001029,0.030168,-0.00026349,-0.000678446,0,0,0,0
16.001,0.0011221,0.031816,-0.000190144,-0.000294249,0,0,0,0
16.501,0.00099563,0.033534,-0.000314823,-0.000830596,0,0,0,0
17.001,0.0011874,0.035352,-0.000256034,-0.000510919,0,0,0,0
17.501,0.0012457,0.037142,-0.000181799,-0.000714499,0,0,0,0
18.001,0.0012318,0.03888,-0.00040738,-0.000784614,0,0,0,0
18.501,0.0013476,0.04063,-0.000252763,-0.000573382,0,0,0,0
19.001,0.0013853,0.04242,-0.000445365,-0.001099845,0,0,0,0
19.5,0.0014237,0.044267,-0.000312428,-0.000765999,0,0,0,0
20.001,0.0015376,0.04619,-0.000190353,-0.000941761,0,0,0,0
20.5,0.0015372,0.048142,-0.000291277,-0.001430413,0,0,0,0
21.001,0.0015728,0.05019,-0.000465126,-0.001205416,0,0,0,0
21.514,0.0016503,0.052365,-0.000268919,-0.000972548,0,0,0,0
22.001,0.0017885,0.054646,-0.000272433,-0.001251413,0,0,0,0
22.501,0.0017913,0.056926,-0.000106482,-0.001450281,0,0,0,0
23,0.0018912,0.059407,-0.00029722,-0.001630178,0,0,0,0
23.5,0.0019887,0.062013,-0.000343176,-0.00153028,0,0,0,0
24.001,0.001999,0.064605,-0.000109537,-0.001824513,0,0,0,0
24.501,0.0021247,0.06715,-0.000294967,-0.001956252,0,0,0,0
25,0.0025882,0.06978,-0.000147801,-0.001724316,0,0,0,0
25.501,0.0022836,0.072399,-0.000249035,-0.001920253,0,0,0,0
26.001,0.0024115,0.074915,-0.000363881,-0.002292746,0,0,0,0
26.501,0.0023057,0.077479,-0.000337343,-0.002038136,0,0,0,0
27.001,0.0024662,0.080031,-0.000101694,-0.002126058,0,0,0,0
27.502,0.0025562,0.082487,-8.10E-05,-0.002525075,0,0,0,0
28.001,0.0025947,0.084969,-8.51E-05,-0.002247895,0,0,0,0
28.501,0.0026561,0.08751,6.78E-05,-0.002271438,0,0,0,0
29.001,0.0028305,0.090082,-5.76E-05,-0.002671245,0,0,0,0
29.501,0.0028992,0.092678,-0.000242795,-0.002550901,0,0,0,0
30.001,0.0030496,0.095246,-8.41E-06,-0.002462339,0,0,0,0
30.5,0.0030925,0.097695,-0.000131881,-0.002809192,0,0,0,0
31.001,0.0030908,0.10014,-0.0001282,-0.002613382,0,0,0,0
31.501,0.003139,0.10267,3.30E-05,-0.002460996,0,0,0,0
32.001,0.0033028,0.10518,2.77E-05,-0.003043106,0,0,0,0
32.501,0.0032488,0.10772,-5.56E-05,-0.00282283,0,0,0,0
33.001,0.0033521,0.11029,9.83E-05,-0.00283333,0,0,0,0
33.501,0.0035868,0.11293,-9.45E-06,-0.003224945,0,0,0,0
34.001,0.0036184,0.11546,-4.95E-05,-0.002694006,0,0,0,0
34.501,0.0037548,0.11795,7.81E-05,-0.003009233,0,0,0,0
35.001,0.0037431,0.12052,2.09E-06,-0.003373293,0,0,0,0
35.5,0.0038636,0.12318,-8.51E-05,-0.003008381,0,0,0,0
36.001,0.004041,0.12576,0.000168485,-0.003224062,0,0,0,0
36.501,0.0040968,0.12843,0.000166856,-0.003513495,0,0,0,0
37.001,0.0040396,0.13113,3.41E-05,-0.00323888,0,0,0,0
37.502,0.004143,0.13382,0.000295849,-0.00339298,0,0,0,0
38.001,0.004312,0.13651,0.000392336,-0.003552151,0,0,0,0
38.501,0.0042877,0.13922,0.000220677,-0.003250327,0,0,0,0
39.001,0.004623,0.14188,0.000412951,-0.003256336,0,0,0,0
39.5,0.00473,0.14467,0.000158579,-0.003668932,0,0,0,0
40.001,0.0047249,0.1475,0.000252544,-0.003423584,0,0,0,0
40.501,0.0046566,0.15024,0.000465306,-0.00325744,0,0,0,0
41,0.0048706,0.15299,0.000539378,-0.003879907,0,0,0,0
41.5,0.0049308,0.15575,0.00027224,-0.003694697,0,0,0,0
42,0.0050207,0.15847,0.000400337,-0.003435776,0,0,0,0
42.501,0.0051528,0.16127,0.000420971,-0.003971837,0,0,0,0
43.001,0.0053118,0.16422,0.000437037,-0.003769967,0,0,0,0
43.501,0.0053138,0.16704,0.000652259,-0.003568981,0,0,0,0
44.001,0.0054895,0.16981,0.000722829,-0.004134877,0,0,0,0
44.501,0.0057137,0.17266,0.000513403,-0.003921459,0,0,0,0
45.001,0.0058236,0.17564,0.0005186,-0.003650324,0,0,0,0
45.5,0.0057985,0.17854,0.0005812,-0.00407213,0,0,0,0
46,0.0059869,0.1814,0.000596426,-0.004249617,0,0,0,0
46.501,0.0059372,0.18429,0.000739792,-0.003861396,0,0,0,0
47.001,0.0061778,0.18717,0.000668986,-0.004253523,0,0,0,0
47.501,0.0060941,0.18995,0.000765896,-0.004347065,0,0,0,0
48.001,0.0063828,0.19265,0.000853558,-0.004015963,0,0,0,0
48.5,0.0063253,0.19541,0.001060577,-0.004440494,0,0,0,0
49.001,0.0066004,0.19827,0.000968739,-0.004518423,0,0,0,0
49.502,0.0066549,0.20114,0.001043565,-0.004081548,0,0,0,0
50.002,0.0067555,0.20399,0.001107916,-0.004302814,0,0,0,0
50.503,0.0069289,0.20679,0.001203745,-0.004633448,0,0,0,0
51.001,0.0069973,0.20955,0.001150738,-0.004143994,0,0,0,0
51.501,0.007015,0.21228,0.001214093,-0.004611597,0,0,0,0
52.001,0.0072491,0.21505,0.00114879,-0.004225274,0,0,0,0
52.501,0.0072596,0.21775,0.001386349,-0.004576225,0,0,0,0
53.001,0.0073441,0.22032,0.001274318,-0.003997951,0,0,0,0
53.501,0.0073354,0.22282,0.001453004,-0.00430669,0,0,0,0
54.001,0.0074711,0.22518,0.001332052,-0.003696484,0,0,0,0
54.5,0.0075169,0.22739,0.001550907,-0.003845966,0,0,0,0
55.001,0.0074978,0.22955,0.001372647,-0.003808774,0,0,0,0
55.501,0.0076434,0.23169,0.001467822,-0.003630261,0,0,0,0
56,0.0076647,0.23374,0.001557017,-0.003738851,0,0,0,0
56.501,0.0077933,0.23569,0.00147586,-0.003378772,0,0,0,0
57.001,0.0079114,0.23763,0.001646943,-0.003633363,0,0,0,0
57.501,0.007956,0.23963,0.001629821,-0.003175055,0,0,0,0
58.001,0.0080319,0.24164,0.001738837,-0.003166077,0,0,0,0
58.5,0.0080492,0.24357,0.001927581,-0.003153286,0,0,0,0
59,0.0081852,0.24549,0.001839517,-0.002818669,0,0,0,0
59.501,0.0078858,0.24745,0.001882667,-0.003050939,0,0,0,0
60.001,0.0081004,0.24938,0.001943321,-0.002571544,0,0,0,0
60.501,0.0082226,0.25124,0.002035437,-0.002727005,0,0,0,0
61,0.008226,0.25315,0.002087879,-0.002390405,0,0,0,0
61.5,0.0082938,0.25506,0.002061963,-0.002176517,0,0,0,0
62.002,0.0083227,0.257,0.001983023,-0.002394053,0,0,0,0
62.503,0.0086476,0.25888,0.002210166,-0.001827369,0,0,0,0
63.002,0.0086131,0.26077,0.002317433,-0.002023155,0,0,0,0
63.501,0.0087155,0.26265,0.002381422,-0.001801001,0,0,0,0
64.001,0.0086948,0.26451,0.002360991,-0.001645102,0,0,0,0
64.501,0.0088816,0.26636,0.002377881,-0.001689627,0,0,0,0
65,0.0090692,0.26824,0.002683396,-0.001232079,0,0,0,0
65.501,0.0090674,0.27009,0.002698955,-0.001353996,0,0,0,0
66.001,0.0092435,0.27195,0.002776312,-0.000863702,0,0,0,0
66.501,0.0093027,0.27391,0.002964392,-0.000880724,0,0,0,0
67,0.009587,0.27584,0.002935557,-0.000720697,0,0,0,0
67.5,0.0095815,0.27771,0.002951789,-0.000236493,0,0,0,0
68,0.0096971,0.27957,0.002953085,-0.00037573,0,0,0,0
68.5,0.0098632,0.28144,0.002937312,-4.21E-05,0,0,0,0
69.001,0.010053,0.28326,0.003311999,7.10E-05,0,0,0,0
69.501,0.010192,0.28513,0.003356361,0.000461167,0,0,0,0
70,0.010239,0.28708,0.003605791,0.000669673,0,0,0,0
70.501,0.010393,0.28898,0.003571724,0.000631852,0,0,0,0
71,0.010532,0.29085,0.003752042,0.001146513,0,0,0,0
71.501,0.010703,0.29273,0.003920614,0.001245324,0,0,0,0
72.001,0.010894,0.29459,0.003905484,0.001533274,0,0,0,0
72.501,0.010866,0.29637,0.004149001,0.001761018,0,0,0,0
73,0.011314,0.29813,0.004304622,0.00170259,0,0,0,0
73.501,0.01133,0.29994,0.004549714,0.002190429,0,0,0,0
74.001,0.01154,0.3017,0.004702705,0.00225737,0,0,0,0
74.501,0.011874,0.30339,0.004638625,0.002522645,0,0,0,0
75,0.011856,0.30512,0.004930475,0.002980863,0,0,0,0
75.501,0.01246,0.30686,0.005064534,0.003107218,0,0,0,0
76.002,0.012052,0.30857,0.005145181,0.003368879,0,0,0,0
76.501,0.012379,0.31025,0.005436814,0.003743484,0,0,0,0
77.001,0.012562,0.31193,0.005435809,0.004038803,0,0,0,0
77.5,0.012753,0.31358,0.005728849,0.004317456,0,0,0,0
78.001,0.013098,0.3152,0.005948801,0.004609191,0,0,0,0
78.501,0.013161,0.31681,0.00593547,0.005035988,0,0,0,0
79,0.013448,0.31846,0.00632421,0.005326638,0,0,0,0
79.501,0.013642,0.32009,0.006445801,0.005654632,0,0,0,0
80.001,0.013766,0.32165,0.006658711,0.006137805,0,0,0,0
80.5,0.014099,0.32318,0.006875281,0.006335101,0,0,0,0
81,0.014834,0.32475,0.007144229,0.006989516,0,0,0,0
81.501,0.014465,0.3263,0.007230308,0.007020052,0,0,0,0
82,0.014773,0.32781,0.007501027,0.007384537,0,0,0,0
82.501,0.015019,0.32932,0.00777191,0.007839183,0,0,0,0
83.001,0.015166,0.33078,0.007920807,0.008013317,0,0,0,0
83.501,0.015815,0.33219,0.00826747,0.008425515,0,0,0,0
84,0.01589,0.33361,0.008504534,0.008947967,0,0,0,0
84.5,0.016167,0.33506,0.008643081,0.009289786,0,0,0,0
85.001,0.01614,0.33647,0.008786248,0.009303458,0,0,0,0
85.501,0.016455,0.33785,0.009066941,0.009956073,0,0,0,0
86,0.017007,0.3392,0.009408144,0.010496518,0,0,0,0
86.5,0.017652,0.34053,0.0096406,0.010533824,0,0,0,0
87,0.017149,0.34189,0.009742884,0.010853289,0,0,0,0
87.501,0.017704,0.3432,0.010140808,0.011322458,0,0,0,0
88.001,0.017544,0.34446,0.010276119,0.011366456,0,0,0,0
88.5,0.018425,0.34574,0.0106113,0.011748713,0,0,0,0
89.001,0.018452,0.34704,0.010814611,0.011990031,0,0,0,0
89.501,0.018764,0.34833,0.011245828,0.012669502,0,0,0,0
90,0.018981,0.34961,0.011374267,0.012757081,0,0,0,0
90.501,0.019302,0.35084,0.011592645,0.013086004,0,0,0,0
91,0.01953,0.352,0.011985881,0.013794615,0,0,0,0
91.5,0.019908,0.35321,0.012197507,0.014081193,0,0,0,0
92.001,0.0205,0.3544,0.01240494,0.014331906,0,0,0,0
92.5,0.020427,0.35558,0.012743357,0.014559494,0,0,0,0
93,0.020794,0.35674,0.012929354,0.015338364,0,0,0,0
93.5,0.021031,0.35792,0.013145024,0.015399516,0,0,0,0
94.001,0.021412,0.35907,0.013324039,0.015692034,0,0,0,0
94.501,0.021588,0.36023,0.013554521,0.016236374,0,0,0,0
95,0.021887,0.36135,0.013790867,0.016887795,0,0,0,0
95.5,0.022289,0.36243,0.014062853,0.01692565,0,0,0,0
96,0.022617,0.36353,0.014298192,0.017282494,0,0,0,0
96.501,0.02284,0.36464,0.014515045,0.017851411,0,0,0,0
97.001,0.023281,0.36572,0.014709582,0.018256629,0,0,0,0
97.501,0.023562,0.36681,0.014867331,0.018525439,0,0,0,0
98.001,0.023836,0.36788,0.015269722,0.018781812,0,0,0,0
98.502,0.024219,0.36893,0.015491879,0.01951592,0,0,0,0
99,0.024516,0.37,0.015662599,0.019892819,0,0,0,0
99.502,0.024785,0.37105,0.016025109,0.020214209,0,0,0,0
100,0.025117,0.37205,0.016322756,0.020370505,0,0,0,0
100.5,0.025445,0.37307,0.016733511,0.020971454,0,0,0,0
101,0.025663,0.37409,0.016772748,0.021476422,0,0,0,0
101.5,0.026021,0.37511,0.017026129,0.021744368,0,0,0,0
102,0.026333,0.37614,0.017251926,0.022015569,0,0,0,0
102.5,0.026646,0.37714,0.017530145,0.022651213,0,0,0,0
103,0.026994,0.37811,0.017856323,0.022955886,0,0,0,0
103.5,0.027361,0.37912,0.018106877,0.023243466,0,0,0,0
104,0.027695,0.38013,0.018415195,0.023728636,0,0,0,0
104.5,0.027965,0.38109,0.018544287,0.024173942,0,0,0,0
105,0.028276,0.38204,0.018777396,0.024659246,0,0,0,0
105.5,0.028531,0.38303,0.01898131,0.025030409,0,0,0,0
106,0.028984,0.384,0.019292007,0.025500091,0,0,0,0
106.5,0.029204,0.38492,0.019423045,0.025947922,0,0,0,0
107,0.029465,0.38583,0.019749979,0.026616225,0,0,0,0
107.5,0.029826,0.38675,0.019976338,0.027117962,0,0,0,0
108,0.030106,0.38767,0.020233123,0.027487435,0,0,0,0
108.5,0.030412,0.38857,0.020538239,0.027879918,0,0,0,0
109,0.03083,0.38946,0.020781854,0.028649651,0,0,0,0
109.5,0.031125,0.39035,0.020950791,0.028988834,0,0,0,0
110,0.031558,0.39125,0.021259898,0.029352373,0,0,0,0
110.5,0.031568,0.39215,0.021501771,0.029576084,0,0,0,0
111,0.03212,0.39302,0.021592984,0.030193261,0,0,0,0
111.5,0.032411,0.39388,0.021939852,0.030794543,0,0,0,0
112,0.032809,0.39473,0.022214422,0.031259976,0,0,0,0
112.5,0.033106,0.39558,0.022491753,0.0316939,0,0,0,0
113,0.033376,0.39644,0.022745059,0.032084445,0,0,0,0
113.5,0.033784,0.39728,0.023016086,0.032466512,0,0,0,0
114,0.034125,0.3981,0.023207315,0.032962034,0,0,0,0
114.5,0.034493,0.39893,0.023476752,0.033571324,0,0,0,0
115,0.034827,0.39975,0.023786251,0.033861571,0,0,0,0
115.5,0.035333,0.40054,0.024241682,0.034417079,0,0,0,0
116,0.035578,0.40136,0.024399009,0.034772276,0,0,0,0
116.5,0.035888,0.40217,0.024551042,0.035413668,0,0,0,0
117,0.036158,0.40296,0.024824799,0.035933393,0,0,0,0
117.5,0.036482,0.40376,0.025104333,0.036215818,0,0,0,0
118,0.036895,0.40454,0.025579049,0.036691074,0,0,0,0
118.5,0.037107,0.40529,0.02575975,0.037152711,0,0,0,0
119,0.037497,0.40606,0.025942563,0.037662673,0,0,0,0
119.5,0.03797,0.40684,0.026247793,0.038159958,0,0,0,0
120,0.03831,0.40759,0.026543679,0.038544042,0,0,0,0
120.5,0.038603,0.40832,0.026836946,0.038867189,0,0,0,0
121,0.039028,0.40906,0.027089737,0.0393259,0,0,0,0
121.5,0.039291,0.4098,0.027243503,0.039809386,0,0,0,0
122,0.039819,0.41055,0.027513995,0.040474542,0,0,0,0
122.5,0.040295,0.41131,0.02790812,0.040909383,0,0,0,0
123,0.040486,0.41203,0.028156363,0.041313426,0,0,0,0
123.5,0.040695,0.41272,0.028398809,0.041427699,0,0,0,0
124,0.04125,0.41343,0.028571422,0.041986404,0,0,0,0
124.5,0.041487,0.41414,0.028849036,0.042514801,0,0,0,0
125,0.041746,0.41484,0.029207673,0.043123472,0,0,0,0
125.5,0.042201,0.41555,0.029482683,0.043597084,0,0,0,0
126,0.042193,0.41627,0.029655982,0.043922623,0,0,0,0
126.5,0.042577,0.41695,0.029971824,0.044065592,0,0,0,0
127,0.043031,0.41762,0.030202382,0.044621392,0,0,0,0
127.5,0.043433,0.4183,0.030515529,0.045423551,0,0,0,0
128,0.043715,0.41898,0.030725209,0.045693565,0,0,0,0
128.5,0.04401,0.41964,0.030889664,0.046068559,0,0,0,0
129,0.044402,0.42029,0.031167411,0.046145814,0,0,0,0
129.5,0.044682,0.42095,0.031375791,0.046611889,0,0,0,0
130,0.045034,0.42163,0.031777601,0.047141759,0,0,0,0
130.5,0.045339,0.42228,0.032067304,0.047687557,0,0,0,0
131,0.04575,0.4229,0.032278305,0.048087727,0,0,0,0
131.5,0.046143,0.42351,0.032495554,0.04837989,0,0,0,0
132,0.046446,0.42414,0.032913364,0.048609481,0,0,0,0
132.5,0.046882,0.42476,0.033212314,0.048978718,0,0,0,0
133,0.047226,0.4254,0.033471913,0.049445473,0,0,0,0
133.5,0.047643,0.42602,0.033621412,0.049882234,0,0,0,0
134,0.047975,0.42662,0.033874911,0.0503344,0,0,0,0
134.5,0.04829,0.42722,0.034168453,0.050605278,0,0,0,0
135,0.048547,0.42784,0.034485095,0.050978245,0,0,0,0
135.5,0.049,0.42844,0.034888651,0.051360287,0,0,0,0
136,0.049128,0.42905,0.034866246,0.051600117,0,0,0,0
136.5,0.049704,0.42966,0.035174751,0.052201956,0,0,0,0
137,0.050202,0.43024,0.035486924,0.052648995,0,0,0,0
137.5,0.05088,0.4308,0.036072783,0.052997397,0,0,0,0
138,0.050657,0.43136,0.036050983,0.053281966,0,0,0,0
138.5,0.051183,0.43194,0.036496236,0.053465409,0,0,0,0
139,0.051381,0.43252,0.036653768,0.053792299,0,0,0,0
139.5,0.052133,0.43311,0.037031781,0.054323399,0,0,0,0
140,0.052179,0.43369,0.03724376,0.054739479,0,0,0,0
140.5,0.052835,0.43426,0.037692334,0.055327227,0,0,0,0
141,0.053035,0.43481,0.03794153,0.055381063,0,0,0,0
141.5,0.053377,0.43538,0.038127905,0.055497903,0,0,0,0
142,0.053735,0.43592,0.038334936,0.05610071,0,0,0,0
142.5,0.05414,0.43647,0.038733768,0.056630208,0,0,0,0
143,0.054492,0.43704,0.039044063,0.05711513,0,0,0,0
143.5,0.054822,0.4376,0.039230425,0.05743422,0,0,0,0
144,0.055201,0.43814,0.039628418,0.05761275,0,0,0,0
144.5,0.055765,0.43868,0.039881264,0.057901577,0,0,0,0
145,0.05606,0.43923,0.040098501,0.058309285,0,0,0,0
145.5,0.056378,0.43977,0.040464555,0.058709283,0,0,0,0
146,0.056818,0.44032,0.040891912,0.059133723,0,0,0,0
146.5,0.057201,0.44084,0.04107006,0.059535182,0,0,0,0
147,0.057591,0.44137,0.04132897,0.059907376,0,0,0,0
147.5,0.057946,0.44189,0.041616783,0.060079626,0,0,0,0
148,0.058333,0.44243,0.041935774,0.060339028,0,0,0,0
148.5,0.059341,0.44294,0.042364612,0.060860735,0,0,0,0
149,0.058922,0.44345,0.042532722,0.061092465,0,0,0,0
149.5,0.059492,0.44395,0.042900473,0.06155379,0,0,0,0
150,0.059921,0.44446,0.043039853,0.062063398,0,0,0,0
150.5,0.060287,0.44497,0.043522026,0.062427795,0,0,0,0
151,0.060667,0.44548,0.043712341,0.062589936,0,0,0,0
151.5,0.061069,0.44599,0.044148169,0.063010385,0,0,0,0
152,0.061477,0.44648,0.044385334,0.063236173,0,0,0,0
152.5,0.061843,0.44696,0.044634781,0.063644997,0,0,0,0
153,0.062207,0.44746,0.044862843,0.064166483,0,0,0,0
153.5,0.062711,0.44796,0.045343469,0.064608769,0,0,0,0
154,0.063027,0.44845,0.045616849,0.064762871,0,0,0,0
154.5,0.063464,0.44893,0.045884518,0.065046174,0,0,0,0
155,0.063782,0.44941,0.046091383,0.065543703,0,0,0,0
155.5,0.064172,0.44989,0.046376492,0.065938197,0,0,0,0
156,0.064523,0.45039,0.046695782,0.066414791,0,0,0,0
156.5,0.065014,0.45088,0.047067252,0.066826527,0,0,0,0
157,0.065371,0.45136,0.047309449,0.067306437,0,0,0,0
157.5,0.065756,0.45184,0.047620242,0.06774472,0,0,0,0
158,0.066073,0.45231,0.04793151,0.067921137,0,0,0,0
158.5,0.066589,0.45277,0.048326247,0.068500724,0,0,0,0
159,0.066887,0.45324,0.04858319,0.068771207,0,0,0,0
159.5,0.067367,0.4537,0.048963006,0.069209128,0,0,0,0
160,0.067693,0.45416,0.049135057,0.06971569,0,0,0,0
160.5,0.068034,0.45463,0.049486874,0.070128866,0,0,0,0
161,0.068432,0.45509,0.049461558,0.070717796,0,0,0,0
161.5,0.068852,0.45556,0.049820776,0.071068529,0,0,0,0
162,0.069191,0.45602,0.050172827,0.071222012,0,0,0,0
162.5,0.069595,0.45648,0.050315952,0.071763483,0,0,0,0
163,0.070146,0.45695,0.050541297,0.072062023,0,0,0,0
163.5,0.070814,0.45741,0.050970832,0.072609829,0,0,0,0
164,0.070722,0.45787,0.051230897,0.073026087,0,0,0,0
164.5,0.071074,0.45831,0.051711227,0.073265332,0,0,0,0
165,0.071539,0.45875,0.051960372,0.07359334,0,0,0,0
165.5,0.071924,0.45918,0.05211691,0.073916875,0,0,0,0
166,0.072318,0.45963,0.05234574,0.074378171,0,0,0,0
166.5,0.072648,0.46007,0.052691496,0.074879988,0,0,0,0
167,0.073063,0.46049,0.052917255,0.075357256,0,0,0,0
167.5,0.073335,0.46091,0.053362457,0.075642302,0,0,0,0
168,0.073801,0.46133,0.053649481,0.075914753,0,0,0,0
168.5,0.074142,0.46175,0.053937371,0.07639653,0,0,0,0
169,0.074479,0.46218,0.054220441,0.076702952,0,0,0,0
169.5,0.074885,0.4626,0.054490458,0.077126398,0,0,0,0
170,0.075216,0.46301,0.054875137,0.077557345,0,0,0,0
170.5,0.075708,0.46342,0.055132769,0.077967849,0,0,0,0
171,0.07584,0.46384,0.055424016,0.078443091,0,0,0,0
171.5,0.076324,0.46426,0.055816659,0.079221355,0,0,0,0
172,0.076756,0.46466,0.056100899,0.07957429,0,0,0,0
172.5,0.077186,0.46507,0.056363037,0.080016277,0,0,0,0
173,0.077638,0.46548,0.056757483,0.080343832,0,0,0,0
173.5,0.077748,0.46589,0.057087267,0.080661962,0,0,0,0
174,0.078261,0.46631,0.057290033,0.081119051,0,0,0,0
174.5,0.078597,0.46673,0.057621151,0.081487448,0,0,0,0
175,0.079034,0.46713,0.057729517,0.081855709,0,0,0,0
175.5,0.079368,0.46754,0.058111915,0.082191321,0,0,0,0
176,0.079859,0.46795,0.05845955,0.082674411,0,0,0,0
176.5,0.080297,0.46834,0.058765577,0.083036713,0,0,0,0
177,0.080539,0.46874,0.059211765,0.083477356,0,0,0,0
177.5,0.081149,0.46914,0.059530942,0.083888197,0,0,0,0
178,0.081319,0.46954,0.059844459,0.084154458,0,0,0,0
178.5,0.081625,0.46993,0.060094599,0.084490126,0,0,0,0
179,0.082123,0.47031,0.060372449,0.084887323,0,0,0,0
179.5,0.082453,0.47068,0.060762871,0.085391791,0,0,0,0
180,0.082903,0.47107,0.060993213,0.085825157,0,0,0,0
180.5,0.083211,0.47146,0.061198669,0.086147512,0,0,0,0
181,0.083638,0.47183,0.061456746,0.086623102,0,0,0,0
181.5,0.083997,0.47221,0.061762421,0.086887169,0,0,0,0
182,0.084149,0.47259,0.062173163,0.087317872,0,0,0,0
182.5,0.084624,0.47298,0.062645073,0.087634799,0,0,0,0
183,0.085214,0.47338,0.062830657,0.088133855,0,0,0,0
183.5,0.085535,0.47376,0.063217305,0.088531712,0,0,0,0
184,0.085939,0.47413,0.063562326,0.088988513,0,0,0,0
184.5,0.086307,0.47451,0.063878616,0.089368838,0,0,0,0
185,0.086781,0.47489,0.06431409,0.089657598,0,0,0,0
185.5,0.087023,0.47524,0.064634829,0.09008985,0,0,0,0
186,0.087473,0.47558,0.064859876,0.090432576,0,0,0,0
186.5,0.087804,0.47594,0.065045611,0.090757742,0,0,0,0
187,0.088232,0.4763,0.065422318,0.091122789,0,0,0,0
187.5,0.088681,0.47666,0.065911797,0.091497557,0,0,0,0
188,0.089073,0.47702,0.066115215,0.091949813,0,0,0,0
188.5,0.089441,0.47739,0.066521647,0.092271294,0,0,0,0
189,0.089869,0.47776,0.066677607,0.092631504,0,0,0,0
189.5,0.090206,0.47813,0.067046312,0.09283357,0,0,0,0
190,0.090696,0.4785,0.06755397,0.093279847,0,0,0,0
190.5,0.090946,0.47887,0.067812562,0.09364015,0,0,0,0
191,0.091359,0.47925,0.068166557,0.094071959,0,0,0,0
191.5,0.091707,0.47963,0.068422936,0.094401858,0,0,0,0
192,0.092384,0.48,0.068886212,0.094780312,0,0,0,0
192.5,0.092303,0.48036,0.069136061,0.095150894,0,0,0,0
193,0.092792,0.48072,0.069398256,0.095618314,0,0,0,0
193.5,0.093134,0.48109,0.069747214,0.095961786,0,0,0,0
194,0.093506,0.48147,0.070059223,0.096443174,0,0,0,0
194.5,0.093908,0.48184,0.070456134,0.096808148,0,0,0,0
195,0.094249,0.48221,0.070774164,0.097272798,0,0,0,0
195.5,0.094659,0.48257,0.071166135,0.097659237,0,0,0,0
196,0.095131,0.48292,0.071452564,0.0979195,0,0,0,0
196.5,0.095451,0.48327,0.071826679,0.098366414,0,0,0,0
197,0.095827,0.4836,0.072103429,0.09890915,0,0,0,0
197.5,0.096224,0.48393,0.072505947,0.099282281,0,0,0,0
198,0.096627,0.48426,0.072977655,0.099561132,0,0,0,0
198.5,0.097078,0.48459,0.073379543,0.100142124,0,0,0,0
199,0.097385,0.48491,0.073619817,0.100418022,0,0,0,0
199.5,0.097816,0.48525,0.073749687,0.100796918,0,0,0,0
200,0.098361,0.48559,0.074252747,0.101173864,0,0,0,0
200.5,0.098634,0.48592,0.074711569,0.101569639,0,0,0,0
201,0.099052,0.48625,0.075070644,0.101862304,0,0,0,0
201.5,0.099367,0.48659,0.07530365,0.102313779,0,0,0,0
202,0.099775,0.48691,0.075705995,0.102848964,0,0,0,0
202.5,0.10028,0.48723,0.076071572,0.103260312,0,0,0,0
203,0.10058,0.48756,0.076346315,0.103740905,0,0,0,0
203.5,0.10101,0.48788,0.076708231,0.104113138,0,0,0,0
204,0.10141,0.4882,0.077235818,0.104403258,0,0,0,0
204.5,0.10181,0.48853,0.077480999,0.104753632,0,0,0,0
205,0.10218,0.48886,0.077881636,0.105068773,0,0,0,0
205.5,0.10264,0.48917,0.078291545,0.10546661,0,0,0,0
206,0.10305,0.4895,0.078582134,0.106064868,0,0,0,0
206.5,0.1034,0.48982,0.078937235,0.106562093,0,0,0,0
207,0.1038,0.49014,0.079307268,0.106909016,0,0,0,0
207.5,0.10424,0.49046,0.079611507,0.107242344,0,0,0,0
208,0.10459,0.49077,0.080004553,0.107668051,0,0,0,0
208.5,0.10507,0.4911,0.080473569,0.107945472,0,0,0,0
209,0.10541,0.49142,0.080853456,0.108344858,0,0,0,0
209.5,0.10585,0.49173,0.081197425,0.108801489,0,0,0,0
210,0.10627,0.49204,0.081535931,0.109309907,0,0,0,0
210.5,0.10664,0.49235,0.081877362,0.109706956,0,0,0,0
211,0.107,0.49265,0.082288123,0.110139677,0,0,0,0
211.5,0.10728,0.49296,0.082579211,0.110526549,0,0,0,0
212,0.10778,0.49328,0.082980849,0.110819289,0,0,0,0
212.5,0.10827,0.49359,0.083219288,0.111292685,0,0,0,0
213,0.10868,0.49389,0.0837738,0.111764963,0,0,0,0
213.5,0.1091,0.49419,0.08410362,0.112039462,0,0,0,0
214,0.1095,0.4945,0.084527436,0.112553385,0,0,0,0
214.5,0.10994,0.4948,0.084861417,0.112979517,0,0,0,0
215,0.1104,0.49511,0.08521549,0.113398326,0,0,0,0
215.5,0.11112,0.49542,0.085696204,0.113848193,0,0,0,0
216,0.11105,0.49572,0.086004103,0.114180108,0,0,0,0
216.5,0.11148,0.49602,0.086490675,0.114658158,0,0,0,0
217,0.11192,0.49632,0.086913756,0.114915818,0,0,0,0
217.5,0.11237,0.49661,0.087381742,0.11527144,0,0,0,0
218,0.1127,0.49692,0.087616019,0.115680382,0,0,0,0
218.5,0.11311,0.49722,0.088000621,0.116246745,0,0,0,0
219,0.11369,0.49752,0.08839432,0.116769189,0,0,0,0
219.5,0.11406,0.49782,0.088928862,0.117101915,0,0,0,0
220,0.11438,0.49811,0.089532887,0.117390959,0,0,0,0
220.5,0.11486,0.4984,0.089868035,0.117847922,0,0,0,0
221,0.11526,0.4987,0.090287496,0.118264697,0,0,0,0
221.5,0.11567,0.499,0.090520729,0.118688403,0,0,0,0
222,0.1161,0.49928,0.090789522,0.11917318,0,0,0,0
222.5,0.1165,0.49957,0.091237717,0.119527291,0,0,0,0
223,0.1169,0.49986,0.091693557,0.119888373,0,0,0,0
223.5,0.11743,0.50014,0.092088724,0.120189028,0,0,0,0
224,0.11772,0.50043,0.09268665,0.12069169,0,0,0,0
224.5,0.11815,0.50071,0.092959328,0.121206502,0,0,0,0
225,0.11848,0.50099,0.093304898,0.12158646,0,0,0,0
225.5,0.11897,0.50127,0.093733028,0.12203266,0,0,0,0
226,0.11949,0.50156,0.094068409,0.122390184,0,0,0,0
226.5,0.1199,0.50183,0.094495302,0.122869633,0,0,0,0
227,0.12022,0.50212,0.094830701,0.123355039,0,0,0,0
227.5,0.12065,0.50241,0.095344725,0.123751853,0,0,0,0
228,0.12109,0.50269,0.095830045,0.124191789,0,0,0,0
228.5,0.12152,0.50297,0.096105318,0.12465625,0,0,0,0
229,0.12183,0.50325,0.096455887,0.124977537,0,0,0,0
229.5,0.12224,0.50353,0.096816318,0.125304898,0,0,0,0
230,0.12267,0.50381,0.097246486,0.125655963,0,0,0,0
230.5,0.12309,0.50408,0.097712746,0.126270471,0,0,0,0
231,0.12356,0.50435,0.098156126,0.126655558,0,0,0,0
231.5,0.12408,0.50461,0.09847426,0.12698325,0,0,0,0
232,0.1251,0.50488,0.098987048,0.127593423,0,0,0,0
232.5,0.12471,0.50516,0.099240627,0.127871531,0,0,0,0
233,0.12524,0.50543,0.099728586,0.128174193,0,0,0,0
233.5,0.12545,0.5057,0.100214498,0.128578774,0,0,0,0
234,0.12605,0.50597,0.100651345,0.12904296,0,0,0,0
234.5,0.1265,0.50623,0.100987669,0.12956579,0,0,0,0
235,0.12675,0.5065,0.101144039,0.130009322,0,0,0,0
235.5,0.12721,0.50678,0.101672624,0.130289393,0,0,0,0
236,0.12778,0.50706,0.102193707,0.13071681,0,0,0,0
236.5,0.12865,0.50734,0.102651349,0.131319448,0,0,0,0
237,0.12848,0.50761,0.102925654,0.131495697,0,0,0,0
237.5,0.12858,0.50789,0.103124117,0.132004102,0,0,0,0
238,0.12903,0.50816,0.10368321,0.132502614,0,0,0,0
238.5,0.12944,0.50843,0.104086104,0.132821391,0,0,0,0
239,0.12987,0.5087,0.104546484,0.133189084,0,0,0,0
239.5,0.13035,0.50896,0.105017457,0.133674757,0,0,0,0
240,0.13077,0.50922,0.10546391,0.13400628,0,0,0,0
240.5,0.13107,0.50948,0.10577343,0.134369167,0,0,0,0
241,0.13155,0.50973,0.106161994,0.134891842,0,0,0,0
241.5,0.13202,0.50998,0.106562093,0.135274498,0,0,0,0
242,0.13239,0.51022,0.106946757,0.135650895,0,0,0,0
242.5,0.13279,0.51048,0.107421091,0.136181628,0,0,0,0
243,0.13323,0.51073,0.107797344,0.136572514,0,0,0,0
243.5,0.13361,0.511,0.107989457,0.136977199,0,0,0,0
244,0.13405,0.51126,0.108469578,0.137382592,0,0,0,0
244.5,0.13446,0.51152,0.108860683,0.137895854,0,0,0,0
245,0.13481,0.51178,0.109168257,0.138198982,0,0,0,0
245.5,0.13532,0.51204,0.109592249,0.138726624,0,0,0,0
246,0.1357,0.51231,0.109984708,0.139163502,0,0,0,0
246.5,0.13626,0.51257,0.110409249,0.139595842,0,0,0,0
247,0.13639,0.51283,0.110924906,0.140043642,0,0,0,0
247.5,0.13694,0.51308,0.111405408,0.140333953,0,0,0,0
248,0.13749,0.51333,0.111702364,0.140708451,0,0,0,0
248.5,0.13785,0.51359,0.112169979,0.141275579,0,0,0,0
249,0.1383,0.51386,0.112594487,0.141686177,0,0,0,0
249.5,0.13869,0.51411,0.11294111,0.14212697,0,0,0,0
250,0.13955,0.51436,0.113481352,0.142702831,0,0,0,0
250.5,0.13958,0.51461,0.114025764,0.14301924,0,0,0,0
251,0.14012,0.51485,0.114401324,0.1435712,0,0,0,0
251.5,0.14016,0.51509,0.114747321,0.143893396,0,0,0,0
252,0.14082,0.51533,0.115153804,0.144453528,0,0,0,0
252.5,0.14132,0.51556,0.115667021,0.145004697,0,0,0,0
253,0.14186,0.5158,0.116039294,0.145256385,0,0,0,0
253.5,0.14198,0.51604,0.116461274,0.145793282,0,0,0,0
254,0.14258,0.51627,0.117100136,0.146235725,0,0,0,0
254.5,0.14291,0.5165,0.117342939,0.146740147,0,0,0,0
255,0.14356,0.51674,0.117614133,0.147170086,0,0,0,0
255.5,0.14374,0.51697,0.117861255,0.147554113,0,0,0,0
256,0.14434,0.5172,0.118477017,0.148086329,0,0,0,0
256.5,0.14474,0.51743,0.11885091,0.14852431,0,0,0,0
257,0.14525,0.51766,0.119332945,0.148975023,0,0,0,0
257.5,0.14583,0.51789,0.11979878,0.149515095,0,0,0,0
258,0.14621,0.51812,0.120095028,0.149791478,0,0,0,0
258.5,0.14658,0.51837,0.12035661,0.150324225,0,0,0,0
259,0.14694,0.51861,0.12089552,0.15081111,0,0,0,0
259.5,0.14731,0.51886,0.121225105,0.151084555,0,0,0,0
260,0.14778,0.5191,0.121698029,0.151608881,0,0,0,0
260.5,0.14821,0.51934,0.122131788,0.15214152,0,0,0,0
261,0.14864,0.51957,0.12252555,0.152522784,0,0,0,0
261.5,0.14911,0.5198,0.122915619,0.153082395,0,0,0,0
262,0.14954,0.52002,0.123364762,0.153509617,0,0,0,0
262.5,0.14992,0.52023,0.12381282,0.153923797,0,0,0,0
263,0.1505,0.52044,0.124280106,0.154517755,0,0,0,0
263.5,0.1509,0.52066,0.124671257,0.154953786,0,0,0,0
264,0.15055,0.52089,0.125047254,0.155365656,0,0,0,0
264.5,0.1516,0.5211,0.125371063,0.155868917,0,0,0,0
265,0.15216,0.52132,0.125772369,0.156332583,0,0,0,0
265.5,0.15262,0.52154,0.12648286,0.156760984,0,0,0,0
266,0.15363,0.52177,0.126902218,0.157317375,0,0,0,0
266.5,0.15331,0.522,0.127345172,0.157685568,0,0,0,0
267,0.15376,0.52222,0.12777385,0.158208151,0,0,0,0
267.5,0.15447,0.52243,0.128224335,0.158720224,0,0,0,0
268,0.15462,0.52265,0.128588446,0.159042694,0,0,0,0
268.5,0.15514,0.52287,0.128994617,0.15951427,0,0,0,0
269,0.15567,0.52308,0.129448067,0.159901256,0,0,0,0
269.5,0.15609,0.5233,0.12987321,0.160423536,0,0,0,0
270,0.15666,0.52353,0.130327139,0.160914042,0,0,0,0
270.5,0.15685,0.52376,0.130789637,0.161425582,0,0,0,0
271,0.15773,0.52397,0.13135014,0.16199129,0,0,0,0
271.5,0.15775,0.52419,0.131603536,0.162439376,0,0,0,0
272,0.15825,0.5244,0.132170592,0.162888111,0,0,0,0
272.5,0.15877,0.52462,0.132496482,0.163345987,0,0,0,0
273,0.15923,0.52483,0.133022763,0.163919099,0,0,0,0
273.5,0.15955,0.52505,0.133344,0.164403652,0,0,0,0
274,0.16003,0.52527,0.133754368,0.164948176,0,0,0,0
274.5,0.16053,0.52548,0.134243264,0.165454267,0,0,0,0
275,0.16116,0.52569,0.134566731,0.165846587,0,0,0,0
275.5,0.16142,0.5259,0.134973103,0.16622859,0,0,0,0
276,0.16189,0.52612,0.135508562,0.16672303,0,0,0,0
276.5,0.16238,0.52634,0.135931136,0.167225685,0,0,0,0
277,0.16262,0.52655,0.136272383,0.167690882,0,0,0,0
277.5,0.16313,0.52675,0.136801914,0.16823531,0,0,0,0
278,0.16367,0.52694,0.137149838,0.168772684,0,0,0,0
278.5,0.16407,0.52714,0.137683262,0.169095308,0,0,0,0
279,0.16452,0.52735,0.138129306,0.169688765,0,0,0,0
279.5,0.16501,0.52757,0.138609975,0.170260784,0,0,0,0
280,0.16538,0.52777,0.139016447,0.170759979,0,0,0,0
280.5,0.1659,0.52798,0.139374911,0.171211737,0,0,0,0
281,0.16633,0.52818,0.139908888,0.171632128,0,0,0,0
281.5,0.16683,0.52839,0.140257472,0.172119694,0,0,0,0
282,0.16739,0.52859,0.140767524,0.172595243,0,0,0,0
282.5,0.16775,0.5288,0.141182672,0.173062995,0,0,0,0
283,0.16827,0.529,0.141930025,0.173644856,0,0,0,0
283.5,0.16891,0.5292,0.142340355,0.174187733,0,0,0,0
284,0.16878,0.52938,0.142688092,0.174510295,0,0,0,0
284.5,0.16951,0.52958,0.143252365,0.175165178,0,0,0,0
285,0.17005,0.52978,0.143657822,0.175541122,0,0,0,0
285.5,0.17054,0.52998,0.144256176,0.176035172,0,0,0,0
286,0.17089,0.53018,0.144625747,0.176521435,0,0,0,0
286.5,0.17134,0.53038,0.145169037,0.17702338,0,0,0,0
287,0.17182,0.53058,0.14558582,0.177536795,0,0,0,0
287.5,0.17227,0.53078,0.146132045,0.177957046,0,0,0,0
288,0.17275,0.53097,0.146529426,0.178478348,0,0,0,0
288.5,0.1732,0.53117,0.147063914,0.179002722,0,0,0,0
289,0.17397,0.53136,0.147466965,0.17955022,0,0,0,0
289.5,0.17387,0.53155,0.147764618,0.17999552,0,0,0,0
290,0.17445,0.53175,0.148261372,0.180441457,0,0,0,0
290.5,0.17503,0.53194,0.148723407,0.180933928,0,0,0,0
291,0.17544,0.53213,0.149094777,0.181358593,0,0,0,0
291.5,0.17583,0.53232,0.149787174,0.181781411,0,0,0,0
292,0.17629,0.53252,0.150202037,0.182203216,0,0,0,0
292.5,0.17672,0.53271,0.150611567,0.182844753,0,0,0,0
293,0.17715,0.53291,0.151163652,0.183370173,0,0,0,0
293.5,0.17763,0.5331,0.151593413,0.183801295,0,0,0,0
294,0.17803,0.53329,0.151984335,0.18441686,0,0,0,0
294.5,0.17846,0.53348,0.152512482,0.184811787,0,0,0,0
295,0.17892,0.53367,0.153018897,0.185342822,0,0,0,0
295.5,0.17945,0.53386,0.153483886,0.185796346,0,0,0,0
296,0.17986,0.53406,0.153969235,0.186262946,0,0,0,0
296.5,0.18024,0.53425,0.15447577,0.186792381,0,0,0,0
297,0.18073,0.53445,0.154900684,0.187271784,0,0,0,0
297.5,0.18118,0.53466,0.155471807,0.187855384,0,0,0,0
298,0.18165,0.53485,0.156132429,0.188335934,0,0,0,0
298.5,0.18209,0.53504,0.15666523,0.188921397,0,0,0,0
299,0.18257,0.53523,0.157030244,0.189366682,0,0,0,0
299.5,0.18301,0.53541,0.157416484,0.189864702,0,0,0,0
300,0.18335,0.53559,0.157937501,0.190455057,0,0,0,0
300.5,0.18395,0.53576,0.158425814,0.190943448,0,0,0,0
301,0.18431,0.53594,0.158878913,0.191477843,0,0,0,0
301.5,0.18481,0.53611,0.159619129,0.191940975,0,0,0,0
302,0.18536,0.53628,0.160074244,0.192379143,0,0,0,0
302.5,0.18569,0.53645,0.16050871,0.192808048,0,0,0,0
303,0.18619,0.53662,0.160962569,0.193496385,0,0,0,0
303.5,0.18663,0.5368,0.161484294,0.193882801,0,0,0,0
304,0.18714,0.53698,0.161821186,0.194527592,0,0,0,0
304.5,0.18751,0.53716,0.162328861,0.195025519,0,0,0,0
305,0.18801,0.53734,0.163036795,0.195597211,0,0,0,0
305.5,0.18838,0.53751,0.163523475,0.196129125,0,0,0,0
306,0.1888,0.53768,0.164020102,0.196524384,0,0,0,0
306.5,0.18934,0.53785,0.1646768,0.196975331,0,0,0,0
307,0.18978,0.53803,0.1651559,0.19746219,0,0,0,0
307.5,0.19029,0.53821,0.165427147,0.197861845,0,0,0,0
308,0.19067,0.53838,0.166034642,0.198590989,0,0,0,0
308.5,0.19123,0.53856,0.166628225,0.199041005,0,0,0,0
309,0.19176,0.53872,0.167144465,0.199619416,0,0,0,0
309.5,0.19209,0.53889,0.167721324,0.200027216,0,0,0,0
310,0.19268,0.53906,0.168122898,0.200675423,0,0,0,0
310.5,0.19317,0.53924,0.168579229,0.201222634,0,0,0,0
311,0.19344,0.53941,0.168900226,0.201749931,0,0,0,0
311.5,0.19378,0.53959,0.169419516,0.202281851,0,0,0,0
312,0.19458,0.53976,0.170021217,0.2028837,0,0,0,0
312.5,0.19495,0.53994,0.170524747,0.20336198,0,0,0,0
313,0.19534,0.54011,0.170989255,0.203802513,0,0,0,0
313.5,0.19593,0.54029,0.171409739,0.204382254,0,0,0,0
314,0.19632,0.54047,0.171974039,0.204917664,0,0,0,0
314.5,0.19678,0.54065,0.172458072,0.205359956,0,0,0,0
315,0.19728,0.54081,0.173163079,0.205913564,0,0,0,0
315.5,0.19785,0.54097,0.173580128,0.206422124,0,0,0,0
316,0.19869,0.54114,0.174214618,0.207184074,0,0,0,0
316.5,0.19851,0.54131,0.174629549,0.207677364,0,0,0,0
317,0.19897,0.54147,0.175025002,0.208060776,0,0,0,0
317.5,0.19963,0.54162,0.175485746,0.208644547,0,0,0,0
318,0.20009,0.54176,0.175942923,0.209159833,0,0,0,0
318.5,0.20039,0.5419,0.176477849,0.209784313,0,0,0,0
319,0.20097,0.54205,0.176922005,0.210339529,0,0,0,0
319.5,0.20144,0.54219,0.17758201,0.210841794,0,0,0,0
320,0.2019,0.54233,0.178128612,0.211354331,0,0,0,0
320.5,0.20232,0.54247,0.178681607,0.212021935,0,0,0,0
321,0.20289,0.54261,0.17911559,0.212408537,0,0,0,0
321.5,0.2033,0.54276,0.179615398,0.212917038,0,0,0,0
322,0.20378,0.54292,0.180230205,0.213436591,0,0,0,0
322.5,0.20411,0.54309,0.180754496,0.214167386,0,0,0,0
323,0.20457,0.54326,0.181309378,0.214649983,0,0,0,0
323.5,0.20513,0.54342,0.18184561,0.21519686,0,0,0,0
324,0.20571,0.54359,0.182294056,0.215739408,0,0,0,0
324.5,0.20593,0.54375,0.182781451,0.216332408,0,0,0,0
325,0.20661,0.54391,0.183348529,0.216834894,0,0,0,0
325.5,0.20704,0.54407,0.183905302,0.2174723,0,0,0,0
326,0.20752,0.54423,0.184445134,0.218129401,0,0,0,0
326.5,0.20801,0.54437,0.184917351,0.218650272,0,0,0,0
327,0.20851,0.54452,0.185349468,0.219154004,0,0,0,0
327.5,0.20896,0.54467,0.185935851,0.219730534,0,0,0,0
328,0.20944,0.54482,0.186473758,0.220191197,0,0,0,0
328.5,0.20988,0.54497,0.187115879,0.220760715,0,0,0,0
329,0.21032,0.54512,0.187381235,0.221361965,0,0,0,0
329.5,0.20971,0.54527,0.187990458,0.221938826,0,0,0,0
330,0.21024,0.54541,0.188614216,0.222486536,0,0,0,0
330.5,0.21062,0.54556,0.189155651,0.223043546,0,0,0,0
331,0.21104,0.5457,0.189680248,0.223588252,0,0,0,0
331.5,0.21144,0.54584,0.190018526,0.224085508,0,0,0,0
332,0.21204,0.54599,0.190679862,0.224753455,0,0,0,0
332.5,0.21252,0.54614,0.191117757,0.225372266,0,0,0,0
333,0.21302,0.54628,0.191755253,0.225867837,0,0,0,0
333.5,0.21342,0.54643,0.192426166,0.22649473,0,0,0,0
334,0.21386,0.54658,0.192969664,0.227102903,0,0,0,0
334.5,0.21432,0.54673,0.193431281,0.227689204,0,0,0,0
335,0.21489,0.54687,0.1940846,0.228195568,0,0,0,0
335.5,0.21539,0.54701,0.194532532,0.228879072,0,0,0,0
336,0.21582,0.54716,0.195039506,0.229465923,0,0,0,0
336.5,0.21618,0.54731,0.195724666,0.230060375,0,0,0,0
337,0.21651,0.54745,0.196130769,0.230445626,0,0,0,0
337.5,0.21692,0.54759,0.19690224,0.231156164,0,0,0,0
338,0.21766,0.54773,0.197501588,0.231703609,0,0,0,0
338.5,0.21815,0.54787,0.197934866,0.232416425,0,0,0,0
339,0.2185,0.54802,0.198431099,0.233039227,0,0,0,0
339.5,0.21909,0.54815,0.19903199,0.233673516,0,0,0,0
340,0.21944,0.54829,0.199645625,0.234233826,0,0,0,0
340.5,0.22003,0.54841,0.200301445,0.234898194,0,0,0,0
341,0.22056,0.54855,0.200884036,0.235488636,0,0,0,0
341.5,0.22102,0.54869,0.201398431,0.236256401,0,0,0,0
342,0.22146,0.54883,0.202080882,0.236704781,0,0,0,0
342.5,0.22181,0.54897,0.202684485,0.237398268,0,0,0,0
343,0.22236,0.54911,0.20322815,0.237974625,0,0,0,0
343.5,0.22282,0.54925,0.203882441,0.238514412,0,0,0,0
344,0.22331,0.5494,0.204493923,0.239166496,0,0,0,0
344.5,0.22389,0.54954,0.205073263,0.239630098,0,0,0,0
345,0.22427,0.54967,0.205543169,0.240258649,0,0,0,0
345.5,0.22471,0.54981,0.2061455,0.241006259,0,0,0,0
346,0.22521,0.54994,0.206800325,0.24165515,0,0,0,0
346.5,0.22574,0.55006,0.20738402,0.242395439,0,0,0,0
347,0.22626,0.55018,0.208003923,0.242922649,0,0,0,0
347.5,0.22672,0.55031,0.208495186,0.243570298,0,0,0,0
348,0.22723,0.55044,0.209257992,0.244072603,0,0,0,0
348.5,0.22771,0.55059,0.209828903,0.244717941,0,0,0,0
349,0.22801,0.55073,0.210364648,0.245193847,0,0,0,0
349.5,0.2286,0.55086,0.210990805,0.245729752,0,0,0,0
350,0.22914,0.551,0.211585817,0.246493605,0,0,0,0
350.5,0.22966,0.55115,0.212315539,0.247039749,0,0,0,0
351,0.23014,0.55129,0.212949367,0.247636339,0,0,0,0
351.5,0.23062,0.55142,0.213579562,0.248252858,0,0,0,0
352,0.23062,0.55154,0.214127832,0.248759055,0,0,0,0
352.5,0.23156,0.55167,0.214626585,0.249498781,0,0,0,0
353,0.23206,0.55179,0.215299265,0.250182677,0,0,0,0
353.5,0.23268,0.55192,0.21588205,0.250755606,0,0,0,0
354,0.23299,0.55204,0.216483824,0.25127765,0,0,0,0
354.5,0.23352,0.55216,0.217196301,0.252090127,0,0,0,0
355,0.23389,0.55228,0.217725701,0.252686043,0,0,0,0
355.5,0.23443,0.5524,0.218232311,0.253254434,0,0,0,0
356,0.23502,0.55252,0.218904981,0.25392258,0,0,0,0
356.5,0.23547,0.55264,0.219587637,0.254548416,0,0,0,0
357,0.23598,0.55276,0.22028507,0.255130471,0,0,0,0
357.5,0.23636,0.55287,0.220849722,0.255837628,0,0,0,0
358,0.2369,0.55298,0.221503006,0.256442922,0,0,0,0
358.5,0.2375,0.5531,0.222090197,0.257164616,0,0,0,0
359,0.23814,0.55322,0.2228219,0.257878835,0,0,0,0
359.5,0.23899,0.55334,0.22352108,0.258615709,0,0,0,0
360,0.23893,0.55346,0.224063128,0.259220868,0,0,0,0
360.5,0.23949,0.55358,0.224731889,0.259882726,0,0,0,0
361,0.24003,0.5537,0.225293239,0.260475559,0,0,0,0
361.5,0.2406,0.55381,0.226049724,0.261148141,0,0,0,0
362,0.24093,0.55392,0.226611132,0.261833354,0,0,0,0
362.5,0.24139,0.55403,0.227196129,0.262461183,0,0,0,0
363,0.24187,0.55414,0.227796709,0.263157796,0,0,0,0
363.5,0.24253,0.55425,0.228501174,0.263688772,0,0,0,0
364,0.2429,0.55435,0.229135166,0.264442104,0,0,0,0
364.5,0.24349,0.55445,0.229679744,0.265106655,0,0,0,0
365,0.2439,0.55456,0.230260565,0.265815993,0,0,0,0
365.5,0.24436,0.55468,0.230848988,0.266557767,0,0,0,0
366,0.24492,0.5548,0.231498154,0.267246175,0,0,0,0
366.5,0.2455,0.5549,0.232261853,0.267814003,0,0,0,0
367,0.24597,0.55501,0.232738175,0.268444206,0,0,0,0
367.5,0.24642,0.55512,0.233409872,0.269027401,0,0,0,0
368,0.24705,0.55524,0.234343003,0.269765271,0,0,0,0
368.5,0.24724,0.55535,0.234808846,0.270417901,0,0,0,0
369,0.24794,0.55545,0.235574763,0.271327055,0,0,0,0
369.5,0.24849,0.55555,0.236207446,0.271957334,0,0,0,0
370,0.249,0.55564,0.236864191,0.272585693,0,0,0,0
370.5,0.2496,0.55573,0.237618285,0.273407676,0,0,0,0
371,0.24994,0.55581,0.238199243,0.27399863,0,0,0,0
371.5,0.25061,0.5559,0.238972805,0.274741959,0,0,0,0
372,0.25106,0.556,0.239612786,0.275475626,0,0,0,0
372.5,0.25162,0.5561,0.240234269,0.276093433,0,0,0,0
373,0.25201,0.55619,0.240763406,0.276738914,0,0,0,0
373.5,0.25259,0.55628,0.241600175,0.27738701,0,0,0,0
374,0.25328,0.55638,0.242274581,0.278172499,0,0,0,0
374.5,0.25366,0.55648,0.243001863,0.278784103,0,0,0,0
375,0.25408,0.55659,0.243719997,0.279462635,0,0,0,0
375.5,0.25458,0.55669,0.244324052,0.28015431,0,0,0,0
376,0.25513,0.55679,0.244991145,0.280770744,0,0,0,0
376.5,0.2557,0.55689,0.245654664,0.281456232,0,0,0,0
377,0.25623,0.55699,0.246431861,0.282105804,0,0,0,0
377.5,0.25671,0.55708,0.247128792,0.28276626,0,0,0,0
378,0.25715,0.55719,0.24781353,0.283630375,0,0,0,0
378.5,0.25771,0.55728,0.248519638,0.28425596,0,0,0,0
379,0.25821,0.55737,0.249074811,0.28498569,0,0,0,0
379.5,0.25894,0.55747,0.249928802,0.285575104,0,0,0,0
380,0.25932,0.55756,0.250666885,0.286197972,0,0,0,0
380.5,0.25978,0.55765,0.25138187,0.287035113,0,0,0,0
381,0.26028,0.55774,0.252112665,0.287585068,0,0,0,0
381.5,0.26081,0.55783,0.252865447,0.288429293,0,0,0,0
382,0.2615,0.55792,0.253544717,0.289162726,0,0,0,0
382.5,0.2618,0.558,0.254322012,0.289886641,0,0,0,0
383,0.26242,0.55809,0.25502819,0.290478409,0,0,0,0
383.5,0.2629,0.55818,0.255712963,0.291217814,0,0,0,0
384,0.26339,0.55827,0.25652881,0.291846888,0,0,0,0
384.5,0.26399,0.55836,0.25734863,0.292800202,0,0,0,0
385,0.26455,0.55845,0.258018682,0.293379064,0,0,0,0
385.5,0.26508,0.55853,0.258817212,0.294245238,0,0,0,0
386,0.26554,0.55862,0.259591192,0.294898471,0,0,0,0
386.5,0.26606,0.5587,0.260305994,0.295540861,0,0,0,0
387,0.26652,0.55877,0.26103492,0.29635312,0,0,0,0
387.5,0.26711,0.55884,0.261891845,0.297033957,0,0,0,0
388,0.2677,0.55891,0.262653453,0.297812338,0,0,0,0
388.5,0.26826,0.55898,0.263454439,0.298515182,0,0,0,0
389,0.26871,0.55905,0.264131164,0.29916415,0,0,0,0
389.5,0.26926,0.55912,0.264935571,0.300020144,0,0,0,0
390,0.26981,0.55919,0.265682599,0.300769556,0,0,0,0
390.5,0.27037,0.55926,0.266377738,0.301468847,0,0,0,0
391,0.2709,0.55933,0.267177279,0.302206086,0,0,0,0
391.5,0.27137,0.55939,0.268006012,0.302947954,0,0,0,0
392,0.27187,0.55946,0.268693424,0.303763815,0,0,0,0
392.5,0.27235,0.55954,0.269427721,0.304472816,0,0,0,0
393,0.27296,0.55961,0.270201931,0.305210056,0,0,0,0
393.5,0.27357,0.55969,0.271009098,0.305923187,0,0,0,0
394,0.27401,0.55976,0.271784371,0.306654208,0,0,0,0
394.5,0.27455,0.55984,0.272657263,0.307478817,0,0,0,0
395,0.2751,0.55993,0.273497445,0.308324788,0,0,0,0
395.5,0.27556,0.56001,0.274218342,0.308971095,0,0,0,0
396,0.27618,0.5601,0.274961508,0.309730705,0,0,0,0
396.5,0.27665,0.56018,0.275766362,0.31052346,0,0,0,0
397,0.27719,0.56025,0.27657436,0.31120864,0,0,0,0
397.5,0.27773,0.56033,0.277320324,0.312006081,0,0,0,0
398,0.27826,0.56039,0.278255027,0.312779481,0,0,0,0
398.5,0.27877,0.56046,0.279066313,0.313593211,0,0,0,0
399,0.27935,0.56052,0.27981269,0.314406278,0,0,0,0
399.5,0.27991,0.56057,0.280563042,0.315141342,0,0,0,0
400,0.28051,0.56063,0.281361137,0.31598742,0,0,0,0
400.5,0.281,0.56068,0.282268697,0.316725693,0,0,0,0
401,0.28155,0.56073,0.283119681,0.317577711,0,0,0,0
401.5,0.28214,0.56078,0.283974458,0.318327905,0,0,0,0
402,0.28247,0.56083,0.284743509,0.319030292,0,0,0,0
402.5,0.28314,0.56088,0.285607422,0.319813533,0,0,0,0
403,0.28371,0.56093,0.286381227,0.320606322,0,0,0,0
403.5,0.2844,0.56099,0.287263985,0.321539873,0,0,0,0
404,0.28494,0.56104,0.288107732,0.322270438,0,0,0,0
404.5,0.28537,0.5611,0.289029414,0.323179275,0,0,0,0
405,0.28599,0.56116,0.289787105,0.323973741,0,0,0,0
405.5,0.28648,0.56121,0.290633214,0.32466567,0,0,0,0
406,0.287,0.56126,0.291355318,0.325472677,0,0,0,0
406.5,0.28756,0.5613,0.292083621,0.326311505,0,0,0,0
407,0.28812,0.56134,0.29307028,0.327024172,0,0,0,0
407.5,0.28832,0.56139,0.293848024,0.327788931,0,0,0,0
408,0.28934,0.56143,0.294815817,0.328766193,0,0,0,0
408.5,0.28964,0.56148,0.295638337,0.329441148,0,0,0,0
409,0.29009,0.56152,0.296436391,0.330319778,0,0,0,0
409.5,0.29069,0.56156,0.297240495,0.331110747,0,0,0,0
410,0.29143,0.56161,0.298048406,0.331947731,0,0,0,0
410.5,0.29202,0.56167,0.299052187,0.332828463,0,0,0,0
411,0.2926,0.56173,0.299933467,0.333642522,0,0,0,0
411.5,0.29306,0.56178,0.300833216,0.3344323,0,0,0,0
412,0.29374,0.56183,0.301637491,0.335403094,0,0,0,0
412.5,0.29451,0.56187,0.302529797,0.336257928,0,0,0,0
413,0.29478,0.56191,0.303448625,0.336921421,0,0,0,0
413.5,0.29515,0.56195,0.304387261,0.337772819,0,0,0,0
414,0.29594,0.56197,0.305166574,0.33866198,0,0,0,0
414.5,0.29643,0.562,0.30611538,0.339547503,0,0,0,0
415,0.29703,0.56201,0.306966919,0.340430108,0,0,0,0
415.5,0.29761,0.56203,0.307798621,0.341356717,0,0,0,0
416,0.29814,0.56205,0.308783121,0.342144689,0,0,0,0
416.5,0.29875,0.56208,0.309717499,0.342985266,0,0,0,0
417,0.29935,0.56211,0.310509532,0.343828683,0,0,0,0
417.5,0.29988,0.56214,0.311394693,0.34483432,0,0,0,0
418,0.30051,0.56216,0.312382978,0.345757566,0,0,0,0
418.5,0.30102,0.56218,0.313172172,0.346549151,0,0,0,0
419,0.30166,0.56221,0.31411999,0.347472935,0,0,0,0
419.5,0.30216,0.56224,0.315018018,0.348293518,0,0,0,0
420,0.30274,0.56227,0.315868574,0.349081688,0,0,0,0
420.5,0.3034,0.56229,0.316927476,0.350134904,0,0,0,0
421,0.30384,0.56231,0.317869561,0.351025818,0,0,0,0
421.5,0.30434,0.56233,0.318744598,0.351865296,0,0,0,0
422,0.30536,0.56235,0.319799008,0.352914884,0,0,0,0
422.5,0.30569,0.56238,0.320650589,0.353680465,0,0,0,0
423,0.30642,0.56239,0.321636298,0.354698692,0,0,0,0
423.5,0.30671,0.56241,0.32257758,0.355577142,0,0,0,0
424,0.30744,0.56242,0.323501334,0.356485626,0,0,0,0
424.5,0.30801,0.56242,0.324430742,0.357473025,0,0,0,0
425,0.30867,0.56243,0.325275501,0.358260287,0,0,0,0
425.5,0.30921,0.56243,0.326268209,0.359063689,0,0,0,0
426,0.30986,0.56243,0.327315441,0.359990641,0,0,0,0
426.5,0.31048,0.56243,0.328194499,0.361050557,0,0,0,0
427,0.31102,0.56243,0.329271373,0.36193041,0,0,0,0
427.5,0.31152,0.56243,0.330152308,0.362953493,0,0,0,0
428,0.31218,0.56243,0.331088484,0.363748269,0,0,0,0
428.5,0.31267,0.56243,0.331995086,0.364608391,0,0,0,0
429,0.31332,0.56243,0.333032757,0.365584337,0,0,0,0
429.5,0.31396,0.56242,0.33405718,0.3665323,0,0,0,0
430,0.31459,0.56242,0.33496038,0.367412193,0,0,0,0
430.5,0.31508,0.56241,0.336008558,0.368426918,0,0,0,0
431,0.31563,0.56239,0.336962831,0.369361824,0,0,0,0
431.5,0.31632,0.56237,0.337885523,0.370337978,0,0,0,0
432,0.31694,0.56235,0.338810928,0.371159337,0,0,0,0
432.5,0.31756,0.56233,0.339820197,0.372084111,0,0,0,0
433,0.31812,0.56232,0.340810669,0.373112701,0,0,0,0
433.5,0.31867,0.5623,0.341861261,0.374098272,0,0,0,0
434,0.31935,0.5623,0.34277093,0.37497566,0,0,0,0
434.5,0.3199,0.56229,0.343759194,0.375920259,0,0,0,0
435,0.32056,0.56229,0.344752149,0.376866711,0,0,0,0
435.5,0.32115,0.56229,0.345768889,0.377821178,0,0,0,0
436,0.3215,0.56229,0.346807925,0.378802807,0,0,0,0
436.5,0.32228,0.56228,0.347951102,0.379823145,0,0,0,0
437,0.32297,0.56228,0.34882068,0.380882073,0,0,0,0
437.5,0.32353,0.56227,0.349841751,0.381726224,0,0,0,0
438,0.32376,0.56226,0.350960347,0.38268084,0,0,0,0
438.5,0.32471,0.56225,0.351869516,0.38374833,0,0,0,0
439,0.32535,0.56224,0.352973201,0.384701019,0,0,0,0
439.5,0.32595,0.56222,0.354002677,0.385697,0,0,0,0
440,0.32659,0.56221,0.35504722,0.38668316,0,0,0,0
440.5,0.32719,0.56219,0.356017828,0.38773078,0,0,0,0
441,0.3278,0.56217,0.35703368,0.388611887,0,0,0,0
441.5,0.32841,0.56215,0.358051296,0.389573503,0,0,0,0
442,0.32911,0.56213,0.359187984,0.390720945,0,0,0,0
442.5,0.32965,0.56211,0.36021527,0.391656203,0,0,0,0
443,0.33012,0.5621,0.361292367,0.392726313,0,0,0,0
443.5,0.33108,0.56208,0.362391971,0.393816863,0,0,0,0
444,0.33172,0.56206,0.363393027,0.394773489,0,0,0,0
444.5,0.33236,0.56205,0.36444865,0.39577363,0,0,0,0
445,0.33291,0.56204,0.365448345,0.396735112,0,0,0,0
445.5,0.3335,0.56202,0.366544083,0.397873028,0,0,0,0
446,0.33377,0.56201,0.367534762,0.398658663,0,0,0,0
446.5,0.33466,0.562,0.368570115,0.399793052,0,0,0,0
447,0.33535,0.56199,0.369672114,0.400819668,0,0,0,0
447.5,0.33599,0.56198,0.370786703,0.401774305,0,0,0,0
448,0.33663,0.56197,0.371722165,0.402952621,0,0,0,0
448.5,0.33724,0.56195,0.372898527,0.403903222,0,0,0,0
449,0.33789,0.56193,0.374017784,0.404997666,0,0,0,0
449.5,0.33845,0.56192,0.375016897,0.406036278,0,0,0,0
450,0.33913,0.56191,0.376085043,0.406955331,0,0,0,0
450.5,0.33979,0.56189,0.377202113,0.407948023,0,0,0,0
451,0.34043,0.56187,0.37829807,0.409026758,0,0,0,0
451.5,0.34108,0.56184,0.379437305,0.410154761,0,0,0,0
452,0.34166,0.56182,0.380566358,0.411205931,0,0,0,0
452.5,0.34241,0.5618,0.381571926,0.412257322,0,0,0,0
453,0.34285,0.56178,0.38256216,0.413145538,0,0,0,0
453.5,0.34375,0.56177,0.383624325,0.414228596,0,0,0,0
454,0.34434,0.56175,0.384792903,0.415362632,0,0,0,0
454.5,0.34496,0.56174,0.385930885,0.416463734,0,0,0,0
455,0.34564,0.56174,0.387087265,0.417537937,0,0,0,0
455.5,0.34632,0.56173,0.388076126,0.418501102,0,0,0,0
456,0.34688,0.56172,0.389154816,0.419598756,0,0,0,0
456.5,0.34766,0.56171,0.390282432,0.42075758,0,0,0,0
457,0.34821,0.56169,0.39136686,0.421680918,0,0,0,0
457.5,0.34884,0.56167,0.392544664,0.422856334,0,0,0,0
458,0.34946,0.56164,0.393650928,0.423852355,0,0,0,0
458.5,0.35024,0.56161,0.394744514,0.424961152,0,0,0,0
459,0.3509,0.56158,0.395819404,0.426028884,0,0,0,0
459.5,0.35155,0.56154,0.396922053,0.427079818,0,0,0,0
460,0.35212,0.56151,0.398089307,0.428196775,0,0,0,0
460.5,0.35281,0.56148,0.399201533,0.429327457,0,0,0,0
461,0.35347,0.56144,0.400335977,0.430358676,0,0,0,0
461.5,0.35417,0.56141,0.40142228,0.43134141,0,0,0,0
462,0.35487,0.56138,0.40253415,0.432550952,0,0,0,0
462.5,0.35545,0.56134,0.403609387,0.433538666,0,0,0,0
463,0.35614,0.56129,0.404856256,0.434669802,0,0,0,0
463.5,0.3568,0.56125,0.405964317,0.435800308,0,0,0,0
464,0.35753,0.56121,0.407043196,0.436880438,0,0,0,0
464.5,0.35828,0.56118,0.408237927,0.437966502,0,0,0,0
465,0.35898,0.56113,0.409320334,0.439060413,0,0,0,0
465.5,0.35962,0.56109,0.410469233,0.440149909,0,0,0,0
466,0.36031,0.56104,0.411710896,0.441330197,0,0,0,0
466.5,0.36106,0.56098,0.412853083,0.44244999,0,0,0,0
467,0.36174,0.56092,0.414018424,0.443487668,0,0,0,0
467.5,0.36248,0.56086,0.415154019,0.444624281,0,0,0,0
468,0.36309,0.56079,0.41629558,0.445757042,0,0,0,0
468.5,0.36386,0.56072,0.417510273,0.446886603,0,0,0,0
469,0.36428,0.56064,0.418697835,0.448086443,0,0,0,0
469.5,0.36515,0.56055,0.419805787,0.449134884,0,0,0,0
470,0.36607,0.56046,0.421035918,0.450326294,0,0,0,0
470.5,0.36654,0.56037,0.422145874,0.451476176,0,0,0,0
471,0.36732,0.56027,0.423342354,0.452656535,0,0,0,0
471.5,0.36796,0.56016,0.424663631,0.453778333,0,0,0,0
472,0.36871,0.56004,0.4259074,0.454952807,0,0,0,0
472.5,0.3695,0.55991,0.427119614,0.456083441,0,0,0,0
473,0.37023,0.55977,0.428271064,0.457307119,0,0,0,0
473.5,0.37101,0.55963,0.429499293,0.458536887,0,0,0,0
474,0.37174,0.55948,0.430710413,0.459714629,0,0,0,0
474.5,0.37242,0.55932,0.432032385,0.460914952,0,0,0,0
475,0.37322,0.55913,0.433288425,0.462208955,0,0,0,0
475.5,0.37402,0.55894,0.434520871,0.463381124,0,0,0,0
476,0.37478,0.55873,0.435769264,0.464536839,0,0,0,0
476.5,0.37553,0.55849,0.437026435,0.465824911,0,0,0,0
477,0.37627,0.55822,0.438327831,0.467044255,0,0,0,0
477.5,0.37691,0.55794,0.439642999,0.468319086,0,0,0,0
478,0.37781,0.55765,0.44098089,0.469616679,0,0,0,0
478.5,0.37858,0.55733,0.442241811,0.470772708,0,0,0,0
479,0.37939,0.55699,0.443551845,0.472056521,0,0,0,0
479.5,0.3802,0.55662,0.444741589,0.473139956,0,0,0,0
480,0.38085,0.55622,0.445984977,0.474260805,0,0,0,0
480.5,0.38149,0.55581,0.447156485,0.475470533,0,0,0,0
481,0.38225,0.55538,0.448434555,0.476681905,0,0,0,0
481.5,0.38299,0.55493,0.44971801,0.477734916,0,0,0,0
482,0.38368,0.55446,0.450750089,0.478859921,0,0,0,0
482.5,0.38444,0.55399,0.451854933,0.479982425,0,0,0,0
483,0.38524,0.5535,0.453119389,0.481128394,0,0,0,0
483.5,0.38597,0.553,0.454440652,0.482261321,0,0,0,0
484,0.38664,0.5525,0.45575193,0.483441066,0,0,0,0
484.5,0.38747,0.552,0.456988043,0.484736441,0,0,0,0
485,0.38812,0.55149,0.458358588,0.486043057,0,0,0,0
485.5,0.389,0.55092,0.459695684,0.48731664,0,0,0,0
486,0.38985,0.55028,0.461208188,0.488568358,0,0,0,0
486.5,0.39084,0.54954,0.463001673,0.490045199,0,0,0,0
487,0.39194,0.54861,0.46493895,0.491743105,0,0,0,0
487.5,0.39299,0.54765,0.466916369,0.493475985,0,0,0,0
