0,0,-0.0001078,0,0,0.2935,4,2,1,
0.5,-8.61E-05,-9.80E-05,0.000236772,0,0,0,0,0,
0.999,1.59E-06,-8.82E-05,-2.71403E-05,0,0,0,0,0,
1.5,-0.00013622,-7.56E-05,0.000237622,0,0,0,0,0,
2,-4.57E-05,-5.88E-05,2.21E-04,0,0,0,0,0,
2.5,-4.54E-05,-3.64E-05,-4.77666E-05,0,0,0,0,0,
3,-3.05E-05,4.23E-06,3.31485E-05,0,0,0,0,0,
3.5,3.27E-06,0.00013875,1.45842E-05,0,0,0,0,0,
4,0.00011516,0.00052949,1.70421E-05,0,0,0,0,0,
4.499,0.00018127,0.0013163,-0.000155219,0,0,0,0,0,
5,0.00039494,0.0026872,-2.20E-05,0,0,0,0,0,
5.499,0.00044519,0.0045962,8.85E-05,0,0,0,0,0,
5.999,0.00047553,0.0069499,-4.9664E-05,0,0,0,0,0,
6.5,0.00060238,0.0095563,-3.96489E-05,0,0,0,0,0,
7,0.00055546,0.012387,0.000133269,0,0,0,0,0,
7.5,0.00075299,0.01539,5.58E-05,0,0,0,0,0,
8,0.00076311,0.018432,0.000162448,0,0,0,0,0,
8.5,0.00094446,0.021301,0.00023876,0,0,0,0,0,
8.999,0.00096799,0.023821,0.000207822,0,0,0,0,0,
9.499,0.0011338,0.026086,0.000152646,0,0,0,0,0,
10,0.0012967,0.028146,0.000357974,0,0,0,0,0,
10.499,0.0011653,0.030127,0.000399882,0,0,0,0,0,
11,0.0011704,0.032058,0.000499031,0,0,0,0,0,
11.5,0.0013827,0.033948,0.000286209,0,0,0,0,0,
11.999,0.0014593,0.035747,0.000352926,0,0,0,0,0,
12.499,0.0015053,0.037531,0.000405898,0,0,0,0,0,
13,0.0016109,0.039367,0.00033582,0,0,0,0,0,
13.499,0.0016964,0.041154,0.000485009,0,0,0,0,0,
14,0.0016234,0.0429,0.000537169,0,0,0,0,0,
14.5,0.0017122,0.044688,0.000531048,0,0,0,0,0,
15,0.001868,0.046563,0.000588829,0,0,0,0,0,
15.5,0.0019033,0.048405,0.000515371,0,0,0,0,0,
16,0.0019434,0.05019,0.000472048,0,0,0,0,0,
16.499,0.0020926,0.051981,0.000423839,0,0,0,0,0,
16.999,0.0019581,0.053796,0.000618992,0,0,0,0,0,
17.5,0.0020933,0.055637,0.000451083,0,0,0,0,0,
17.999,0.00232,0.057452,0.000649512,0,0,0,0,0,
18.5,0.0022772,0.059286,0.000461305,0,0,0,0,0,
19.002,0.0023574,0.0611,0.000529815,0,0,0,0,0,
19.5,0.0024162,0.062902,0.000523263,0,0,0,0,0,
19.999,0.0024496,0.064709,0.000754755,0,0,0,0,0,
20.5,0.0023968,0.066584,0.000376216,0,0,0,0,0,
20.999,0.0026028,0.068463,0.000505087,0,0,0,0,0,
21.499,0.0025775,0.070325,0.000651278,0,0,0,0,0,
22,0.0027495,0.072164,0.000702834,0,0,0,0,0,
22.5,0.0028426,0.074022,0.000578189,0,0,0,0,0,
23,0.0027415,0.075859,0.000904194,0,0,0,0,0,
23.5,0.0028563,0.077711,0.00088267,0,0,0,0,0,
24,0.0029911,0.079576,0.000837667,0,0,0,0,0,
24.5,0.0030159,0.08139,0.000974355,0,0,0,0,0,
24.999,0.0030418,0.083156,0.000938993,0,0,0,0,0,
25.499,0.0031385,0.084956,0.000799008,0,0,0,0,0,
25.999,0.0032752,0.086835,0.000860434,0,0,0,0,0,
26.5,0.003311,0.088628,0.001098147,0,0,0,0,0,
27,0.0035056,0.090381,0.000775236,0,0,0,0,0,
27.499,0.0035842,0.092173,0.001144485,0,0,0,0,0,
27.999,0.0037166,0.094041,0.001014815,0,0,0,0,0,
28.5,0.0037369,0.095858,0.000917422,0,0,0,0,0,
29,0.0038187,0.097605,0.000953789,0,0,0,0,0,
29.499,0.003914,0.099347,0.000972553,0,0,0,0,0,
29.999,0.0039793,0.10114,0.001069887,0,0,0,0,0,
30.499,0.0039793,0.10293,0.001207071,0,0,0,0,0,
31,0.0040849,0.10464,0.00117422,0,0,0,0,0,
31.5,0.004153,0.10635,0.001548191,0,0,0,0,0,
32,0.0042777,0.10811,0.001500074,0,0,0,0,0,
32.499,0.0043898,0.10987,0.001595257,0,0,0,0,0,
33,0.0046098,0.11162,0.001628274,0,0,0,0,0,
33.5,0.004833,0.11334,0.001707212,0,0,0,0,0,
34,0.0045479,0.11506,0.001622403,0,0,0,0,0,
34.5,0.0047354,0.11673,0.001530977,0,0,0,0,0,
34.999,0.0047644,0.11844,0.001615824,0,0,0,0,0,
35.499,0.0047524,0.12022,0.001656078,0,0,0,0,0,
36,0.004954,0.122,0.001715308,0,0,0,0,0,
36.499,0.004945,0.12378,0.001893047,0,0,0,0,0,
36.999,0.0049829,0.12558,0.00183813,0,0,0,0,0,
37.5,0.0053039,0.12744,0.001999011,0,0,0,0,0,
37.999,0.0054578,0.12924,0.001894125,0,0,0,0,0,
38.499,0.0054349,0.13102,0.002059418,0,0,0,0,0,
38.999,0.0055749,0.13282,0.002173696,0,0,0,0,0,
39.499,0.0054813,0.13472,0.002270291,0,0,0,0,0,
40,0.0057423,0.13664,0.002107607,0,0,0,0,0,
40.5,0.0057549,0.1386,0.002064587,0,0,0,0,0,
40.999,0.0055628,0.14063,0.002070365,0,0,0,0,0,
41.499,0.0059757,0.14262,0.002249308,0,0,0,0,0,
41.999,0.0060002,0.14458,0.002261231,0,0,0,0,0,
42.499,0.0061233,0.1466,0.002383427,0,0,0,0,0,
42.999,0.0062156,0.14873,0.002453508,0,0,0,0,0,
43.5,0.0064077,0.15078,0.002420997,0,0,0,0,0,
43.999,0.006771,0.1528,0.002636811,0,0,0,0,0,
44.499,0.0066971,0.15486,0.0024443,0,0,0,0,0,
44.999,0.0068086,0.15697,0.002538795,0,0,0,0,0,
45.499,0.0069242,0.15906,0.002609682,0,0,0,0,0,
45.999,0.0070029,0.16118,0.002673154,0,0,0,0,0,
46.499,0.0070403,0.1633,0.002706075,0,0,0,0,0,
46.999,0.0072062,0.16534,0.002736722,0,0,0,0,0,
47.5,0.0073938,0.16736,0.002830141,0,0,0,0,0,
48,0.0075121,0.16945,0.003002787,0,0,0,0,0,
48.499,0.0075996,0.17148,0.002919993,0,0,0,0,0,
48.999,0.0079252,0.17346,0.003103569,0,0,0,0,0,
49.499,0.0079329,0.1755,0.003085276,0,0,0,0,0,
49.999,0.008097,0.17763,0.003225871,0,0,0,0,0,
50.5,0.0083739,0.17967,0.002954471,0,0,0,0,0,
50.999,0.0084453,0.18167,0.003156453,0,0,0,0,0,
51.5,0.0086342,0.18373,0.003454158,0,0,0,0,0,
51.999,0.0088,0.1859,0.003432721,0,0,0,0,0,
52.499,0.0089605,0.18797,0.003505439,0,0,0,0,0,
52.999,0.0090262,0.19005,0.00344756,0,0,0,0,0,
53.499,0.0092253,0.19215,0.003447221,0,0,0,0,0,
53.999,0.009533,0.19429,0.003698841,0,0,0,0,0,
54.499,0.0097025,0.19635,0.003851324,0,0,0,0,0,
55,0.0098299,0.19836,0.003751335,0,0,0,0,0,
55.5,0.010002,0.20035,0.003940317,0,0,0,0,0,
55.999,0.010341,0.20241,0.004050814,0,0,0,0,0,
56.499,0.010376,0.20445,0.004142817,0,0,0,0,0,
56.999,0.010718,0.20639,0.004311114,0,0,0,0,0,
57.499,0.01088,0.20831,0.004526908,0,0,0,0,0,
58,0.011136,0.21024,0.004552741,0,0,0,0,0,
58.5,0.011422,0.21217,0.004699809,0,0,0,0,0,
58.999,0.0116,0.21412,0.004875555,0,0,0,0,0,
59.499,0.011839,0.21607,0.004854498,0,0,0,0,0,
59.999,0.01218,0.21793,0.005041729,0,0,0,0,0,
60.5,0.012375,0.21974,0.005107942,0,0,0,0,0,
60.999,0.012688,0.22158,0.005409691,0,0,0,0,0,
61.499,0.012913,0.22347,0.005488978,0,0,0,0,0,
62,0.013235,0.22534,0.005620913,0,0,0,0,0,
62.499,0.013529,0.22716,0.005716738,0,0,0,0,0,
62.999,0.013703,0.22897,0.005850264,0,0,0,0,0,
63.5,0.013932,0.23077,0.006014437,0,0,0,0,0,
63.999,0.014428,0.23248,0.006149235,0,0,0,0,0,
64.499,0.014734,0.23416,0.006245506,0,0,0,0,0,
65,0.015128,0.23588,0.006495846,0,0,0,0,0,
65.499,0.015418,0.23753,0.006640493,0,0,0,0,0,
66,0.015774,0.23911,0.006861228,0,0,0,0,0,
66.5,0.01608,0.24071,0.007030319,0,0,0,0,0,
66.999,0.016484,0.2423,0.007202311,0,0,0,0,0,
67.5,0.01674,0.24385,0.00754173,0,0,0,0,0,
67.999,0.017118,0.24534,0.007601366,0,0,0,0,0,
68.5,0.017438,0.24682,0.007708701,0,0,0,0,0,
68.999,0.017775,0.24828,0.00788272,0,0,0,0,0,
69.499,0.018113,0.2497,0.008021204,0,0,0,0,0,
69.999,0.018525,0.25105,0.008225904,0,0,0,0,0,
70.499,0.018857,0.25237,0.008457316,0,0,0,0,0,
71,0.019347,0.25369,0.008708005,0,0,0,0,0,
71.499,0.019739,0.25497,0.008988978,0,0,0,0,0,
71.999,0.020028,0.25623,0.009174802,0,0,0,0,0,
72.499,0.020546,0.2575,0.009360315,0,0,0,0,0,
73,0.020829,0.25878,0.009645443,0,0,0,0,0,
73.499,0.021376,0.25998,0.009861396,0,0,0,0,0,
74,0.021751,0.26114,0.010015279,0,0,0,0,0,
74.499,0.0221,0.2623,0.010169911,0,0,0,0,0,
74.999,0.022574,0.26345,0.010521752,0,0,0,0,0,
75.499,0.023008,0.26455,0.010879899,0,0,0,0,0,
76,0.023442,0.26563,0.010734677,0,0,0,0,0,
76.5,0.023919,0.26672,0.011047254,0,0,0,0,0,
76.999,0.024335,0.26779,0.011360821,0,0,0,0,0,
77.499,0.02471,0.2688,0.01161963,0,0,0,0,0,
77.999,0.025113,0.2698,0.011797238,0,0,0,0,0,
78.499,0.025668,0.27079,0.012161745,0,0,0,0,0,
78.999,0.026155,0.27177,0.012175872,0,0,0,0,0,
79.499,0.026518,0.27275,0.012452643,0,0,0,0,0,
79.999,0.026913,0.27372,0.012703271,0,0,0,0,0,
80.5,0.027415,0.27465,0.012930046,0,0,0,0,0,
81,0.028061,0.27554,0.013333414,0,0,0,0,0,
81.499,0.028315,0.27644,0.01352818,0,0,0,0,0,
81.999,0.028871,0.27736,0.013785936,0,0,0,0,0,
82.499,0.029352,0.27823,0.01408918,0,0,0,0,0,
83,0.029732,0.27907,0.014469214,0,0,0,0,0,
83.499,0.030105,0.27992,0.01473333,0,0,0,0,0,
83.999,0.030713,0.28079,0.014808609,0,0,0,0,0,
84.499,0.03112,0.28163,0.015225797,0,0,0,0,0,
85,0.031706,0.28245,0.015587777,0,0,0,0,0,
85.5,0.032174,0.28325,0.015778167,0,0,0,0,0,
85.999,0.032539,0.28403,0.016082087,0,0,0,0,0,
86.499,0.03297,0.2848,0.016194459,0,0,0,0,0,
87,0.033508,0.28558,0.016634378,0,0,0,0,0,
87.499,0.033904,0.28636,0.016796348,0,0,0,0,0,
88,0.034518,0.28714,0.016968615,0,0,0,0,0,
88.499,0.03493,0.28789,0.017390898,0,0,0,0,0,
88.999,0.03548,0.28861,0.017509706,0,0,0,0,0,
89.5,0.035879,0.28935,0.017976156,0,0,0,0,0,
89.999,0.036351,0.29012,0.018029389,0,0,0,0,0,
90.499,0.036879,0.29084,0.018471251,0,0,0,0,0,
91,0.037354,0.29154,0.018304152,0,0,0,0,0,
91.499,0.037852,0.29225,0.018729895,0,0,0,0,0,
91.999,0.038482,0.29299,0.019121219,0,0,0,0,0,
92.5,0.038767,0.29371,0.019355861,0,0,0,0,0,
92.999,0.039353,0.29439,0.019418142,0,0,0,0,0,
93.498,0.039929,0.29506,0.019577112,0,0,0,0,0,
93.999,0.040361,0.29575,0.020116892,0,0,0,0,0,
94.499,0.040809,0.29641,0.020175499,0,0,0,0,0,
94.999,0.041315,0.29705,0.020725731,0,0,0,0,0,
95.499,0.041919,0.29768,0.021029619,0,0,0,0,0,
96,0.042332,0.29835,0.021194991,0,0,0,0,0,
96.499,0.042818,0.29898,0.02144794,0,0,0,0,0,
96.999,0.043338,0.29959,0.021633597,0,0,0,0,0,
97.5,0.044029,0.30021,0.021842408,0,0,0,0,0,
97.999,0.044353,0.30084,0.022132265,0,0,0,0,0,
98.499,0.044851,0.30146,0.022577695,0,0,0,0,0,
99,0.045455,0.30208,0.022627262,0,0,0,0,0,
99.499,0.045925,0.30272,0.023065338,0,0,0,0,0,
100,0.046425,0.30333,0.023293293,0,0,0,0,0,
100.5,0.046895,0.30392,0.023541218,0,0,0,0,0,
101,0.047437,0.30452,0.023726195,0,0,0,0,0,
101.5,0.048074,0.30512,0.024134506,0,0,0,0,0,
102,0.048535,0.3057,0.024214059,0,0,0,0,0,
102.5,0.049037,0.30627,0.024558165,0,0,0,0,0,
103,0.049615,0.30684,0.024661197,0,0,0,0,0,
103.5,0.049958,0.3074,0.024970915,0,0,0,0,0,
104,0.050568,0.30796,0.025201069,0,0,0,0,0,
104.5,0.051103,0.30854,0.025714042,0,0,0,0,0,
105,0.051611,0.30911,0.025803702,0,0,0,0,0,
105.5,0.052206,0.30966,0.026044089,0,0,0,0,0,
106,0.052782,0.31021,0.026533746,0,0,0,0,0,
106.5,0.053225,0.31077,0.026833149,0,0,0,0,0,
107,0.053744,0.31133,0.026942178,0,0,0,0,0,
107.5,0.054435,0.31185,0.02728846,0,0,0,0,0,
108,0.054976,0.31237,0.027553297,0,0,0,0,0,
108.5,0.055369,0.3129,0.027847241,0,0,0,0,0,
109,0.055998,0.31343,0.027938656,0,0,0,0,0,
109.5,0.056508,0.31394,0.028187085,0,0,0,0,0,
110,0.057147,0.31443,0.028559565,0,0,0,0,0,
110.5,0.057645,0.31494,0.028652372,0,0,0,0,0,
111,0.058143,0.31546,0.02871019,0,0,0,0,0,
111.5,0.058729,0.31597,0.029187374,0,0,0,0,0,
112,0.059269,0.31648,0.029236129,0,0,0,0,0,
112.5,0.059834,0.31697,0.029444621,0,0,0,0,0,
113,0.060429,0.31745,0.029724808,0,0,0,0,0,
113.5,0.060973,0.31793,0.030112241,0,0,0,0,0,
114,0.061484,0.31843,0.030391368,0,0,0,0,0,
114.5,0.062166,0.31892,0.030838759,0,0,0,0,0,
115,0.062609,0.31941,0.030913321,0,0,0,0,0,
115.5,0.06309,0.31989,0.031361545,0,0,0,0,0,
116,0.063855,0.32037,0.031549538,0,0,0,0,0,
116.5,0.064052,0.32084,0.031827392,0,0,0,0,0,
117,0.064702,0.3213,0.032210913,0,0,0,0,0,
117.5,0.065262,0.32176,0.03258848,0,0,0,0,0,
118,0.06588,0.32222,0.03268643,0,0,0,0,0,
118.5,0.066277,0.32267,0.032941618,0,0,0,0,0,
119,0.066902,0.32312,0.033224019,0,0,0,0,0,
119.5,0.067399,0.32357,0.033406149,0,0,0,0,0,
120,0.067899,0.32402,0.033873945,0,0,0,0,0,
120.5,0.068537,0.32447,0.033981822,0,0,0,0,0,
121,0.069051,0.3249,0.034346449,0,0,0,0,0,
121.5,0.069812,0.32533,0.034572716,0,0,0,0,0,
122.01,0.070183,0.32576,0.034778264,0,0,0,0,0,
122.5,0.070774,0.32619,0.035005592,0,0,0,0,0,
123,0.071262,0.32661,0.035267332,0,0,0,0,0,
123.5,0.071758,0.32705,0.035620008,0,0,0,0,0,
124,0.07235,0.32748,0.036037093,0,0,0,0,0,
124.5,0.072861,0.32789,0.036351023,0,0,0,0,0,
125,0.073479,0.32832,0.036578572,0,0,0,0,0,
125.5,0.074104,0.32874,0.036871803,0,0,0,0,0,
126,0.074546,0.32916,0.037051728,0,0,0,0,0,
126.5,0.075098,0.32957,0.03734588,0,0,0,0,0,
127,0.075666,0.32999,0.037766868,0,0,0,0,0,
127.5,0.076313,0.33039,0.037807889,0,0,0,0,0,
128,0.076832,0.33078,0.038001894,0,0,0,0,0,
128.5,0.077308,0.33118,0.038373239,0,0,0,0,0,
129,0.077845,0.33157,0.038580701,0,0,0,0,0,
129.5,0.078987,0.33197,0.039031272,0,0,0,0,0,
130,0.078955,0.33236,0.039065028,0,0,0,0,0,
130.5,0.079591,0.33274,0.03935407,0,0,0,0,0,
131,0.080138,0.33312,0.039687623,0,0,0,0,0,
131.5,0.080639,0.3335,0.040038167,0,0,0,0,0,
132,0.08127,0.33386,0.040224248,0,0,0,0,0,
132.5,0.081883,0.33423,0.040499318,0,0,0,0,0,
133,0.082387,0.33461,0.040650556,0,0,0,0,0,
133.5,0.082887,0.33498,0.040965728,0,0,0,0,0,
134,0.083593,0.33534,0.04132187,0,0,0,0,0,
134.5,0.084022,0.33572,0.041495336,0,0,0,0,0,
135,0.084652,0.3361,0.041759027,0,0,0,0,0,
135.5,0.085273,0.33648,0.042110093,0,0,0,0,0,
136,0.085741,0.33685,0.04225706,0,0,0,0,0,
136.5,0.086247,0.33721,0.042928542,0,0,0,0,0,
137,0.086901,0.33756,0.042830057,0,0,0,0,0,
137.5,0.087424,0.33792,0.043361934,0,0,0,0,0,
138,0.087989,0.33828,0.043436717,0,0,0,0,0,
138.5,0.088537,0.33864,0.043908554,0,0,0,0,0,
139,0.089155,0.33898,0.044161181,0,0,0,0,0,
139.5,0.089712,0.33935,0.044440336,0,0,0,0,0,
140,0.090299,0.3397,0.044724195,0,0,0,0,0,
140.5,0.090829,0.34004,0.044973557,0,0,0,0,0,
141,0.091406,0.34039,0.045087413,0,0,0,0,0,
141.5,0.091901,0.34073,0.045456996,0,0,0,0,0,
142,0.092559,0.34106,0.045722034,0,0,0,0,0,
142.5,0.093164,0.34139,0.045888816,0,0,0,0,0,
143,0.093708,0.34174,0.046411242,0,0,0,0,0,
143.5,0.094224,0.34207,0.046510902,0,0,0,0,0,
144,0.094833,0.3424,0.04699045,0,0,0,0,0,
144.5,0.095483,0.34274,0.047217786,0,0,0,0,0,
145,0.096026,0.34309,0.047439252,0,0,0,0,0,
145.5,0.096608,0.34342,0.047502288,0,0,0,0,0,
146,0.097256,0.34375,0.047735608,0,0,0,0,0,
146.5,0.097702,0.34407,0.047983934,0,0,0,0,0,
147,0.098349,0.34439,0.048289849,0,0,0,0,0,
147.5,0.098889,0.34469,0.048582524,0,0,0,0,0,
148,0.099507,0.34501,0.04892625,0,0,0,0,0,
148.5,0.10014,0.34533,0.049111827,0,0,0,0,0,
149,0.10045,0.34565,0.049248726,0,0,0,0,0,
149.5,0.10109,0.34596,0.049690806,0,0,0,0,0,
150,0.10155,0.34626,0.049821822,0,0,0,0,0,
150.5,0.10232,0.34657,0.050209728,0,0,0,0,0,
151,0.10284,0.34688,0.050437759,0,0,0,0,0,
151.5,0.10346,0.34718,0.050889293,0,0,0,0,0,
152,0.10391,0.34748,0.051154225,0,0,0,0,0,
152.5,0.10453,0.34778,0.051216171,0,0,0,0,0,
153,0.10508,0.34807,0.051688436,0,0,0,0,0,
153.5,0.10582,0.34836,0.051843973,0,0,0,0,0,
154,0.10624,0.34866,0.052222837,0,0,0,0,0,
154.5,0.10679,0.34895,0.05251351,0,0,0,0,0,
155,0.10743,0.34924,0.052655351,0,0,0,0,0,
155.5,0.10797,0.34952,0.052994931,0,0,0,0,0,
156,0.10859,0.34981,0.053106075,0,0,0,0,0,
156.5,0.10914,0.35009,0.053352218,0,0,0,0,0,
157,0.10968,0.35037,0.053703787,0,0,0,0,0,
157.5,0.11028,0.35067,0.054166827,0,0,0,0,0,
158,0.11083,0.35095,0.0545022,0,0,0,0,0,
158.5,0.11149,0.35123,0.054515836,0,0,0,0,0,
159,0.11195,0.3515,0.054672354,0,0,0,0,0,
159.5,0.11259,0.35178,0.055123495,0,0,0,0,0,
160,0.11323,0.35206,0.055537351,0,0,0,0,0,
160.5,0.11378,0.35233,0.055634403,0,0,0,0,0,
161,0.1144,0.35259,0.055868861,0,0,0,0,0,
161.5,0.11497,0.35286,0.056155828,0,0,0,0,0,
162,0.11537,0.35312,0.056383831,0,0,0,0,0,
162.5,0.1161,0.35338,0.056725264,0,0,0,0,0,
163,0.11667,0.35364,0.056970046,0,0,0,0,0,
163.5,0.11727,0.35391,0.057293244,0,0,0,0,0,
164,0.11786,0.35418,0.057618225,0,0,0,0,0,
164.5,0.11848,0.35443,0.057827962,0,0,0,0,0,
165,0.11908,0.35469,0.058248719,0,0,0,0,0,
165.5,0.11956,0.35494,0.058543021,0,0,0,0,0,
166,0.12027,0.35521,0.058614226,0,0,0,0,0,
166.5,0.12061,0.35547,0.058934441,0,0,0,0,0,
167,0.12138,0.35571,0.059185469,0,0,0,0,0,
167.5,0.12197,0.35596,0.059498718,0,0,0,0,0,
168,0.12255,0.35621,0.05990116,0,0,0,0,0,
168.5,0.12298,0.35646,0.060038097,0,0,0,0,0,
169,0.12369,0.35669,0.060529276,0,0,0,0,0,
169.5,0.12394,0.35694,0.060638175,0,0,0,0,0,
170,0.12481,0.3572,0.060998105,0,0,0,0,0,
170.5,0.12556,0.35745,0.061111562,0,0,0,0,0,
171,0.12636,0.3577,0.061586418,0,0,0,0,0,
171.5,0.12654,0.35794,0.061791,0,0,0,0,0,
172,0.12711,0.35819,0.062224377,0,0,0,0,0,
172.5,0.12775,0.35844,0.062450624,0,0,0,0,0,
173,0.12837,0.35869,0.062662262,0,0,0,0,0,
173.5,0.12904,0.35893,0.063042966,0,0,0,0,0,
174,0.12955,0.35918,0.0632817,0,0,0,0,0,
174.5,0.1299,0.35941,0.063603803,0,0,0,0,0,
175,0.13086,0.35964,0.063955633,0,0,0,0,0,
175.5,0.1314,0.35987,0.064097549,0,0,0,0,0,
176,0.13194,0.36009,0.06469904,0,0,0,0,0,
176.5,0.13246,0.36031,0.064861469,0,0,0,0,0,
177,0.13307,0.36053,0.065188778,0,0,0,0,0,
177.5,0.13377,0.36075,0.06535525,0,0,0,0,0,
178,0.13432,0.36097,0.065665917,0,0,0,0,0,
178.5,0.13497,0.36119,0.065719105,0,0,0,0,0,
179,0.13554,0.36141,0.066343391,0,0,0,0,0,
179.5,0.13603,0.36164,0.066340865,0,0,0,0,0,
180,0.1366,0.36186,0.066724755,0,0,0,0,0,
180.5,0.13731,0.36207,0.06695831,0,0,0,0,0,
181,0.13777,0.36228,0.067158336,0,0,0,0,0,
181.5,0.13845,0.36249,0.067524901,0,0,0,0,0,
182,0.13891,0.36271,0.067979532,0,0,0,0,0,
182.5,0.13957,0.36293,0.068343087,0,0,0,0,0,
183,0.14021,0.36315,0.068560391,0,0,0,0,0,
183.5,0.14073,0.36336,0.068748802,0,0,0,0,0,
184,0.14131,0.36357,0.069016511,0,0,0,0,0,
184.5,0.14192,0.36379,0.069320631,0,0,0,0,0,
185,0.14258,0.36401,0.069745255,0,0,0,0,0,
185.5,0.1432,0.36423,0.069929713,0,0,0,0,0,
186,0.14379,0.36443,0.070152452,0,0,0,0,0,
186.5,0.14441,0.36463,0.070452592,0,0,0,0,0,
187,0.14498,0.36483,0.070721989,0,0,0,0,0,
187.5,0.14558,0.36503,0.070875152,0,0,0,0,0,
188,0.14613,0.36523,0.071258609,0,0,0,0,0,
188.5,0.14676,0.36543,0.071503863,0,0,0,0,0,
189,0.14736,0.36562,0.071697305,0,0,0,0,0,
189.5,0.14797,0.36581,0.071931749,0,0,0,0,0,
190,0.14838,0.36601,0.072218424,0,0,0,0,0,
190.5,0.149,0.36621,0.072681992,0,0,0,0,0,
191,0.14963,0.36641,0.072829834,0,0,0,0,0,
191.5,0.15027,0.36661,0.073258268,0,0,0,0,0,
192,0.15094,0.36682,0.073252506,0,0,0,0,0,
192.5,0.15141,0.36703,0.073509164,0,0,0,0,0,
193,0.15203,0.36723,0.07393285,0,0,0,0,0,
193.5,0.1526,0.36742,0.074295269,0,0,0,0,0,
194,0.15328,0.36762,0.0744037,0,0,0,0,0,
194.5,0.15396,0.36782,0.074710177,0,0,0,0,0,
195,0.15459,0.368,0.075109513,0,0,0,0,0,
195.5,0.15499,0.36818,0.075538734,0,0,0,0,0,
196,0.15565,0.36836,0.075645454,0,0,0,0,0,
196.5,0.15628,0.36854,0.076153586,0,0,0,0,0,
197,0.15701,0.36872,0.076204459,0,0,0,0,0,
197.5,0.15739,0.36891,0.076704434,0,0,0,0,0,
198,0.15807,0.36909,0.077018632,0,0,0,0,0,
198.5,0.15875,0.36928,0.077289228,0,0,0,0,0,
199,0.15938,0.36946,0.077422971,0,0,0,0,0,
199.5,0.15988,0.36965,0.077939174,0,0,0,0,0,
200,0.16046,0.36983,0.078135166,0,0,0,0,0,
200.5,0.16112,0.37,0.07850337,0,0,0,0,0,
201,0.16159,0.37018,0.078688252,0,0,0,0,0,
201.5,0.16225,0.37036,0.078944905,0,0,0,0,0,
202,0.16294,0.37054,0.079323618,0,0,0,0,0,
202.5,0.16351,0.37072,0.079549171,0,0,0,0,0,
203,0.16412,0.37089,0.079963843,0,0,0,0,0,
203.5,0.16456,0.37106,0.080356751,0,0,0,0,0,
204,0.16522,0.37123,0.080650984,0,0,0,0,0,
204.5,0.16607,0.37141,0.080871994,0,0,0,0,0,
205,0.16651,0.37158,0.081221213,0,0,0,0,0,
205.5,0.1671,0.37175,0.08144984,0,0,0,0,0,
206,0.16767,0.37192,0.081771582,0,0,0,0,0,
206.5,0.16822,0.3721,0.082005242,0,0,0,0,0,
207,0.16894,0.37227,0.08218211,0,0,0,0,0,
207.5,0.16947,0.37244,0.082628469,0,0,0,0,0,
208,0.17014,0.37262,0.082884297,0,0,0,0,0,
208.5,0.17068,0.37281,0.083022356,0,0,0,0,0,
209,0.17123,0.37298,0.083391525,0,0,0,0,0,
209.5,0.17188,0.37315,0.083617265,0,0,0,0,0,
210,0.17248,0.37333,0.083910449,0,0,0,0,0,
210.5,0.17318,0.3735,0.084175326,0,0,0,0,0,
211,0.17384,0.37367,0.084274418,0,0,0,0,0,
211.5,0.17437,0.37384,0.084881168,0,0,0,0,0,
212,0.1749,0.374,0.08506809,0,0,0,0,0,
212.5,0.17549,0.37415,0.085255069,0,0,0,0,0,
213,0.1761,0.37431,0.085671054,0,0,0,0,0,
213.5,0.17686,0.37446,0.085982081,0,0,0,0,0,
214,0.17741,0.37462,0.0859763,0,0,0,0,0,
214.5,0.17802,0.37478,0.086398498,0,0,0,0,0,
215,0.17862,0.37493,0.086861316,0,0,0,0,0,
215.5,0.1792,0.37507,0.087089207,0,0,0,0,0,
216,0.17988,0.37521,0.087284515,0,0,0,0,0,
216.5,0.18039,0.37536,0.087859126,0,0,0,0,0,
217,0.18101,0.3755,0.08810199,0,0,0,0,0,
217.5,0.18163,0.37565,0.088440822,0,0,0,0,0,
218,0.18231,0.3758,0.088664327,0,0,0,0,0,
218.5,0.18282,0.37594,0.088983847,0,0,0,0,0,
219,0.18342,0.37608,0.089179059,0,0,0,0,0,
219.5,0.1842,0.37622,0.089326586,0,0,0,0,0,
220,0.18464,0.37637,0.089428736,0,0,0,0,0,
220.5,0.18518,0.37651,0.089787778,0,0,0,0,0,
221,0.18583,0.37666,0.089951484,0,0,0,0,0,
221.5,0.18647,0.3768,0.090423806,0,0,0,0,0,
222,0.18707,0.37694,0.090638923,0,0,0,0,0,
222.5,0.18774,0.37709,0.09090805,0,0,0,0,0,
223,0.18825,0.37723,0.091232514,0,0,0,0,0,
223.5,0.18892,0.37738,0.09158881,0,0,0,0,0,
224,0.18954,0.37752,0.091887329,0,0,0,0,0,
224.5,0.19011,0.37766,0.09216834,0,0,0,0,0,
225,0.19072,0.3778,0.092615644,0,0,0,0,0,
225.5,0.19128,0.37794,0.092900005,0,0,0,0,0,
226,0.19182,0.37808,0.093261446,0,0,0,0,0,
226.5,0.19257,0.37821,0.093581231,0,0,0,0,0,
227,0.19304,0.37835,0.093903737,0,0,0,0,0,
227.5,0.19373,0.37849,0.094177448,0,0,0,0,0,
228,0.19428,0.37862,0.094338526,0,0,0,0,0,
228.5,0.19497,0.37876,0.094829246,0,0,0,0,0,
229,0.19566,0.37889,0.09513962,0,0,0,0,0,
229.5,0.19619,0.37902,0.095661027,0,0,0,0,0,
230,0.19678,0.37915,0.095773709,0,0,0,0,0,
230.5,0.19727,0.37927,0.096295149,0,0,0,0,0,
231,0.19797,0.37939,0.096590269,0,0,0,0,0,
231.5,0.19858,0.37952,0.097034147,0,0,0,0,0,
232,0.19909,0.37964,0.097360803,0,0,0,0,0,
232.5,0.1997,0.37977,0.097661958,0,0,0,0,0,
233,0.20035,0.37989,0.09807907,0,0,0,0,0,
233.5,0.20096,0.38001,0.098473354,0,0,0,0,0,
234,0.20161,0.38013,0.098729781,0,0,0,0,0,
234.5,0.20219,0.38025,0.099083054,0,0,0,0,0,
235,0.2028,0.38037,0.099547553,0,0,0,0,0,
235.5,0.20335,0.38049,0.09972044,0,0,0,0,0,
236,0.20402,0.38061,0.100128553,0,0,0,0,0,
236.5,0.20471,0.38073,0.100611557,0,0,0,0,0,
237,0.20526,0.38085,0.100838507,0,0,0,0,0,
237.5,0.20573,0.38097,0.101153981,0,0,0,0,0,
238,0.2065,0.38108,0.101469355,0,0,0,0,0,
238.5,0.20691,0.3812,0.101907461,0,0,0,0,0,
239,0.20773,0.38132,0.102261418,0,0,0,0,0,
239.5,0.20836,0.38143,0.102709104,0,0,0,0,0,
240,0.20895,0.38154,0.103091644,0,0,0,0,0,
240.5,0.20976,0.38165,0.103462315,0,0,0,0,0,
241,0.20991,0.38177,0.103616496,0,0,0,0,0,
241.5,0.21076,0.38187,0.104113138,0,0,0,0,0,
242,0.21133,0.38197,0.104531172,0,0,0,0,0,
242.5,0.21192,0.38207,0.104727515,0,0,0,0,0,
243,0.21253,0.38219,0.105165097,0,0,0,0,0,
243.5,0.21314,0.3823,0.105315415,0,0,0,0,0,
244,0.2138,0.38241,0.105762635,0,0,0,0,0,
244.5,0.21447,0.38252,0.106093647,0,0,0,0,0,
245,0.21502,0.38263,0.106543216,0,0,0,0,0,
245.5,0.21562,0.38274,0.10662951,0,0,0,0,0,
246,0.21616,0.38285,0.106974612,0,0,0,0,0,
246.5,0.21678,0.38297,0.107115674,0,0,0,0,0,
247,0.21738,0.38307,0.107705763,0,0,0,0,0,
247.5,0.21806,0.38318,0.108018181,0,0,0,0,0,
248,0.21865,0.38329,0.108291018,0,0,0,0,0,
248.5,0.21915,0.3834,0.108782653,0,0,0,0,0,
249,0.21982,0.38351,0.109215775,0,0,0,0,0,
249.5,0.22045,0.38362,0.109535787,0,0,0,0,0,
250,0.22106,0.38374,0.110038457,0,0,0,0,0,
250.5,0.22161,0.38384,0.11031343,0,0,0,0,0,
251,0.22236,0.38394,0.11066532,0,0,0,0,0,
251.5,0.22288,0.38404,0.11103409,0,0,0,0,0,
252,0.22338,0.38414,0.111119103,0,0,0,0,0,
252.5,0.22398,0.38423,0.111650492,0,0,0,0,0,
253,0.22467,0.38432,0.112051084,0,0,0,0,0,
253.5,0.22522,0.38441,0.112503345,0,0,0,0,0,
254,0.22569,0.38451,0.112783001,0,0,0,0,0,
254.5,0.22646,0.38461,0.113241181,0,0,0,0,0,
255,0.22705,0.38472,0.113764305,0,0,0,0,0,
255.5,0.22763,0.38481,0.114041824,0,0,0,0,0,
256,0.22826,0.38491,0.114403108,0,0,0,0,0,
256.5,0.22891,0.38501,0.114801707,0,0,0,0,0,
257,0.22953,0.38512,0.115076265,0,0,0,0,0,
257.5,0.23001,0.38522,0.115490632,0,0,0,0,0,
258,0.23036,0.38533,0.11578994,0,0,0,0,0,
258.5,0.23111,0.38542,0.116568076,0,0,0,0,0,
259,0.23197,0.38552,0.116987163,0,0,0,0,0,
259.5,0.2325,0.38562,0.117334935,0,0,0,0,0,
260,0.23308,0.38573,0.117599019,0,0,0,0,0,
260.5,0.23379,0.38583,0.117962575,0,0,0,0,0,
261,0.23438,0.38592,0.118307343,0,0,0,0,0,
261.5,0.23489,0.38602,0.118670642,0,0,0,0,0,
262,0.23578,0.38612,0.119117256,0,0,0,0,0,
262.5,0.23628,0.38622,0.119697646,0,0,0,0,0,
263,0.23677,0.38631,0.120202329,0,0,0,0,0,
263.5,0.23752,0.3864,0.120595965,0,0,0,0,0,
264,0.23802,0.38649,0.120899065,0,0,0,0,0,
264.5,0.23864,0.38658,0.121269396,0,0,0,0,0,
265,0.23933,0.38667,0.121403142,0,0,0,0,0,
265.5,0.23981,0.38676,0.121969814,0,0,0,0,0,
266,0.24032,0.38685,0.122316743,0,0,0,0,0,
266.5,0.24119,0.38694,0.122916504,0,0,0,0,0,
267,0.24148,0.38703,0.123376253,0,0,0,0,0,
267.5,0.2422,0.38712,0.123614002,0,0,0,0,0,
268,0.24293,0.38721,0.124283639,0,0,0,0,0,
268.5,0.24355,0.38729,0.12449027,0,0,0,0,0,
269,0.24418,0.38737,0.124788661,0,0,0,0,0,
269.5,0.24464,0.38745,0.125044607,0,0,0,0,0,
270,0.24565,0.38753,0.125573059,0,0,0,0,0,
270.5,0.24625,0.38762,0.125963705,0,0,0,0,0,
271,0.24635,0.3877,0.126429106,0,0,0,0,0,
271.5,0.24703,0.38778,0.126717229,0,0,0,0,0,
272,0.24785,0.38786,0.127240396,0,0,0,0,0,
272.5,0.24837,0.38794,0.127691121,0,0,0,0,0,
273,0.24923,0.38802,0.127817851,0,0,0,0,0,
273.5,0.24981,0.3881,0.128097657,0,0,0,0,0,
274,0.2505,0.38817,0.12868341,0,0,0,0,0,
274.5,0.25105,0.38825,0.12902626,0,0,0,0,0,
275,0.25164,0.38831,0.129638701,0,0,0,0,0,
275.5,0.25235,0.38838,0.129995273,0,0,0,0,0,
276,0.25297,0.38845,0.130444759,0,0,0,0,0,
276.5,0.25366,0.38853,0.130893166,0,0,0,0,0,
277,0.25418,0.3886,0.131117732,0,0,0,0,0,
277.5,0.25483,0.38868,0.131424675,0,0,0,0,0,
278,0.25552,0.38875,0.131863002,0,0,0,0,0,
278.5,0.25617,0.38882,0.132309021,0,0,0,0,0,
279,0.25676,0.3889,0.132873051,0,0,0,0,0,
279.5,0.25726,0.38898,0.13337113,0,0,0,0,0,
280,0.25806,0.38905,0.13392494,0,0,0,0,0,
280.5,0.25861,0.38913,0.134319332,0,0,0,0,0,
281,0.25923,0.38921,0.134557116,0,0,0,0,0,
281.5,0.25993,0.38928,0.134751148,0,0,0,0,0,
282,0.26048,0.38934,0.135231696,0,0,0,0,0,
282.5,0.26114,0.38941,0.13595645,0,0,0,0,0,
283,0.26179,0.38947,0.136487893,0,0,0,0,0,
283.5,0.26231,0.38953,0.136916158,0,0,0,0,0,
284,0.26306,0.3896,0.137318089,0,0,0,0,0,
284.5,0.26359,0.38966,0.137650149,0,0,0,0,0,
285,0.2642,0.38972,0.137970774,0,0,0,0,0,
285.5,0.26482,0.38977,0.138328742,0,0,0,0,0,
286,0.26534,0.38983,0.138904183,0,0,0,0,0,
286.5,0.26606,0.38989,0.139431453,0,0,0,0,0,
287,0.26668,0.38995,0.139835853,0,0,0,0,0,
287.5,0.26723,0.39002,0.140360893,0,0,0,0,0,
288,0.2679,0.39009,0.140578131,0,0,0,0,0,
288.5,0.26846,0.39015,0.140946458,0,0,0,0,0,
289,0.26916,0.39021,0.141368477,0,0,0,0,0,
289.5,0.26977,0.39028,0.14170961,0,0,0,0,0,
290,0.2703,0.39034,0.142237137,0,0,0,0,0,
290.5,0.27097,0.3904,0.142651676,0,0,0,0,0,
291,0.27155,0.39047,0.143235901,0,0,0,0,0,
291.5,0.27229,0.39053,0.143609314,0,0,0,0,0,
292,0.27289,0.39059,0.144081296,0,0,0,0,0,
292.5,0.2735,0.39066,0.144224146,0,0,0,0,0,
293,0.27405,0.39072,0.14470276,0,0,0,0,0,
293.5,0.27491,0.39077,0.145047082,0,0,0,0,0,
294,0.27556,0.39082,0.145423278,0,0,0,0,0,
294.5,0.27603,0.39088,0.145892676,0,0,0,0,0,
295,0.27655,0.39094,0.146368765,0,0,0,0,0,
295.5,0.27733,0.391,0.146888661,0,0,0,0,0,
296,0.27801,0.39106,0.147276248,0,0,0,0,0,
296.5,0.27861,0.39112,0.147434175,0,0,0,0,0,
297,0.27926,0.39119,0.147644705,0,0,0,0,0,
297.5,0.27999,0.39124,0.148122547,0,0,0,0,0,
298,0.28052,0.3913,0.148512242,0,0,0,0,0,
298.5,0.28121,0.39135,0.149029302,0,0,0,0,0,
299,0.28189,0.3914,0.149399697,0,0,0,0,0,
299.5,0.28239,0.39146,0.150020448,0,0,0,0,0,
300,0.28311,0.39151,0.150212363,0,0,0,0,0,
300.5,0.2836,0.39156,0.150605546,0,0,0,0,0,
301,0.2843,0.39161,0.150934943,0,0,0,0,0,
301.5,0.28489,0.39166,0.151202338,0,0,0,0,0,
302,0.28551,0.39171,0.151563336,0,0,0,0,0,
302.5,0.28619,0.39175,0.152127778,0,0,0,0,0,
303,0.28685,0.3918,0.152769155,0,0,0,0,0,
303.5,0.28738,0.39185,0.152905619,0,0,0,0,0,
304,0.28805,0.3919,0.153326054,0,0,0,0,0,
304.5,0.28867,0.39195,0.153751457,0,0,0,0,0,
305,0.28939,0.39201,0.154052389,0,0,0,0,0,
305.5,0.28997,0.39206,0.154417501,0,0,0,0,0,
306,0.29072,0.39212,0.154933231,0,0,0,0,0,
306.5,0.29135,0.39218,0.155471807,0,0,0,0,0,
307,0.29182,0.39223,0.155829555,0,0,0,0,0,
307.5,0.29264,0.39228,0.156485666,0,0,0,0,0,
308,0.29304,0.39233,0.156868697,0,0,0,0,0,
308.5,0.29376,0.39238,0.157188347,0,0,0,0,0,
309,0.29457,0.39243,0.157694109,0,0,0,0,0,
309.5,0.29511,0.39247,0.158078385,0,0,0,0,0,
310,0.29561,0.39252,0.158596497,0,0,0,0,0,
310.5,0.2964,0.39256,0.15898725,0,0,0,0,0,
311,0.29701,0.39261,0.15970693,0,0,0,0,0,
311.5,0.29774,0.39265,0.159993293,0,0,0,0,0,
312,0.29833,0.3927,0.160416721,0,0,0,0,0,
312.5,0.29897,0.39274,0.160954907,0,0,0,0,0,
313,0.29962,0.39278,0.161268148,0,0,0,0,0,
313.5,0.30035,0.39282,0.161674023,0,0,0,0,0,
314,0.30084,0.39286,0.162154563,0,0,0,0,0,
314.5,0.30147,0.3929,0.162837129,0,0,0,0,0,
315,0.30205,0.39295,0.163261903,0,0,0,0,0,
315.5,0.30287,0.393,0.163819783,0,0,0,0,0,
316,0.30341,0.39304,0.164181347,0,0,0,0,0,
316.5,0.30411,0.39308,0.164677648,0,0,0,0,0,
317,0.3047,0.39311,0.165147422,0,0,0,0,0,
317.5,0.30534,0.39315,0.165567827,0,0,0,0,0,
318,0.30597,0.39318,0.166100707,0,0,0,0,0,
318.5,0.30669,0.39321,0.166664624,0,0,0,0,0,
319,0.30727,0.39324,0.167256141,0,0,0,0,0,
319.5,0.30795,0.39327,0.16768158,0,0,0,0,0,
320,0.30855,0.3933,0.168215026,0,0,0,0,0,
320.5,0.30917,0.39333,0.168547968,0,0,0,0,0,
321,0.30992,0.39335,0.168984681,0,0,0,0,0,
321.5,0.31054,0.39339,0.169486202,0,0,0,0,0,
322,0.31126,0.39342,0.170126667,0,0,0,0,0,
322.5,0.31182,0.39345,0.170865351,0,0,0,0,0,
323,0.31234,0.39348,0.171123256,0,0,0,0,0,
323.5,0.31286,0.39351,0.17167003,0,0,0,0,0,
324,0.31366,0.39354,0.172082651,0,0,0,0,0,
324.5,0.31438,0.39357,0.17246733,0,0,0,0,0,
325,0.31485,0.39359,0.172951124,0,0,0,0,0,
325.5,0.31562,0.39362,0.173412825,0,0,0,0,0,
326,0.31607,0.39364,0.173949105,0,0,0,0,0,
326.5,0.31687,0.39367,0.174702606,0,0,0,0,0,
327,0.31753,0.39369,0.175213857,0,0,0,0,0,
327.5,0.31798,0.39371,0.175400159,0,0,0,0,0,
328,0.31882,0.39373,0.176132444,0,0,0,0,0,
328.5,0.31937,0.39376,0.176611955,0,0,0,0,0,
329,0.31996,0.39378,0.177107152,0,0,0,0,0,
329.5,0.32053,0.3938,0.177502464,0,0,0,0,0,
330,0.32121,0.39382,0.178044925,0,0,0,0,0,
330.5,0.32192,0.39383,0.178711716,0,0,0,0,0,
331,0.32247,0.39385,0.17921089,0,0,0,0,0,
331.5,0.32322,0.39387,0.179713993,0,0,0,0,0,
332,0.32373,0.39388,0.180217679,0,0,0,0,0,
332.5,0.32436,0.3939,0.180686888,0,0,0,0,0,
333,0.32504,0.39391,0.181355257,0,0,0,0,0,
333.5,0.32566,0.39393,0.18179892,0,0,0,0,0,
334,0.32626,0.39395,0.182234886,0,0,0,0,0,
334.5,0.32694,0.39397,0.182655668,0,0,0,0,0,
335,0.32751,0.39399,0.183286924,0,0,0,0,0,
335.5,0.32812,0.394,0.183728899,0,0,0,0,0,
336,0.32877,0.39402,0.184286292,0,0,0,0,0,
336.5,0.32941,0.39404,0.184813449,0,0,0,0,0,
337,0.32999,0.39405,0.185445838,0,0,0,0,0,
337.5,0.33065,0.39407,0.185943324,0,0,0,0,0,
338,0.33138,0.39408,0.186525209,0,0,0,0,0,
338.5,0.33202,0.3941,0.187134954,0,0,0,0,0,
339,0.33267,0.39412,0.187526322,0,0,0,0,0,
339.5,0.33325,0.39413,0.188269665,0,0,0,0,0,
340,0.33395,0.39414,0.188888282,0,0,0,0,0,
340.5,0.33468,0.39414,0.189425431,0,0,0,0,0,
341,0.33504,0.39415,0.18982831,0,0,0,0,0,
341.5,0.33592,0.39417,0.190193822,0,0,0,0,0,
342,0.33634,0.39418,0.190800509,0,0,0,0,0,
342.5,0.33713,0.39419,0.191312682,0,0,0,0,0,
343,0.33774,0.3942,0.191785796,0,0,0,0,0,
343.5,0.33831,0.39421,0.192359343,0,0,0,0,0,
344,0.33894,0.39422,0.192769289,0,0,0,0,0,
344.5,0.33959,0.39423,0.193562309,0,0,0,0,0,
345,0.3403,0.39425,0.194054951,0,0,0,0,0,
345.5,0.3409,0.39426,0.194589332,0,0,0,0,0,
346,0.34164,0.39427,0.195201585,0,0,0,0,0,
346.5,0.34222,0.39428,0.195819219,0,0,0,0,0,
347,0.34294,0.39429,0.196187479,0,0,0,0,0,
347.5,0.34346,0.39431,0.19681436,0,0,0,0,0,
348,0.34425,0.39433,0.197411298,0,0,0,0,0,
348.5,0.34477,0.39434,0.198185884,0,0,0,0,0,
349,0.3453,0.39435,0.198663136,0,0,0,0,0,
349.5,0.34598,0.39436,0.199295842,0,0,0,0,0,
350,0.34651,0.39437,0.199662824,0,0,0,0,0,
350.5,0.34724,0.39438,0.200330092,0,0,0,0,0,
351,0.34783,0.39438,0.200947021,0,0,0,0,0,
351.5,0.34863,0.39439,0.201558665,0,0,0,0,0,
352,0.3493,0.39439,0.202036762,0,0,0,0,0,
352.5,0.34983,0.3944,0.202646923,0,0,0,0,0,
353,0.35038,0.39441,0.203154699,0,0,0,0,0,
353.5,0.35112,0.39441,0.20381067,0,0,0,0,0,
354,0.35182,0.39442,0.204206981,0,0,0,0,0,
354.5,0.35227,0.39443,0.204742485,0,0,0,0,0,
355,0.35295,0.39443,0.205311094,0,0,0,0,0,
355.5,0.35363,0.39444,0.206223613,0,0,0,0,0,
356,0.35453,0.39444,0.206706805,0,0,0,0,0,
356.5,0.35509,0.39444,0.207192202,0,0,0,0,0,
357,0.35568,0.39444,0.207987679,0,0,0,0,0,
357.5,0.35632,0.39444,0.20859828,0,0,0,0,0,
358,0.35704,0.39444,0.209306662,0,0,0,0,0,
358.5,0.35742,0.39445,0.209828903,0,0,0,0,0,
359,0.35819,0.39446,0.210358165,0,0,0,0,0,
359.5,0.3587,0.39446,0.211109836,0,0,0,0,0,
360,0.35949,0.39447,0.211804304,0,0,0,0,0,
360.5,0.35968,0.39447,0.212440073,0,0,0,0,0,
361,0.36078,0.39448,0.213016445,0,0,0,0,0,
361.5,0.36131,0.39448,0.213695055,0,0,0,0,0,
362,0.36183,0.39447,0.214304603,0,0,0,0,0,
362.5,0.36271,0.39447,0.215104928,0,0,0,0,0,
363,0.3633,0.39446,0.215626569,0,0,0,0,0,
363.5,0.36393,0.39446,0.216349323,0,0,0,0,0,
364,0.36456,0.39447,0.216968525,0,0,0,0,0,
364.5,0.36519,0.39447,0.217742592,0,0,0,0,0,
365,0.36581,0.39447,0.218161562,0,0,0,0,0,
365.5,0.36649,0.39447,0.218917032,0,0,0,0,0,
366,0.36713,0.39447,0.219410994,0,0,0,0,0,
366.5,0.3678,0.39447,0.220090897,0,0,0,0,0,
367,0.36841,0.39447,0.22060433,0,0,0,0,0,
367.5,0.36906,0.39446,0.221120707,0,0,0,0,0,
368,0.36978,0.39446,0.222022924,0,0,0,0,0,
368.5,0.37048,0.39445,0.22254177,0,0,0,0,0,
369,0.37114,0.39445,0.22318915,0,0,0,0,0,
369.5,0.37172,0.39444,0.223940833,0,0,0,0,0,
370,0.37197,0.39444,0.224231759,0,0,0,0,0,
370.5,0.37302,0.39443,0.225246139,0,0,0,0,0,
371,0.37354,0.39442,0.225814381,0,0,0,0,0,
371.5,0.37433,0.39441,0.226794479,0,0,0,0,0,
372,0.37509,0.39441,0.22723995,0,0,0,0,0,
372.5,0.3756,0.39441,0.227788746,0,0,0,0,0,
373,0.37622,0.3944,0.228724747,0,0,0,0,0,
373.5,0.37671,0.39439,0.229456383,0,0,0,0,0,
374,0.3774,0.39439,0.229913384,0,0,0,0,0,
374.5,0.37815,0.39438,0.230913289,0,0,0,0,0,
375,0.37865,0.39437,0.231583038,0,0,0,0,0,
375.5,0.37937,0.39437,0.232008937,0,0,0,0,0,
376,0.38,0.39436,0.232663691,0,0,0,0,0,
376.5,0.38059,0.39435,0.233302177,0,0,0,0,0,
377,0.38132,0.39434,0.234094569,0,0,0,0,0,
377.5,0.38197,0.39432,0.235076075,0,0,0,0,0,
378,0.38267,0.39431,0.235486266,0,0,0,0,0,
378.5,0.38326,0.39431,0.236436409,0,0,0,0,0,
379,0.38396,0.39431,0.237010953,0,0,0,0,0,
379.5,0.38458,0.39431,0.237677421,0,0,0,0,0,
380,0.38517,0.3943,0.238186635,0,0,0,0,0,
380.5,0.38581,0.3943,0.239101936,0,0,0,0,0,
381,0.38651,0.39429,0.239864573,0,0,0,0,0,
381.5,0.38709,0.39429,0.240497693,0,0,0,0,0,
382,0.3877,0.39429,0.241351967,0,0,0,0,0,
382.5,0.38852,0.39428,0.241971586,0,0,0,0,0,
383,0.38907,0.39426,0.242711641,0,0,0,0,0,
383.5,0.38973,0.39424,0.243343747,0,0,0,0,0,
384,0.39029,0.39422,0.244089055,0,0,0,0,0,
384.5,0.39082,0.39421,0.244782139,0,0,0,0,0,
385,0.39175,0.39421,0.245429367,0,0,0,0,0,
385.5,0.39226,0.3942,0.24599877,0,0,0,0,0,
386,0.3927,0.39419,0.246822577,0,0,0,0,0,
386.5,0.39351,0.39418,0.247491129,0,0,0,0,0,
387,0.39442,0.39417,0.248113979,0,0,0,0,0,
387.5,0.39497,0.39417,0.248868217,0,0,0,0,0,
388,0.39538,0.39416,0.249532286,0,0,0,0,0,
388.5,0.39622,0.39415,0.250333725,0,0,0,0,0,
389,0.39683,0.39414,0.25114308,0,0,0,0,0,
389.5,0.39734,0.39413,0.25181497,0,0,0,0,0,
390,0.39793,0.39412,0.252285179,0,0,0,0,0,
390.5,0.39857,0.39412,0.253118578,0,0,0,0,0,
391,0.39951,0.39411,0.254037384,0,0,0,0,0,
391.5,0.39981,0.3941,0.254718184,0,0,0,0,0,
392,0.40064,0.3941,0.255469008,0,0,0,0,0,
392.5,0.40132,0.39409,0.256320654,0,0,0,0,0,
393,0.40196,0.39409,0.257013049,0,0,0,0,0,
393.5,0.40263,0.39408,0.257664005,0,0,0,0,0,
394,0.40322,0.39406,0.258340024,0,0,0,0,0,
394.5,0.4039,0.39405,0.259230127,0,0,0,0,0,
395,0.40451,0.39404,0.25995444,0,0,0,0,0,
395.5,0.40528,0.39404,0.260853123,0,0,0,0,0,
396,0.40589,0.39403,0.261547008,0,0,0,0,0,
396.5,0.40649,0.39402,0.262267337,0,0,0,0,0,
397,0.40716,0.39401,0.263102453,0,0,0,0,0,
397.5,0.40776,0.39401,0.263908456,0,0,0,0,0,
398,0.40841,0.394,0.264597922,0,0,0,0,0,
398.5,0.40894,0.394,0.265396585,0,0,0,0,0,
399,0.40976,0.39399,0.266278134,0,0,0,0,0,
399.5,0.41029,0.39398,0.267023394,0,0,0,0,0,
400,0.41098,0.39398,0.267797937,0,0,0,0,0,
400.5,0.41163,0.39397,0.268675079,0,0,0,0,0,
401,0.41219,0.39397,0.269416264,0,0,0,0,0,
401.5,0.4129,0.39396,0.27009889,0,0,0,0,0,
402,0.41357,0.39395,0.271164658,0,0,0,0,0,
402.5,0.41425,0.39394,0.271805707,0,0,0,0,0,
403,0.41474,0.39393,0.272653456,0,0,0,0,0,
403.5,0.41569,0.39393,0.273394743,0,0,0,0,0,
404,0.41622,0.39392,0.274268512,0,0,0,0,0,
404.5,0.41697,0.39391,0.275000247,0,0,0,0,0,
405,0.41756,0.39391,0.276006174,0,0,0,0,0,
405.5,0.4181,0.39391,0.276685077,0,0,0,0,0,
406,0.41884,0.39391,0.277369581,0,0,0,0,0,
406.5,0.4194,0.39391,0.27828304,0,0,0,0,0,
407,0.42016,0.39392,0.279151793,0,0,0,0,0,
407.5,0.42078,0.39392,0.280115014,0,0,0,0,0,
408,0.42143,0.39391,0.280750354,0,0,0,0,0,
408.5,0.42204,0.3939,0.281506795,0,0,0,0,0,
409,0.42273,0.39389,0.282433824,0,0,0,0,0,
409.5,0.42349,0.39387,0.28313927,0,0,0,0,0,
410,0.42419,0.39386,0.283779467,0,0,0,0,0,
410.5,0.42472,0.39385,0.284635938,0,0,0,0,0,
411,0.42548,0.39384,0.285570595,0,0,0,0,0,
411.5,0.42608,0.39382,0.286212243,0,0,0,0,0,
412,0.42658,0.39381,0.28709515,0,0,0,0,0,
412.5,0.42734,0.3938,0.288013268,0,0,0,0,0,
413,0.42802,0.39379,0.288878107,0,0,0,0,0,
413.5,0.42852,0.39378,0.289698039,0,0,0,0,0,
414,0.42917,0.39378,0.290557684,0,0,0,0,0,
414.5,0.42986,0.39377,0.291245466,0,0,0,0,0,
415,0.43058,0.39376,0.292227725,0,0,0,0,0,
415.5,0.43125,0.39375,0.292964347,0,0,0,0,0,
416,0.43181,0.39374,0.293856968,0,0,0,0,0,
416.5,0.43254,0.39372,0.29477188,0,0,0,0,0,
417,0.43336,0.39371,0.29577821,0,0,0,0,0,
417.5,0.43395,0.3937,0.296722584,0,0,0,0,0,
418,0.43436,0.39369,0.297596264,0,0,0,0,0,
418.5,0.43512,0.39367,0.298695452,0,0,0,0,0,
419,0.43574,0.39366,0.299655603,0,0,0,0,0,
419.5,0.43648,0.39365,0.300515619,0,0,0,0,0,
420,0.43715,0.39364,0.301533941,0,0,0,0,0,
420.5,0.4379,0.39363,0.302332479,0,0,0,0,0,
421,0.43863,0.39362,0.303449363,0,0,0,0,0,
421.5,0.43895,0.3936,0.304366608,0,0,0,0,0,
422,0.4398,0.39358,0.30536186,0,0,0,0,0,
422.5,0.44013,0.39356,0.306307537,0,0,0,0,0,
423,0.4411,0.39355,0.307293505,0,0,0,0,0,
423.5,0.44174,0.39354,0.308218989,0,0,0,0,0,
424,0.44244,0.39352,0.309074612,0,0,0,0,0,
424.5,0.44306,0.3935,0.310049789,0,0,0,0,0,
425,0.44383,0.39347,0.311133183,0,0,0,0,0,
425.5,0.44445,0.39345,0.311954109,0,0,0,0,0,
426,0.44501,0.39343,0.313012043,0,0,0,0,0,
426.5,0.44575,0.3934,0.313826314,0,0,0,0,0,
427,0.4464,0.39338,0.314770593,0,0,0,0,0,
427.5,0.4471,0.39335,0.315886803,0,0,0,0,0,
428,0.44773,0.39333,0.316687081,0,0,0,0,0,
428.5,0.4483,0.39332,0.31778005,0,0,0,0,0,
429,0.44916,0.3933,0.318767864,0,0,0,0,0,
429.5,0.44965,0.39329,0.319638484,0,0,0,0,0,
430,0.45046,0.39328,0.320491653,0,0,0,0,0,
430.5,0.45105,0.39327,0.321586274,0,0,0,0,0,
431,0.45183,0.39326,0.322518912,0,0,0,0,0,
431.5,0.45242,0.39324,0.323538961,0,0,0,0,0,
432,0.45315,0.39322,0.324529057,0,0,0,0,0,
432.5,0.45389,0.39321,0.325302949,0,0,0,0,0,
433,0.45438,0.39319,0.326287693,0,0,0,0,0,
433.5,0.45512,0.39317,0.327228934,0,0,0,0,0,
434,0.45566,0.39314,0.328242753,0,0,0,0,0,
434.5,0.45637,0.39311,0.329066309,0,0,0,0,0,
435,0.45703,0.39308,0.329859708,0,0,0,0,0,
435.5,0.45763,0.39305,0.330857216,0,0,0,0,0,
436,0.45834,0.39302,0.331758286,0,0,0,0,0,
436.5,0.459,0.393,0.332562461,0,0,0,0,0,
437,0.45956,0.39298,0.333504982,0,0,0,0,0,
437.5,0.46027,0.39296,0.334543234,0,0,0,0,0,
438,0.46103,0.39295,0.335421685,0,0,0,0,0,
438.5,0.46163,0.39293,0.33626793,0,0,0,0,0,
439,0.46227,0.39291,0.337272631,0,0,0,0,0,
439.5,0.46294,0.39289,0.338235681,0,0,0,0,0,
440,0.46366,0.39287,0.339212764,0,0,0,0,0,
440.5,0.46442,0.39285,0.340255784,0,0,0,0,0,
441,0.46502,0.39282,0.341166914,0,0,0,0,0,
441.5,0.46555,0.39279,0.342109887,0,0,0,0,0,
442,0.46631,0.39277,0.342821324,0,0,0,0,0,
442.5,0.46688,0.39274,0.344098086,0,0,0,0,0,
443,0.46761,0.39272,0.344989434,0,0,0,0,0,
443.5,0.46821,0.3927,0.345955698,0,0,0,0,0,
444,0.46915,0.39267,0.346945062,0,0,0,0,0,
444.5,0.46956,0.39264,0.347860712,0,0,0,0,0,
445,0.47031,0.39262,0.349056296,0,0,0,0,0,
445.5,0.47097,0.39259,0.350028505,0,0,0,0,0,
446,0.47163,0.39257,0.350984283,0,0,0,0,0,
446.5,0.47234,0.39254,0.352005258,0,0,0,0,0,
447,0.47301,0.39252,0.353042756,0,0,0,0,0,
447.5,0.47362,0.39249,0.354101636,0,0,0,0,0,
448,0.47427,0.39246,0.355115228,0,0,0,0,0,
448.5,0.47501,0.39243,0.35631618,0,0,0,0,0,
449,0.47572,0.3924,0.357386291,0,0,0,0,0,
449.5,0.47628,0.39236,0.358228836,0,0,0,0,0,
450,0.47707,0.39233,0.359411396,0,0,0,0,0,
450.5,0.47768,0.39229,0.360533291,0,0,0,0,0,
451,0.4783,0.39225,0.36158288,0,0,0,0,0,
451.5,0.479,0.39222,0.362597968,0,0,0,0,0,
452,0.47967,0.39218,0.363623149,0,0,0,0,0,
452.5,0.48031,0.39215,0.364711861,0,0,0,0,0,
453,0.48109,0.39211,0.365695338,0,0,0,0,0,
453.5,0.48176,0.39208,0.366769324,0,0,0,0,0,
454,0.48241,0.39204,0.367879537,0,0,0,0,0,
454.5,0.4831,0.392,0.369021017,0,0,0,0,0,
455,0.48368,0.39195,0.370076935,0,0,0,0,0,
455.5,0.48448,0.39191,0.37121246,0,0,0,0,0,
456,0.48513,0.39186,0.372274338,0,0,0,0,0,
456.5,0.48578,0.39182,0.373452117,0,0,0,0,0,
457,0.48655,0.39177,0.374301185,0,0,0,0,0,
457.5,0.48717,0.39172,0.375474519,0,0,0,0,0,
458,0.4878,0.39167,0.376463257,0,0,0,0,0,
458.5,0.48838,0.39162,0.377610067,0,0,0,0,0,
459,0.48921,0.39156,0.378666546,0,0,0,0,0,
459.5,0.48993,0.39151,0.379592616,0,0,0,0,0,
460,0.49068,0.39145,0.380828777,0,0,0,0,0,
460.5,0.49125,0.39139,0.381734416,0,0,0,0,0,
461,0.49202,0.39133,0.382884065,0,0,0,0,0,
461.5,0.49265,0.39127,0.383962236,0,0,0,0,0,
462,0.49333,0.39121,0.385030401,0,0,0,0,0,
462.5,0.49412,0.39115,0.38615384,0,0,0,0,0,
463,0.49478,0.39108,0.387176215,0,0,0,0,0,
463.5,0.49542,0.39101,0.388251127,0,0,0,0,0,
464,0.49623,0.39093,0.389370956,0,0,0,0,0,
464.5,0.49665,0.39085,0.39041712,0,0,0,0,0,
465,0.49744,0.39076,0.391706221,0,0,0,0,0,
465.5,0.49801,0.39067,0.392718886,0,0,0,0,0,
466,0.49875,0.39057,0.393898472,0,0,0,0,0,
466.5,0.49959,0.39047,0.394978313,0,0,0,0,0,
467,0.50011,0.39037,0.396032763,0,0,0,0,0,
467.5,0.50095,0.39027,0.397332797,0,0,0,0,0,
468,0.50168,0.39016,0.398337097,0,0,0,0,0,
468.5,0.50232,0.39004,0.39934039,0,0,0,0,0,
469,0.50304,0.38993,0.400558423,0,0,0,0,0,
469.5,0.5037,0.38983,0.401651178,0,0,0,0,0,
470,0.50429,0.38972,0.402801564,0,0,0,0,0,
470.5,0.50505,0.38961,0.403967988,0,0,0,0,0,
471,0.50568,0.38949,0.404976322,0,0,0,0,0,
471.5,0.50648,0.38936,0.406114231,0,0,0,0,0,
472,0.50711,0.38923,0.407214244,0,0,0,0,0,
472.5,0.50782,0.38909,0.408313714,0,0,0,0,0,
473,0.50851,0.38894,0.409315021,0,0,0,0,0,
473.5,0.50913,0.38878,0.410536892,0,0,0,0,0,
474,0.50991,0.38862,0.411606875,0,0,0,0,0,
474.5,0.51066,0.38845,0.412780949,0,0,0,0,0,
475,0.51127,0.38827,0.413915965,0,0,0,0,0,
475.5,0.51186,0.38809,0.414779593,0,0,0,0,0,
476,0.51262,0.38791,0.416065393,0,0,0,0,0,
476.5,0.51322,0.38772,0.417233587,0,0,0,0,0,
477,0.51392,0.38753,0.418287877,0,0,0,0,0,
477.5,0.51462,0.38733,0.419273334,0,0,0,0,0,
478,0.51537,0.38713,0.420423997,0,0,0,0,0,
478.5,0.51613,0.38692,0.421544473,0,0,0,0,0,
479,0.51686,0.3867,0.422634861,0,0,0,0,0,
479.5,0.51722,0.38648,0.42366449,0,0,0,0,0,
480,0.51812,0.38627,0.424713333,0,0,0,0,0,
480.5,0.51865,0.38606,0.425763038,0,0,0,0,0,
481,0.51944,0.38584,0.426779011,0,0,0,0,0,
481.5,0.52,0.38561,0.427923682,0,0,0,0,0,
482,0.52075,0.38538,0.428980443,0,0,0,0,0,
482.5,0.5215,0.38514,0.430117395,0,0,0,0,0,
483,0.52227,0.3849,0.431307628,0,0,0,0,0,
483.5,0.52328,0.38465,0.432299815,0,0,0,0,0,
484,0.52344,0.3844,0.433549037,0,0,0,0,0,
484.5,0.52416,0.38416,0.434454816,0,0,0,0,0,
485,0.52475,0.38391,0.435627612,0,0,0,0,0,
485.5,0.52544,0.38365,0.436584504,0,0,0,0,0,
486,0.52612,0.38338,0.437627637,0,0,0,0,0,
486.5,0.52689,0.38312,0.438692255,0,0,0,0,0,
487,0.52747,0.38284,0.439818869,0,0,0,0,0,
487.5,0.52829,0.38257,0.440948075,0,0,0,0,0,
488,0.52871,0.3823,0.441944246,0,0,0,0,0,
488.5,0.52955,0.38203,0.443097381,0,0,0,0,0,
489,0.53011,0.38174,0.444173511,0,0,0,0,0,
489.5,0.53076,0.38146,0.445178008,0,0,0,0,0,
490,0.53145,0.38118,0.446333822,0,0,0,0,0,
490.5,0.53223,0.3809,0.447524736,0,0,0,0,0,
491,0.5328,0.38061,0.448520766,0,0,0,0,0,
491.5,0.53349,0.38032,0.449526012,0,0,0,0,0,
492,0.53411,0.38003,0.450634758,0,0,0,0,0,
492.5,0.5348,0.37974,0.451817382,0,0,0,0,0,
493,0.53551,0.37942,0.45287718,0,0,0,0,0,
493.5,0.53611,0.37911,0.453897748,0,0,0,0,0,
494,0.53668,0.3788,0.455028307,0,0,0,0,0,
494.5,0.53736,0.37849,0.455969358,0,0,0,0,0,
495,0.5381,0.37816,0.457165953,0,0,0,0,0,
495.5,0.5388,0.37784,0.458247294,0,0,0,0,0,
496,0.53957,0.37752,0.459409585,0,0,0,0,0,
496.5,0.54004,0.37719,0.460338951,0,0,0,0,0,
497,0.54078,0.37685,0.461585799,0,0,0,0,0,
497.5,0.54134,0.37651,0.462555964,0,0,0,0,0,
498,0.54199,0.37617,0.463618286,0,0,0,0,0,
498.5,0.54275,0.37584,0.464816449,0,0,0,0,0,
499,0.54341,0.37548,0.465967997,0,0,0,0,0,
499.5,0.54408,0.37513,0.467046762,0,0,0,0,0,
500,0.54478,0.37479,0.468207642,0,0,0,0,0,
500.5,0.54536,0.37444,0.469160774,0,0,0,0,0,
501,0.54604,0.37406,0.470319204,0,0,0,0,0,
501.5,0.54666,0.37369,0.471405771,0,0,0,0,0,
502,0.54738,0.37334,0.472514848,0,0,0,0,0,
502.5,0.54809,0.37297,0.473640757,0,0,0,0,0,
503,0.54875,0.37257,0.474756068,0,0,0,0,0,
503.5,0.54938,0.37219,0.475804894,0,0,0,0,0,
504,0.55002,0.37181,0.476881795,0,0,0,0,0,
504.5,0.55061,0.37142,0.478024501,0,0,0,0,0,
505,0.55141,0.37101,0.479069906,0,0,0,0,0,
505.5,0.55207,0.37061,0.480221251,0,0,0,0,0,
506,0.55275,0.37021,0.481295263,0,0,0,0,0,
506.5,0.55339,0.3698,0.482326144,0,0,0,0,0,
507,0.55416,0.36939,0.483405299,0,0,0,0,0,
507.5,0.55475,0.36898,0.484519019,0,0,0,0,0,
508,0.55533,0.36857,0.485607503,0,0,0,0,0,
508.5,0.55616,0.36815,0.486716931,0,0,0,0,0,
509,0.5569,0.36772,0.487839864,0,0,0,0,0,
509.5,0.55736,0.36729,0.488838877,0,0,0,0,0,
510,0.55816,0.36686,0.490029883,0,0,0,0,0,
510.5,0.55883,0.3664,0.491139926,0,0,0,0,0,
511,0.55945,0.36593,0.492097135,0,0,0,0,0,
511.5,0.56018,0.36548,0.493184124,0,0,0,0,0,
512,0.56097,0.36502,0.494459019,0,0,0,0,0,
512.5,0.56156,0.36455,0.495461802,0,0,0,0,0,
513,0.56209,0.36408,0.496324793,0,0,0,0,0,
513.5,0.56289,0.36361,0.497540972,0,0,0,0,0,
514,0.56345,0.36312,0.498535205,0,0,0,0,0,
514.5,0.56407,0.36262,0.499626143,0,0,0,0,0,
515,0.56466,0.36213,0.500846194,0,0,0,0,0,
515.5,0.56553,0.36164,0.501779026,0,0,0,0,0,
516,0.56615,0.36114,0.50301883,0,0,0,0,0,
516.5,0.56682,0.36064,0.504011259,0,0,0,0,0,
517,0.56757,0.36013,0.505165636,0,0,0,0,0,
517.5,0.5683,0.35963,0.506257807,0,0,0,0,0,
518,0.5689,0.35911,0.507365645,0,0,0,0,0,
518.5,0.56957,0.35855,0.508478872,0,0,0,0,0,
519,0.57016,0.35798,0.509515165,0,0,0,0,0,
519.5,0.57082,0.35744,0.510647608,0,0,0,0,0,
520,0.57153,0.35688,0.511699042,0,0,0,0,0,
520.5,0.57219,0.35632,0.512839794,0,0,0,0,0,
521,0.57299,0.35575,0.51401274,0,0,0,0,0,
521.5,0.57371,0.35517,0.515152051,0,0,0,0,0,
522,0.57442,0.35455,0.516209505,0,0,0,0,0,
522.5,0.57507,0.35396,0.517264649,0,0,0,0,0,
523,0.57579,0.35335,0.518419319,0,0,0,0,0,
523.5,0.57649,0.35273,0.519560166,0,0,0,0,0,
524,0.57717,0.35209,0.520618318,0,0,0,0,0,
524.5,0.57784,0.35145,0.521866449,0,0,0,0,0,
525,0.57858,0.35079,0.522911495,0,0,0,0,0,
525.5,0.57933,0.35012,0.524079206,0,0,0,0,0,
526,0.58002,0.34944,0.525158022,0,0,0,0,0,
526.5,0.5808,0.34874,0.526200227,0,0,0,0,0,
527,0.58154,0.34801,0.527532287,0,0,0,0,0,
527.5,0.58237,0.34723,0.52871171,0,0,0,0,0,
528,0.58301,0.34647,0.529873849,0,0,0,0,0,
528.5,0.58374,0.3457,0.531088733,0,0,0,0,0,
529,0.58452,0.34488,0.532359105,0,0,0,0,0,
529.5,0.58525,0.34399,0.533599128,0,0,0,0,0,
530,0.5862,0.34305,0.535176715,0,0,0,0,0,
530.5,0.58903,0.34209,0.5398538,0,0,0,0,0,
