0,0,-0.03924,0,0,1.5003,19.955,4.7908,2
0.5,0.000515,-0.0095469,-1.2e-05,-1.2e-05,0,0,0,0
1,0.000587,0.021355,-0.00022703,-0.00022703,0,0,0,0
1.5,0.000528,0.058968,-0.00018502,-0.00018502,0,0,0,0
2,0.000405,0.092471,-0.00031605,-0.00031605,0,0,0,0
2.5,0.000261,0.12197,-0.00033506,-0.00033506,0,0,0,0
3,0.000612,0.14781,-0.00014101,-0.00014101,0,0,0,0
3.5,0.000777,0.17172,-7.4003e-05,-7.4003e-05,0,0,0,0
4,0.000717,0.19587,-0.00033005,-0.00033005,0,0,0,0
4.5,0.00058,0.21936,-0.00027104,-0.00027104,0,0,0,0
5,0.000997,0.24237,-8.2003e-05,-8.2003e-05,0,0,0,0
5.5,0.00087,0.26515,-0.00016401,-0.00016401,0,0,0,0
6,0.000803,0.28773,-0.00029104,-0.00029104,0,0,0,0
6.5,0.001069,0.30868,-0.00035206,-0.00035206,0,0,0,0
7,0.00094,0.32942,-0.00017301,-0.00017301,0,0,0,0
7.5,0.001229,0.34936,-2.1e-05,-2.1e-05,0,0,0,0
8,0.000969,0.37043,-0.00011501,-0.00011501,0,0,0,0
8.5,0.001135,0.39241,-2.1e-05,-2.1e-05,0,0,0,0
9,0.001314,0.41556,-0.00010701,-0.00010701,0,0,0,0
9.5,0.001292,0.43697,-5.7002e-05,-5.7002e-05,0,0,0,0
10,0.001244,0.45905,9.0996e-05,9.0996e-05,0,0,0,0
10.5,0.001551,0.48022,-0.00015901,-0.00015901,0,0,0,0
11,0.001527,0.50029,-8.5004e-05,-8.5004e-05,0,0,0,0
11.5,0.001353,0.51899,-9.7005e-05,-9.7005e-05,0,0,0,0
12,0.001241,0.53836,-0.00027704,-0.00027704,0,0,0,0
12.5,0.001318,0.55817,-5.7002e-05,-5.7002e-05,0,0,0,0
13,0.001356,0.57867,4.0999e-05,4.0999e-05,0,0,0,0
13.5,0.001261,0.59964,-0.00014501,-0.00014501,0,0,0,0
14,0.001406,0.61868,-8.1003e-05,-8.1003e-05,0,0,0,0
14.5,0.001068,0.63875,-0.00030105,-0.00030105,0,0,0,0
15,0.001477,0.66027,-9.8005e-05,-9.8005e-05,0,0,0,0
15.5,0.00141,0.6818,-0.00023303,-0.00023303,0,0,0,0
16,0.001538,0.70163,-8.8004e-05,-8.8004e-05,0,0,0,0
16.5,0.001318,0.72098,-0.00031805,-0.00031805,0,0,0,0
17,0.001792,0.74149,-0.00014901,-0.00014901,0,0,0,0
17.5,0.001761,0.76188,-0.00016901,-0.00016901,0,0,0,0
18,0.001744,0.7825,-0.00017602,-0.00017602,0,0,0,0
18.5,0.001893,0.80094,-9.5005e-05,-9.5005e-05,0,0,0,0
19,0.002025,0.82169,0.00023297,0.00023297,0,0,0,0
19.5,0.001792,0.84332,0.00017199,0.00017199,0,0,0,0
20,0.002039,0.8644,0.00014899,0.00014899,0,0,0,0
20.5,0.002285,0.88286,9.4995e-05,9.4995e-05,0,0,0,0
21,0.00237,0.90167,0.00015599,0.00015599,0,0,0,0
21.5,0.002255,0.92001,0.00011799,0.00011799,0,0,0,0
22,0.002434,0.937,0.00014199,0.00014199,0,0,0,0
22.5,0.002482,0.95684,0.00021998,0.00021998,0,0,0,0
23,0.002526,0.97732,0.00020998,0.00020998,0,0,0,0
23.5,0.002468,0.99669,0.00030795,0.00030795,0,0,0,0
24,0.002516,1.0134,0.00012899,0.00012899,0,0,0,0
24.5,0.002647,1.0308,-7.1003e-05,-7.1003e-05,0,0,0,0
25,0.002374,1.0493,0.00019298,0.00019298,0,0,0,0
25.5,0.002729,1.0687,0,0,0,0,0,0
26,0.002681,1.0875,-0.00017602,-0.00017602,0,0,0,0
26.5,0.002286,1.1046,-7.4003e-05,-7.4003e-05,0,0,0,0
27,0.002725,1.1235,0.00017299,0.00017299,0,0,0,0
27.5,0.002746,1.1425,-4.4001e-05,-4.4001e-05,0,0,0,0
28,0.00281,1.1616,6.3998e-05,6.3998e-05,0,0,0,0
28.5,0.002807,1.1791,2e-05,2e-05,0,0,0,0
29,0.002858,1.1967,4.6999e-05,4.6999e-05,0,0,0,0
29.5,0.003057,1.214,0.00020598,0.00020598,0,0,0,0
30,0.002966,1.2312,5.7998e-05,5.7998e-05,0,0,0,0
30.5,0.003406,1.2481,0.00015199,0.00015199,0,0,0,0
31,0.00348,1.2662,-3e-05,-3e-05,0,0,0,0
31.5,0.003568,1.2839,0.00032795,0.00032795,0,0,0,0
32,0.003511,1.3006,0.00033494,0.00033494,0,0,0,0
32.5,0.00369,1.3178,0.00029796,0.00029796,0,0,0,0
33,0.003609,1.3363,0.00033494,0.00033494,0,0,0,0
33.5,0.003785,1.3536,0.00015899,0.00015899,0,0,0,0
34,0.003592,1.3692,0.00011499,0.00011499,0,0,0,0
34.5,0.003738,1.3851,0.00032495,0.00032495,0,0,0,0
35,0.003241,1.4022,0.00018598,0.00018598,0,0,0,0
35.5,0.00342,1.4192,0.00024997,0.00024997,0,0,0,0
36,0.0034,1.4364,0.00013899,0.00013899,0,0,0,0
36.5,0.00361,1.4537,0.00022298,0.00022298,0,0,0,0
37,0.003725,1.472,-3.4001e-05,-3.4001e-05,0,0,0,0
37.5,0.00334,1.4889,0.00012499,0.00012499,0,0,0,0
38,0.003817,1.5053,-4.4001e-05,-4.4001e-05,0,0,0,0
38.5,0.003918,1.5194,0.00017898,0.00017898,0,0,0,0
39,0.003949,1.5349,9.1996e-05,9.1996e-05,0,0,0,0
39.5,0.004064,1.552,0.00029396,0.00029396,0,0,0,0
40,0.003915,1.5686,-2.7e-05,-2.7e-05,0,0,0,0
40.5,0.004146,1.5848,0.00036493,0.00036493,0,0,0,0
41,0.004372,1.6012,0.00033794,0.00033794,0,0,0,0
41.5,0.004481,1.6185,0.00061481,0.00061481,0,0,0,0
42,0.004758,1.6335,0.00040192,0.00040192,0,0,0,0
42.5,0.004968,1.6497,0.0006388,0.0006388,0,0,0,0
43,0.004907,1.6654,0.00033494,0.00033494,0,0,0,0
43.5,0.004789,1.6818,0.00065578,0.00065578,0,0,0,0
44,0.004695,1.6987,0.00057783,0.00057783,0,0,0,0
44.5,0.004627,1.7161,0.00038593,0.00038593,0,0,0,0
45,0.004651,1.7322,0.00053786,0.00053786,0,0,0,0
45.5,0.004624,1.7474,0.00026397,0.00026397,0,0,0,0
46,0.004635,1.7629,0.00027796,0.00027796,0,0,0,0
46.5,0.0045,1.7782,0.00038593,0.00038593,0,0,0,0
47,0.004676,1.7928,0.00028096,0.00028096,0,0,0,0
47.5,0.004643,1.8081,0.00017299,0.00017299,0,0,0,0
48,0.004139,1.8239,-3e-06,-3e-06,0,0,0,0
48.5,0.004687,1.8395,0.00030795,0.00030795,0,0,0,0
49,0.005073,1.8546,0.00031795,0.00031795,0,0,0,0
49.5,0.005103,1.8715,0.00027796,0.00027796,0,0,0,0
50,0.00503,1.8886,0.00033494,0.00033494,0,0,0,0
50.5,0.005084,1.9049,0.00026696,0.00026696,0,0,0,0
51,0.005419,1.9201,0.00048688,0.00048688,0,0,0,0
51.5,0.0055,1.9362,0.00054785,0.00054785,0,0,0,0
52,0.005666,1.9525,0.00032095,0.00032095,0,0,0,0
52.5,0.005731,1.9678,0.00042991,0.00042991,0,0,0,0
53,0.005995,1.9812,0.00036893,0.00036893,0,0,0,0
53.5,0.006077,1.9965,0.00055085,0.00055085,0,0,0,0
54,0.006428,2.0138,0.00039892,0.00039892,0,0,0,0
54.5,0.005962,2.0303,0.00058483,0.00058483,0,0,0,0
55,0.006132,2.0451,0.00057883,0.00057883,0,0,0,0
55.5,0.005845,2.0598,0.00042291,0.00042291,0,0,0,0
56,0.005812,2.0755,0.00038593,0.00038593,0,0,0,0
56.5,0.005839,2.0923,0.00011899,0.00011899,0,0,0,0
57,0.005762,2.1079,0.00025397,0.00025397,0,0,0,0
57.5,0.005702,2.1225,9.4995e-05,9.4995e-05,0,0,0,0
58,0.005594,2.1371,0.00011599,0.00011599,0,0,0,0
58.5,0.005848,2.1525,0.00027396,0.00027396,0,0,0,0
59,0.005916,2.167,8.4996e-05,8.4996e-05,0,0,0,0
59.5,0.005684,2.1826,0.00021998,0.00021998,0,0,0,0
60,0.006076,2.1976,0.00032495,0.00032495,0,0,0,0
60.5,0.006435,2.2131,0.00036593,0.00036593,0,0,0,0
61,0.006712,2.2281,0.00042991,0.00042991,0,0,0,0
61.5,0.006885,2.2436,0.00036593,0.00036593,0,0,0,0
62,0.006835,2.2579,0.00051787,0.00051787,0,0,0,0
62.5,0.006914,2.2724,0.00049088,0.00049088,0,0,0,0
63,0.00735,2.2879,0.00061581,0.00061581,0,0,0,0
63.5,0.007043,2.3043,0.00059882,0.00059882,0,0,0,0
64,0.007395,2.3203,0.00067277,0.00067277,0,0,0,0
64.5,0.007436,2.3352,0.00065578,0.00065578,0,0,0,0
65,0.007325,2.3508,0.00051087,0.00051087,0,0,0,0
65.5,0.007353,2.3666,0.0006288,0.0006288,0,0,0,0
66,0.007012,2.3804,0.00038293,0.00038293,0,0,0,0
66.5,0.006941,2.3931,0.00041991,0.00041991,0,0,0,0
67,0.007077,2.4081,0.00035894,0.00035894,0,0,0,0
67.5,0.006905,2.4242,0.00051187,0.00051187,0,0,0,0
68,0.006964,2.4386,0.00032195,0.00032195,0,0,0,0
68.5,0.006968,2.4529,0.00054185,0.00054185,0,0,0,0
69,0.006962,2.4694,0.00035594,0.00035594,0,0,0,0
69.5,0.006996,2.4854,0.00048388,0.00048388,0,0,0,0
70,0.007409,2.4995,0.00041991,0.00041991,0,0,0,0
70.5,0.00747,2.5134,0.00052786,0.00052786,0,0,0,0
71,0.007532,2.529,0.0004399,0.0004399,0,0,0,0
71.5,0.007624,2.5448,0.00053186,0.00053186,0,0,0,0
72,0.008125,2.5602,0.00061581,0.00061581,0,0,0,0
72.5,0.008179,2.5751,0.00067377,0.00067377,0,0,0,0
73,0.008376,2.5896,0.00059982,0.00059982,0,0,0,0
73.5,0.008526,2.604,0.00084964,0.00084964,0,0,0,0
74,0.008823,2.6192,0.0004539,0.0004539,0,0,0,0
74.5,0.008865,2.6335,0.00061981,0.00061981,0,0,0,0
75,0.008984,2.6466,0.00084564,0.00084564,0,0,0,0
75.5,0.008795,2.6618,0.00052186,0.00052186,0,0,0,0
76,0.00864,2.6773,0.00060282,0.00060282,0,0,0,0
76.5,0.008661,2.6926,0.00071375,0.00071375,0,0,0,0
77,0.008716,2.7064,0.00068077,0.00068077,0,0,0,0
77.5,0.008328,2.7212,0.00073473,0.00073473,0,0,0,0
78,0.008231,2.735,0.00053586,0.00053586,0,0,0,0
78.5,0.008191,2.7496,0.00036693,0.00036693,0,0,0,0
79,0.008303,2.7637,0.00060382,0.00060382,0,0,0,0
79.5,0.008307,2.7781,0.00057284,0.00057284,0,0,0,0
80,0.008382,2.7922,0.00047189,0.00047189,0,0,0,0
80.5,0.008566,2.8069,0.00037393,0.00037393,0,0,0,0
81,0.008428,2.8219,0.00057583,0.00057583,0,0,0,0
81.5,0.00874,2.8371,0.00030295,0.00030295,0,0,0,0
82,0.009017,2.8515,0.00064679,0.00064679,0,0,0,0
82.5,0.009238,2.8647,0.00027496,0.00027496,0,0,0,0
83,0.009689,2.8784,0.00055285,0.00055285,0,0,0,0
83.5,0.009717,2.893,0.00056584,0.00056584,0,0,0,0
84,0.010031,2.908,0.00078869,0.00078869,0,0,0,0
84.5,0.010255,2.9232,0.00064779,0.00064779,0,0,0,0
85,0.010439,2.9384,0.00094855,0.00094855,0,0,0,0
85.5,0.010287,2.953,0.00081966,0.00081966,0,0,0,0
86,0.010437,2.9668,0.00081667,0.00081667,0,0,0,0
86.5,0.01033,2.9808,0.00086762,0.00086762,0,0,0,0
87,0.010161,2.9952,0.00096254,0.00096254,0,0,0,0
87.5,0.01004,3.0105,0.00055285,0.00055285,0,0,0,0
88,0.009794,3.0261,0.00091458,0.00091458,0,0,0,0
88.5,0.010005,3.0401,0.00061081,0.00061081,0,0,0,0
89,0.009662,3.0531,0.00069576,0.00069576,0,0,0,0
89.5,0.009517,3.0666,0.0006278,0.0006278,0,0,0,0
90,0.009559,3.0813,0.00071574,0.00071574,0,0,0,0
90.5,0.009827,3.0953,0.00058383,0.00058383,0,0,0,0
91,0.009808,3.1096,0.00054685,0.00054685,0,0,0,0
91.5,0.010059,3.1238,0.00052686,0.00052686,0,0,0,0
92,0.009979,3.1393,0.00061081,0.00061081,0,0,0,0
92.5,0.010524,3.1536,0.00060782,0.00060782,0,0,0,0
93,0.010792,3.1665,0.00069876,0.00069876,0,0,0,0
93.5,0.010773,3.1783,0.00090859,0.00090859,0,0,0,0
94,0.011585,3.1933,0.00061481,0.00061481,0,0,0,0
94.5,0.011614,3.2095,0.0008986,0.0008986,0,0,0,0
95,0.011763,3.2245,0.00085863,0.00085863,0,0,0,0
95.5,0.01192,3.2383,0.00076371,0.00076371,0,0,0,0
96,0.011961,3.2526,0.0010065,0.0010065,0,0,0,0
96.5,0.011872,3.2677,0.00085164,0.00085164,0,0,0,0
97,0.01168,3.2819,0.00075372,0.00075372,0,0,0,0
97.5,0.011735,3.2958,0.0010135,0.0010135,0,0,0,0
98,0.011672,3.3104,0.00094256,0.00094256,0,0,0,0
98.5,0.011467,3.3251,0.00084165,0.00084165,0,0,0,0
99,0.011214,3.3391,0.0007767,0.0007767,0,0,0,0
99.5,0.010814,3.3535,0.00082466,0.00082466,0,0,0,0
100,0.011061,3.3679,0.0008986,0.0008986,0,0,0,0
100.5,0.01084,3.3818,0.00076371,0.00076371,0,0,0,0
101,0.011247,3.3961,0.0007707,0.0007707,0,0,0,0
101.5,0.0112,3.4099,0.00080767,0.00080767,0,0,0,0
102,0.011232,3.4232,0.00075272,0.00075272,0,0,0,0
102.5,0.0115,3.4368,0.00074672,0.00074672,0,0,0,0
103,0.011731,3.4514,0.00094555,0.00094555,0,0,0,0
103.5,0.012097,3.4672,0.00073273,0.00073273,0,0,0,0
104,0.011987,3.4827,0.0006278,0.0006278,0,0,0,0
104.5,0.012491,3.4976,0.0010035,0.0010035,0,0,0,0
105,0.013223,3.5102,0.00091958,0.00091958,0,0,0,0
105.5,0.012889,3.5243,0.0008916,0.0008916,0,0,0,0
106,0.013363,3.5381,0.00098951,0.00098951,0,0,0,0
106.5,0.013435,3.552,0.00079468,0.00079468,0,0,0,0
107,0.013464,3.5656,0.0011184,0.0011184,0,0,0,0
107.5,0.013572,3.5799,0.0012372,0.0012372,0,0,0,0
108,0.013321,3.5938,0.0010165,0.0010165,0,0,0,0
108.5,0.012997,3.6069,0.0010504,0.0010504,0,0,0,0
109,0.012948,3.6213,0.0010804,0.0010804,0,0,0,0
109.5,0.012882,3.6363,0.0011623,0.0011623,0,0,0,0
110,0.012477,3.6508,0.0011523,0.0011523,0,0,0,0
110.5,0.012546,3.6631,0.0010514,0.0010514,0,0,0,0
111,0.012445,3.6755,0.0010514,0.0010514,0,0,0,0
111.5,0.012581,3.69,0.0011184,0.0011184,0,0,0,0
112,0.012516,3.7055,0.0010844,0.0010844,0,0,0,0
112.5,0.012551,3.7194,0.00084864,0.00084864,0,0,0,0
113,0.012553,3.7325,0.00091658,0.00091658,0,0,0,0
113.5,0.012959,3.7463,0.0010854,0.0010854,0,0,0,0
114,0.01296,3.7607,0.0010854,0.0010854,0,0,0,0
114.5,0.013198,3.7747,0.0010175,0.0010175,0,0,0,0
115,0.013673,3.7893,0.0010175,0.0010175,0,0,0,0
115.5,0.014147,3.804,0.00098452,0.00098452,0,0,0,0
116,0.014351,3.8194,0.00098352,0.00098352,0,0,0,0
116.5,0.014419,3.8325,0.0010514,0.0010514,0,0,0,0
117,0.014826,3.8453,0.0011194,0.0011194,0,0,0,0
117.5,0.015098,3.8602,0.0013551,0.0013551,0,0,0,0
118,0.014829,3.8762,0.0012203,0.0012203,0,0,0,0
118.5,0.014864,3.8883,0.0015238,0.0015238,0,0,0,0
119,0.014832,3.8991,0.0014899,0.0014899,0,0,0,0
119.5,0.015036,3.9112,0.0012542,0.0012542,0,0,0,0
120,0.014056,3.9242,0.0015917,0.0015917,0,0,0,0
120.5,0.014159,3.9388,0.001389,0.001389,0,0,0,0
121,0.014295,3.954,0.0013551,0.0013551,0,0,0,0
121.5,0.01379,3.9682,0.0012542,0.0012542,0,0,0,0
122,0.013623,3.9814,0.0012882,0.0012882,0,0,0,0
122.5,0.01386,3.9963,0.00095055,0.00095055,0,0,0,0
123,0.013694,4.0101,0.0010524,0.0010524,0,0,0,0
123.5,0.013763,4.0227,0.0012542,0.0012542,0,0,0,0
124,0.014102,4.0349,0.0011533,0.0011533,0,0,0,0
124.5,0.014273,4.0483,0.0010524,0.0010524,0,0,0,0
125,0.014408,4.0623,0.0010185,0.0010185,0,0,0,0
125.5,0.014951,4.0753,0.0010185,0.0010185,0,0,0,0
126,0.014885,4.0888,0.00088361,0.00088361,0,0,0,0
126.5,0.015258,4.1051,0.00081567,0.00081567,0,0,0,0
127,0.015632,4.1214,0.00095055,0.00095055,0,0,0,0
127.5,0.015903,4.1342,0.0012552,0.0012552,0,0,0,0
128,0.01631,4.1468,0.0011543,0.0011543,0,0,0,0
128.5,0.016109,4.1606,0.0011194,0.0011194,0,0,0,0
129,0.016178,4.1741,0.0012552,0.0012552,0,0,0,0
129.5,0.016146,4.1869,0.00139,0.00139,0,0,0,0
130,0.016417,4.1996,0.0012213,0.0012213,0,0,0,0
130.5,0.016014,4.2129,0.0012892,0.0012892,0,0,0,0
131,0.01561,4.227,0.0012892,0.0012892,0,0,0,0
131.5,0.015647,4.2423,0.0013231,0.0013231,0,0,0,0
132,0.015445,4.2563,0.0012552,0.0012552,0,0,0,0
132.5,0.015481,4.2698,0.0012213,0.0012213,0,0,0,0
133,0.015078,4.2817,0.0012223,0.0012223,0,0,0,0
133.5,0.015145,4.2941,0.0012223,0.0012223,0,0,0,0
134,0.015114,4.3071,0.00098551,0.00098551,0,0,0,0
134.5,0.015353,4.3204,0.0012223,0.0012223,0,0,0,0
135,0.015388,4.3338,0.0010874,0.0010874,0,0,0,0
135.5,0.015559,4.3467,0.00088561,0.00088561,0,0,0,0
136,0.015931,4.3613,0.0011883,0.0011883,0,0,0,0
136.5,0.016271,4.3759,0.00085164,0.00085164,0,0,0,0
137,0.016577,4.39,0.0010874,0.0010874,0,0,0,0
137.5,0.016578,4.4028,0.0012223,0.0012223,0,0,0,0
138,0.016884,4.4159,0.0011553,0.0011553,0,0,0,0
138.5,0.017426,4.4296,0.0013231,0.0013231,0,0,0,0
139,0.01753,4.4437,0.0010534,0.0010534,0,0,0,0
139.5,0.017463,4.4584,0.0010874,0.0010874,0,0,0,0
140,0.017668,4.4725,0.0012223,0.0012223,0,0,0,0
140.5,0.017501,4.4877,0.0012902,0.0012902,0,0,0,0
141,0.017805,4.5012,0.001391,0.001391,0,0,0,0
141.5,0.017503,4.5139,0.0013241,0.0013241,0,0,0,0
142,0.01737,4.5282,0.0015937,0.0015937,0,0,0,0
142.5,0.017101,4.5434,0.0014589,0.0014589,0,0,0,0
143,0.017001,4.5562,0.001426,0.001426,0,0,0,0
143.5,0.016833,4.5666,0.0012572,0.0012572,0,0,0,0
144,0.016801,4.5792,0.0012902,0.0012902,0,0,0,0
144.5,0.0166,4.5933,0.001426,0.001426,0,0,0,0
145,0.016702,4.6084,0.0012582,0.0012582,0,0,0,0
145.5,0.016739,4.622,0.0012922,0.0012922,0,0,0,0
146,0.016672,4.6359,0.0012582,0.0012582,0,0,0,0
146.5,0.016911,4.649,0.0014609,0.0014609,0,0,0,0
147,0.017216,4.662,0.0011573,0.0011573,0,0,0,0
147.5,0.01759,4.6757,0.0010884,0.0010884,0,0,0,0
148,0.017761,4.6897,0.0011903,0.0011903,0,0,0,0
148.5,0.017896,4.7031,0.0010554,0.0010554,0,0,0,0
149,0.018439,4.7165,0.0011573,0.0011573,0,0,0,0
149.5,0.01827,4.7315,0.0011903,0.0011903,0,0,0,0
150,0.018542,4.7451,0.0013261,0.0013261,0,0,0,0
150.5,0.018579,4.7578,0.0012922,0.0012922,0,0,0,0
151,0.018883,4.7703,0.001427,0.001427,0,0,0,0
151.5,0.019124,4.7845,0.001428,0.001428,0,0,0,0
152,0.019293,4.7982,0.001427,0.001427,0,0,0,0
152.5,0.019025,4.8103,0.0015288,0.0015288,0,0,0,0
153,0.01923,4.823,0.0015298,0.0015298,0,0,0,0
153.5,0.018758,4.8366,0.0015967,0.0015967,0,0,0,0
154,0.018556,4.8505,0.0017315,0.0017315,0,0,0,0
154.5,0.018524,4.8647,0.0016646,0.0016646,0,0,0,0
155,0.018357,4.8791,0.0016646,0.0016646,0,0,0,0
155.5,0.018224,4.8921,0.0018004,0.0018004,0,0,0,0
156,0.018089,4.9045,0.0016986,0.0016986,0,0,0,0
156.5,0.018125,4.9193,0.0012602,0.0012602,0,0,0,0
157,0.018296,4.9333,0.0012942,0.0012942,0,0,0,0
157.5,0.018332,4.946,0.0014639,0.0014639,0,0,0,0
158,0.018401,4.9577,0.0015308,0.0015308,0,0,0,0
158.5,0.018571,4.9725,0.0012602,0.0012602,0,0,0,0
159,0.018946,4.9872,0.0015308,0.0015308,0,0,0,0
159.5,0.019216,5.0015,0.0014639,0.0014639,0,0,0,0
160,0.019624,5.0138,0.0013631,0.0013631,0,0,0,0
160.5,0.019897,5.0259,0.001396,0.001396,0,0,0,0
161,0.020067,5.0386,0.0012592,0.0012592,0,0,0,0
161.5,0.020407,5.0522,0.001397,0.001397,0,0,0,0
162,0.020475,5.0663,0.0015638,0.0015638,0,0,0,0
162.5,0.02068,5.0791,0.001429,0.001429,0,0,0,0
163,0.021089,5.0918,0.00143,0.00143,0,0,0,0
163.5,0.021023,5.1053,0.0016996,0.0016996,0,0,0,0
164,0.020619,5.1199,0.0018014,0.0018014,0,0,0,0
164.5,0.020046,5.1328,0.0014629,0.0014629,0,0,0,0
165,0.020318,5.145,0.0018333,0.0018333,0,0,0,0
165.5,0.020997,5.1585,0.0018343,0.0018343,0,0,0,0
166,0.019713,5.1782,0.0016996,0.0016996,0,0,0,0
166.5,0.020053,5.1946,0.0019012,0.0019012,0,0,0,0
167,0.01992,5.2047,0.0018004,0.0018004,0,0,0,0
167.5,0.020193,5.2133,0.0019701,0.0019701,0,0,0,0
168,0.020938,5.2272,0.0016996,0.0016996,0,0,0,0
168.5,0.020061,5.2407,0.0017664,0.0017664,0,0,0,0
169,0.019963,5.2532,0.0015977,0.0015977,0,0,0,0
169.5,0.0201,5.2668,0.0019012,0.0019012,0,0,0,0
170,0.020574,5.2804,0.0018004,0.0018004,0,0,0,0
170.5,0.020948,5.2929,0.0017684,0.0017684,0,0,0,0
171,0.021018,5.3052,0.0017664,0.0017664,0,0,0,0
171.5,0.021628,5.3186,0.0017674,0.0017674,0,0,0,0
172,0.021664,5.3336,0.0017994,0.0017994,0,0,0,0
172.5,0.022173,5.3479,0.0016317,0.0016317,0,0,0,0
173,0.021972,5.3632,0.0017674,0.0017674,0,0,0,0
173.5,0.02238,5.3779,0.0018343,0.0018343,0,0,0,0
174,0.022347,5.3918,0.0016996,0.0016996,0,0,0,0
174.5,0.022417,5.4042,0.0018683,0.0018683,0,0,0,0
175,0.022454,5.4166,0.0017674,0.0017674,0,0,0,0
175.5,0.022693,5.4302,0.0019032,0.0019032,0,0,0,0
176,0.02249,5.4436,0.0018343,0.0018343,0,0,0,0
176.5,0.022324,5.4578,0.0020709,0.0020709,0,0,0,0
177,0.022495,5.4722,0.0019032,0.0019032,0,0,0,0
177.5,0.022193,5.487,0.0022734,0.0022734,0,0,0,0
178,0.022059,5.5008,0.0021038,0.0021038,0,0,0,0
178.5,0.021656,5.5139,0.002441,0.002441,0,0,0,0
179,0.021759,5.5278,0.0023403,0.0023403,0,0,0,0
179.5,0.021355,5.5422,0.0022395,0.0022395,0,0,0,0
180,0.021763,5.5562,0.0019701,0.0019701,0,0,0,0
180.5,0.021967,5.5679,0.0021048,0.0021048,0,0,0,0
181,0.022137,5.582,0.0019361,0.0019361,0,0,0,0
181.5,0.022004,5.5973,0.0021048,0.0021048,0,0,0,0
182,0.022445,5.6123,0.0020719,0.0020719,0,0,0,0
182.5,0.022853,5.6245,0.002004,0.002004,0,0,0,0
183,0.023127,5.6363,0.002004,0.002004,0,0,0,0
183.5,0.022824,5.6488,0.0019701,0.0019701,0,0,0,0
184,0.023332,5.6629,0.0017674,0.0017674,0,0,0,0
184.5,0.023907,5.6775,0.0018693,0.0018693,0,0,0,0
185,0.02418,5.6921,0.0021377,0.0021377,0,0,0,0
185.5,0.024217,5.7071,0.0017674,0.0017674,0,0,0,0
186,0.024285,5.72,0.0019361,0.0019361,0,0,0,0
186.5,0.024287,5.7339,0.002004,0.002004,0,0,0,0
187,0.024019,5.7479,0.0020709,0.0020709,0,0,0,0
187.5,0.023986,5.7615,0.0019701,0.0019701,0,0,0,0
188,0.023988,5.7749,0.0021716,0.0021716,0,0,0,0
188.5,0.02372,5.7886,0.0023403,0.0023403,0,0,0,0
189,0.02379,5.802,0.0023393,0.0023393,0,0,0,0
189.5,0.023523,5.8149,0.0023732,0.0023732,0,0,0,0
190,0.023254,5.8318,0.0024071,0.0024071,0,0,0,0
190.5,0.022848,5.847,0.0024759,0.0024759,0,0,0,0
191,0.023258,5.8598,0.0023742,0.0023742,0,0,0,0
191.5,0.023159,5.8694,0.0022395,0.0022395,0,0,0,0
192,0.023566,5.8813,0.002004,0.002004,0,0,0,0
192.5,0.02367,5.8944,0.0020719,0.0020719,0,0,0,0
193,0.023602,5.9086,0.0021397,0.0021397,0,0,0,0
193.5,0.024247,5.9233,0.0021736,0.0021736,0,0,0,0
194,0.02408,5.9374,0.0021397,0.0021397,0,0,0,0
194.5,0.024453,5.9509,0.0021397,0.0021397,0,0,0,0
195,0.024794,5.9644,0.0018353,0.0018353,0,0,0,0
195.5,0.024964,5.9789,0.0018702,0.0018702,0,0,0,0
196,0.025067,5.9915,0.0019371,0.0019371,0,0,0,0
196.5,0.025408,6.0035,0.002005,0.002005,0,0,0,0
197,0.025376,6.0166,0.0020379,0.0020379,0,0,0,0
197.5,0.025547,6.0316,0.002005,0.002005,0,0,0,0
198,0.025685,6.0465,0.0020379,0.0020379,0,0,0,0
198.5,0.025855,6.0602,0.0021397,0.0021397,0,0,0,0
199,0.025587,6.0733,0.0022405,0.0022405,0,0,0,0
199.5,0.025893,6.0865,0.0021736,0.0021736,0,0,0,0
200,0.025489,6.1013,0.0023083,0.0023083,0,0,0,0
200.5,0.02566,6.1157,0.0023423,0.0023423,0,0,0,0
201,0.025663,6.1285,0.0023423,0.0023423,0,0,0,0
201.5,0.02526,6.1397,0.0023423,0.0023423,0,0,0,0
202,0.025295,6.1519,0.0025108,0.0025108,0,0,0,0
202.5,0.025367,6.1667,0.0023433,0.0023433,0,0,0,0
203,0.025334,6.1824,0.0022764,0.0022764,0,0,0,0
203.5,0.025168,6.1968,0.0025787,0.0025787,0,0,0,0
204,0.02571,6.2097,0.0024111,0.0024111,0,0,0,0
204.5,0.025947,6.2232,0.0020399,0.0020399,0,0,0,0
205,0.02602,6.2369,0.002006,0.002006,0,0,0,0
205.5,0.026021,6.2502,0.0019721,0.0019721,0,0,0,0
206,0.026496,6.2643,0.0019741,0.0019741,0,0,0,0
206.5,0.026702,6.279,0.002007,0.002007,0,0,0,0
207,0.027211,6.2929,0.0019731,0.0019731,0,0,0,0
207.5,0.026809,6.3063,0.0019731,0.0019731,0,0,0,0
208,0.027214,6.3203,0.0021078,0.0021078,0,0,0,0
208.5,0.027523,6.3335,0.0019391,0.0019391,0,0,0,0
209,0.02776,6.3468,0.0021417,0.0021417,0,0,0,0
209.5,0.027593,6.3614,0.0023103,0.0023103,0,0,0,0
210,0.027494,6.375,0.0022425,0.0022425,0,0,0,0
210.5,0.027835,6.3879,0.0023443,0.0023443,0,0,0,0
211,0.028548,6.4007,0.0023443,0.0023443,0,0,0,0
211.5,0.026452,6.4158,0.0023782,0.0023782,0,0,0,0
212,0.02791,6.4297,0.0025138,0.0025138,0,0,0,0
212.5,0.028082,6.4439,0.0023103,0.0023103,0,0,0,0
213,0.027779,6.4585,0.0025807,0.0025807,0,0,0,0
213.5,0.027781,6.4742,0.0026834,0.0026834,0,0,0,0
214,0.027548,6.4887,0.0027502,0.0027502,0,0,0,0
214.5,0.027379,6.5025,0.0028499,0.0028499,0,0,0,0
215,0.027347,6.5163,0.0025817,0.0025817,0,0,0,0
215.5,0.027755,6.5283,0.0023462,0.0023462,0,0,0,0
216,0.027859,6.5406,0.0024151,0.0024151,0,0,0,0
216.5,0.028268,6.5543,0.002449,0.002449,0,0,0,0
217,0.028304,6.5706,0.0021776,0.0021776,0,0,0,0
217.5,0.02844,6.5847,0.0022814,0.0022814,0,0,0,0
218,0.028848,6.5987,0.0019411,0.0019411,0,0,0,0
218.5,0.028749,6.6108,0.0022455,0.0022455,0,0,0,0
219,0.02909,6.6233,0.0023153,0.0023153,0,0,0,0
219.5,0.029157,6.6362,0.0022116,0.0022116,0,0,0,0
220,0.029261,6.6508,0.00245,0.00245,0,0,0,0
220.5,0.029567,6.6659,0.0022126,0.0022126,0,0,0,0
221,0.029569,6.6807,0.0022475,0.0022475,0,0,0,0
221.5,0.029707,6.6955,0.0025497,0.0025497,0,0,0,0
222,0.029878,6.709,0.0024141,0.0024141,0,0,0,0
222.5,0.029813,6.7234,0.00245,0.00245,0,0,0,0
223,0.029781,6.7381,0.0025507,0.0025507,0,0,0,0
223.5,0.029682,6.7518,0.00282,0.00282,0,0,0,0
224,0.029685,6.7662,0.0029875,0.0029875,0,0,0,0
224.5,0.02999,6.7809,0.0027871,0.0027871,0,0,0,0
225,0.030026,6.7964,0.0026535,0.0026535,0,0,0,0
225.5,0.029994,6.8104,0.0029207,0.0029207,0,0,0,0
226,0.03003,6.8246,0.0030563,0.0030563,0,0,0,0
226.5,0.030269,6.8366,0.0027203,0.0027203,0,0,0,0
227,0.030134,6.8498,0.002821,0.002821,0,0,0,0
227.5,0.030206,6.864,0.0027213,0.0027213,0,0,0,0
228,0.030477,6.8795,0.0028539,0.0028539,0,0,0,0
228.5,0.030308,6.8933,0.002823,0.002823,0,0,0,0
229,0.030581,6.9073,0.0027871,0.0027871,0,0,0,0
229.5,0.030886,6.922,0.0026535,0.0026535,0,0,0,0
230,0.031127,6.9366,0.0027223,0.0027223,0,0,0,0
230.5,0.031264,6.9504,0.0027572,0.0027572,0,0,0,0
231,0.031399,6.964,0.0026545,0.0026545,0,0,0,0
231.5,0.031233,6.9782,0.0027552,0.0027552,0,0,0,0
232,0.031707,6.9915,0.0025537,0.0025537,0,0,0,0
232.5,0.03154,7.0053,0.0027562,0.0027562,0,0,0,0
233,0.031544,7.0198,0.0028908,0.0028908,0,0,0,0
233.5,0.031715,7.0348,0.0026216,0.0026216,0,0,0,0
234,0.032122,7.0484,0.0028898,0.0028898,0,0,0,0
234.5,0.031956,7.0607,0.002823,0.002823,0,0,0,0
235,0.031891,7.0755,0.0029227,0.0029227,0,0,0,0
235.5,0.031858,7.0922,0.0031261,0.0031261,0,0,0,0
236,0.031454,7.1072,0.0031939,0.0031939,0,0,0,0
236.5,0.031559,7.1203,0.0032607,0.0032607,0,0,0,0
237,0.031493,7.1345,0.0031261,0.0031261,0,0,0,0
237.5,0.031697,7.1493,0.0032278,0.0032278,0,0,0,0
238,0.032072,7.1629,0.0032268,0.0032268,0,0,0,0
238.5,0.032378,7.1802,0.0032946,0.0032946,0,0,0,0
239,0.032548,7.1974,0.0033952,0.0033952,0,0,0,0
239.5,0.03282,7.2112,0.0029925,0.0029925,0,0,0,0
240,0.032889,7.2215,0.0033285,0.0033285,0,0,0,0
240.5,0.033061,7.2354,0.0028569,0.0028569,0,0,0,0
241,0.03303,7.2512,0.0031261,0.0031261,0,0,0,0
241.5,0.033335,7.2655,0.0030603,0.0030603,0,0,0,0
242,0.033539,7.2798,0.0030264,0.0030264,0,0,0,0
242.5,0.033645,7.2952,0.0030264,0.0030264,0,0,0,0
243,0.033916,7.3114,0.0030593,0.0030593,0,0,0,0
243.5,0.033617,7.3244,0.003158,0.003158,0,0,0,0
244,0.033853,7.3376,0.0028908,0.0028908,0,0,0,0
244.5,0.034192,7.3506,0.0031939,0.0031939,0,0,0,0
245,0.034162,7.3654,0.0032617,0.0032617,0,0,0,0
245.5,0.034197,7.3806,0.0033295,0.0033295,0,0,0,0
246,0.034201,7.3962,0.0031929,0.0031929,0,0,0,0
246.5,0.034236,7.4101,0.0033613,0.0033613,0,0,0,0
247,0.034442,7.4239,0.0036324,0.0036324,0,0,0,0
247.5,0.034951,7.4383,0.003463,0.003463,0,0,0,0
248,0.034851,7.4533,0.0037659,0.0037659,0,0,0,0
248.5,0.034821,7.4686,0.0036304,0.0036304,0,0,0,0
249,0.034923,7.4829,0.0036643,0.0036643,0,0,0,0
249.5,0.034994,7.4961,0.0037669,0.0037669,0,0,0,0
250,0.035269,7.5089,0.0038336,0.0038336,0,0,0,0
250.5,0.035302,7.5225,0.0038336,0.0038336,0,0,0,0
251,0.035441,7.5377,0.003462,0.003462,0,0,0,0
251.5,0.035409,7.5535,0.0036653,0.0036653,0,0,0,0
252,0.035578,7.5693,0.0035656,0.0035656,0,0,0,0
252.5,0.035515,7.5835,0.0034291,0.0034291,0,0,0,0
253,0.035956,7.5976,0.0031929,0.0031929,0,0,0,0
253.5,0.035857,7.6114,0.0034979,0.0034979,0,0,0,0
254,0.036029,7.6267,0.0034301,0.0034301,0,0,0,0
254.5,0.036336,7.6415,0.0033962,0.0033962,0,0,0,0
255,0.036339,7.6552,0.0033952,0.0033952,0,0,0,0
255.5,0.036679,7.6692,0.0032946,0.0032946,0,0,0,0
256,0.036783,7.6846,0.0035636,0.0035636,0,0,0,0
256.5,0.036751,7.6997,0.0034301,0.0034301,0,0,0,0
257,0.037023,7.7139,0.0036653,0.0036653,0,0,0,0
257.5,0.037061,7.728,0.0036314,0.0036314,0,0,0,0
258,0.037399,7.742,0.0036991,0.0036991,0,0,0,0
258.5,0.037639,7.7564,0.0038326,0.0038326,0,0,0,0
259,0.037742,7.7723,0.0038994,0.0038994,0,0,0,0
259.5,0.038183,7.788,0.0039671,0.0039671,0,0,0,0
260,0.037815,7.8022,0.0041026,0.0041026,0,0,0,0
260.5,0.03812,7.8158,0.0043376,0.0043376,0,0,0,0
261,0.038089,7.8301,0.0043366,0.0043366,0,0,0,0
261.5,0.038089,7.8447,0.0041026,0.0041026,0,0,0,0
262,0.038296,7.8596,0.0044391,0.0044391,0,0,0,0
262.5,0.038163,7.8747,0.0041344,0.0041344,0,0,0,0
263,0.038332,7.8888,0.0037988,0.0037988,0,0,0,0
263.5,0.038302,7.9029,0.0038665,0.0038665,0,0,0,0
264,0.038573,7.9178,0.0038675,0.0038675,0,0,0,0
264.5,0.038441,7.9323,0.0036982,0.0036982,0,0,0,0
265,0.038714,7.9462,0.0039014,0.0039014,0,0,0,0
265.5,0.03885,7.9606,0.0037998,0.0037998,0,0,0,0
266,0.038887,7.9752,0.0039352,0.0039352,0,0,0,0
266.5,0.039091,7.9905,0.0041036,0.0041036,0,0,0,0
267,0.039499,8.0066,0.0036982,0.0036982,0,0,0,0
267.5,0.039401,8.0221,0.0038675,0.0038675,0,0,0,0
268,0.039773,8.037,0.0040348,0.0040348,0,0,0,0
268.5,0.039978,8.0514,0.0041364,0.0041364,0,0,0,0
269,0.040351,8.0657,0.0040687,0.0040687,0,0,0,0
269.5,0.040521,8.0793,0.0043386,0.0043386,0,0,0,0
270,0.040795,8.0946,0.0042719,0.0042719,0,0,0,0
270.5,0.041032,8.1108,0.0043037,0.0043037,0,0,0,0
271,0.041102,8.1276,0.0045058,0.0045058,0,0,0,0
271.5,0.041172,8.1415,0.0047079,0.0047079,0,0,0,0
272,0.041175,8.1541,0.0047756,0.0047756,0,0,0,0
272.5,0.041176,8.1675,0.0048084,0.0048084,0,0,0,0
273,0.040975,8.183,0.0046741,0.0046741,0,0,0,0
273.5,0.041145,8.1975,0.0047089,0.0047089,0,0,0,0
274,0.041452,8.2102,0.0045407,0.0045407,0,0,0,0
274.5,0.041319,8.224,0.0044391,0.0044391,0,0,0,0
275,0.041557,8.2386,0.004237,0.004237,0,0,0,0
275.5,0.041423,8.254,0.004474,0.004474,0,0,0,0
276,0.041494,8.2695,0.0045078,0.0045078,0,0,0,0
276.5,0.041528,8.2846,0.0043396,0.0043396,0,0,0,0
277,0.041699,8.2976,0.0043057,0.0043057,0,0,0,0
277.5,0.04177,8.3103,0.0041374,0.0041374,0,0,0,0
278,0.042141,8.3247,0.0042729,0.0042729,0,0,0,0
278.5,0.042349,8.3395,0.0042729,0.0042729,0,0,0,0
279,0.042552,8.3567,0.0044063,0.0044063,0,0,0,0
279.5,0.042925,8.3721,0.004473,0.004473,0,0,0,0
280,0.043299,8.3861,0.0047437,0.0047437,0,0,0,0
280.5,0.043673,8.3986,0.0048104,0.0048104,0,0,0,0
281,0.043912,8.4146,0.0048452,0.0048452,0,0,0,0
281.5,0.044318,8.4305,0.0050124,0.0050124,0,0,0,0
282,0.044523,8.4451,0.0048781,0.0048781,0,0,0,0
282.5,0.044356,8.4584,0.0049786,0.0049786,0,0,0,0
283,0.044559,8.4724,0.0051786,0.0051786,0,0,0,0
283.5,0.044664,8.4885,0.0051796,0.0051796,0,0,0,0
284,0.044968,8.5042,0.0054839,0.0054839,0,0,0,0
284.5,0.044869,8.5201,0.0052144,0.0052144,0,0,0,0
285,0.044836,8.5347,0.0052492,0.0052492,0,0,0,0
285.5,0.0445,8.5497,0.0048781,0.0048781,0,0,0,0
286,0.044705,8.5635,0.0050144,0.0050144,0,0,0,0
286.5,0.044607,8.5778,0.0048114,0.0048114,0,0,0,0
287,0.044776,8.5948,0.0047776,0.0047776,0,0,0,0
287.5,0.045015,8.6113,0.0048452,0.0048452,0,0,0,0
288,0.044917,8.6264,0.0048452,0.0048452,0,0,0,0
288.5,0.045157,8.6399,0.0046104,0.0046104,0,0,0,0
289,0.045629,8.6545,0.0048452,0.0048452,0,0,0,0
289.5,0.045901,8.6682,0.0045765,0.0045765,0,0,0,0
290,0.046073,8.684,0.0047786,0.0047786,0,0,0,0
290.5,0.046175,8.7005,0.0051139,0.0051139,0,0,0,0
291,0.046921,8.7152,0.0049467,0.0049467,0,0,0,0
291.5,0.047124,8.7294,0.0052502,0.0052502,0,0,0,0
292,0.047667,8.7447,0.0054183,0.0054183,0,0,0,0
292.5,0.047974,8.7613,0.0054511,0.0054511,0,0,0,0
293,0.048177,8.7764,0.005653,0.005653,0,0,0,0
293.5,0.048213,8.7911,0.0057196,0.0057196,0,0,0,0
294,0.048417,8.8048,0.0057534,0.0057534,0,0,0,0
294.5,0.048656,8.8202,0.0060228,0.0060228,0,0,0,0
295,0.048523,8.8353,0.0059542,0.0059542,0,0,0,0
295.5,0.048355,8.8499,0.0057216,0.0057216,0,0,0,0
296,0.048157,8.8642,0.0055526,0.0055526,0,0,0,0
296.5,0.048156,8.8786,0.005654,0.005654,0,0,0,0
297,0.048193,8.8932,0.0055536,0.0055536,0,0,0,0
297.5,0.048227,8.9084,0.0055555,0.0055555,0,0,0,0
298,0.048566,8.9245,0.0053865,0.0053865,0,0,0,0
298.5,0.048607,8.9386,0.0053865,0.0053865,0,0,0,0
299,0.04847,8.9523,0.0055555,0.0055555,0,0,0,0
299.5,0.049284,8.9673,0.005286,0.005286,0,0,0,0
300,0.049422,8.9827,0.0054193,0.0054193,0,0,0,0
300.5,0.05003,8.9978,0.0056222,0.0056222,0,0,0,0
301,0.050067,9.0119,0.0056251,0.0056251,0,0,0,0
301.5,0.05044,9.0265,0.0055545,0.0055545,0,0,0,0
302,0.050847,9.0417,0.005826,0.005826,0,0,0,0
302.5,0.051456,9.0574,0.005655,0.005655,0,0,0,0
303,0.05183,9.0718,0.0059224,0.0059224,0,0,0,0
303.5,0.052002,9.0852,0.0060924,0.0060924,0,0,0,0
304,0.052239,9.0999,0.0061948,0.0061948,0,0,0,0
304.5,0.05241,9.1156,0.0063289,0.0063289,0,0,0,0
305,0.052752,9.1321,0.0064959,0.0064959,0,0,0,0
305.5,0.052954,9.1471,0.0065286,0.0065286,0,0,0,0
306,0.052687,9.1607,0.0066637,0.0066637,0,0,0,0
306.5,0.052383,9.1727,0.0067651,0.0067651,0,0,0,0
307,0.05259,9.1882,0.0064631,0.0064631,0,0,0,0
307.5,0.05276,9.2046,0.0065634,0.0065634,0,0,0,0
308,0.052728,9.2208,0.0063269,0.0063269,0,0,0,0
308.5,0.052835,9.2347,0.0063965,0.0063965,0,0,0,0
309,0.052697,9.2482,0.0060606,0.0060606,0,0,0,0
309.5,0.05287,9.2614,0.005994,0.005994,0,0,0,0
310,0.052973,9.2757,0.0063965,0.0063965,0,0,0,0
310.5,0.053278,9.292,0.0062971,0.0062971,0,0,0,0
311,0.053652,9.3068,0.0063975,0.0063975,0,0,0,0
311.5,0.054463,9.3222,0.006161,0.006161,0,0,0,0
312,0.054499,9.3381,0.0062951,0.0062951,0,0,0,0
312.5,0.054907,9.3551,0.006466,0.006466,0,0,0,0
313,0.055381,9.3699,0.0067998,0.0067998,0,0,0,0
313.5,0.055823,9.3846,0.0066985,0.0066985,0,0,0,0
314,0.056161,9.3992,0.0068346,0.0068346,0,0,0,0
314.5,0.056468,9.4133,0.0069349,0.0069349,0,0,0,0
315,0.056739,9.428,0.0069001,0.0069001,0,0,0,0
315.5,0.056909,9.443,0.007469,0.007469,0,0,0,0
316,0.057319,9.4583,0.007605,0.007605,0,0,0,0
316.5,0.057184,9.4735,0.0074373,0.0074373,0,0,0,0
317,0.057358,9.4881,0.0077062,0.0077062,0,0,0,0
317.5,0.057188,9.5013,0.0075375,0.0075375,0,0,0,0
318,0.057393,9.5154,0.0075713,0.0075713,0,0,0,0
318.5,0.057362,9.5309,0.0076735,0.0076735,0,0,0,0
319,0.057566,9.5458,0.0074383,0.0074383,0,0,0,0
319.5,0.057365,9.5598,0.0073718,0.0073718,0,0,0,0
320,0.057402,9.5747,0.0072715,0.0072715,0,0,0,0
320.5,0.057605,9.5902,0.007203,0.007203,0,0,0,0
321,0.05781,9.6054,0.0070372,0.0070372,0,0,0,0
321.5,0.058282,9.6223,0.0071375,0.0071375,0,0,0,0
322,0.058858,9.6384,0.0070362,0.0070362,0,0,0,0
322.5,0.058928,9.6523,0.0073698,0.0073698,0,0,0,0
323,0.059537,9.6652,0.007472,0.007472,0,0,0,0
323.5,0.059708,9.6799,0.0075405,0.0075405,0,0,0,0
324,0.06035,9.696,0.007606,0.007606,0,0,0,0
324.5,0.060793,9.7118,0.007739,0.007739,0,0,0,0
325,0.061032,9.7285,0.0078402,0.0078402,0,0,0,0
325.5,0.061269,9.7435,0.0080079,0.0080079,0,0,0,0
326,0.061577,9.7568,0.0081775,0.0081775,0,0,0,0
326.5,0.061915,9.7684,0.008477,0.008477,0,0,0,0
327,0.061882,9.7821,0.0083431,0.0083431,0,0,0,0
327.5,0.062288,9.7976,0.0083431,0.0083431,0,0,0,0
328,0.062357,9.8138,0.008477,0.008477,0,0,0,0
328.5,0.062428,9.8302,0.0086465,0.0086465,0,0,0,0
329,0.062971,9.8458,0.0085097,0.0085097,0,0,0,0
329.5,0.062669,9.8615,0.0085454,0.0085454,0,0,0,0
330,0.062703,9.8757,0.0083431,0.0083431,0,0,0,0
330.5,0.06311,9.8897,0.008478,0.008478,0,0,0,0
331,0.063079,9.9031,0.008111,0.008111,0,0,0,0
331.5,0.06355,9.9172,0.0080763,0.0080763,0,0,0,0
332,0.063656,9.9318,0.0082776,0.0082776,0,0,0,0
332.5,0.064028,9.9472,0.0080773,0.0080773,0,0,0,0
333,0.064435,9.9625,0.0082112,0.0082112,0,0,0,0
333.5,0.064811,9.9776,0.0080743,0.0080743,0,0,0,0
334,0.065146,9.9938,0.00811,0.00811,0,0,0,0
334.5,0.065622,10.008,0.0085791,0.0085791,0,0,0,0
335,0.065825,10.021,0.0085117,0.0085117,0,0,0,0
335.5,0.066469,10.033,0.0087793,0.0087793,0,0,0,0
336,0.066604,10.047,0.0088448,0.0088448,0,0,0,0
336.5,0.066911,10.064,0.0092818,0.0092818,0,0,0,0
337,0.067218,10.079,0.0090806,0.0090806,0,0,0,0
337.5,0.06759,10.093,0.0094155,0.0094155,0,0,0,0
338,0.067828,10.107,0.0096176,0.0096176,0,0,0,0
338.5,0.068134,10.125,0.0094482,0.0094482,0,0,0,0
339,0.068439,10.14,0.0095493,0.0095493,0,0,0,0
339.5,0.068643,10.155,0.009884,0.009884,0,0,0,0
340,0.068849,10.17,0.0094472,0.0094472,0,0,0,0
340.5,0.06895,10.184,0.0093819,0.0093819,0,0,0,0
341,0.069595,10.198,0.0093482,0.0093482,0,0,0,0
341.5,0.069865,10.211,0.0092154,0.0092154,0,0,0,0
342,0.069967,10.226,0.0093828,0.0093828,0,0,0,0
342.5,0.070035,10.242,0.009149,0.009149,0,0,0,0
343,0.070849,10.257,0.0092154,0.0092154,0,0,0,0
343.5,0.071189,10.269,0.0093145,0.0093145,0,0,0,0
344,0.071393,10.282,0.0093492,0.0093492,0,0,0,0
344.5,0.071463,10.298,0.0094482,0.0094482,0,0,0,0
345,0.071631,10.315,0.0094829,0.0094829,0,0,0,0
345.5,0.071734,10.329,0.0095166,0.0095166,0,0,0,0
346,0.071974,10.343,0.009984,0.009984,0,0,0,0
346.5,0.072449,10.358,0.0098167,0.0098167,0,0,0,0
347,0.073126,10.373,0.010151,0.010151,0,0,0,0
347.5,0.072954,10.387,0.010385,0.010385,0,0,0,0
348,0.073704,10.402,0.010484,0.010484,0,0,0,0
348.5,0.073669,10.418,0.010787,0.010787,0,0,0,0
349,0.074482,10.433,0.01102,0.01102,0,0,0,0
349.5,0.074685,10.447,0.010753,0.010753,0,0,0,0
350,0.07516,10.461,0.010951,0.010951,0,0,0,0
350.5,0.075263,10.475,0.010887,0.010887,0,0,0,0
351,0.075975,10.49,0.011121,0.011121,0,0,0,0
351.5,0.076211,10.505,0.010853,0.010853,0,0,0,0
352,0.077059,10.52,0.011054,0.011054,0,0,0,0
352.5,0.077161,10.533,0.010719,0.010719,0,0,0,0
353,0.077535,10.546,0.010685,0.010685,0,0,0,0
353.5,0.077603,10.56,0.010585,0.010585,0,0,0,0
354,0.077873,10.573,0.010619,0.010619,0,0,0,0
354.5,0.078045,10.588,0.010685,0.010685,0,0,0,0
355,0.078147,10.603,0.010719,0.010719,0,0,0,0
355.5,0.078385,10.62,0.010921,0.010921,0,0,0,0
356,0.078487,10.635,0.010853,0.010853,0,0,0,0
356.5,0.078863,10.65,0.011119,0.011119,0,0,0,0
357,0.078728,10.665,0.011322,0.011322,0,0,0,0
357.5,0.078997,10.681,0.011589,0.011589,0,0,0,0
358,0.079302,10.695,0.011519,0.011519,0,0,0,0
358.5,0.07988,10.708,0.011854,0.011854,0,0,0,0
359,0.080587,10.721,0.012188,0.012188,0,0,0,0
359.5,0.080693,10.736,0.012355,0.012355,0,0,0,0
360,0.081302,10.751,0.012522,0.012522,0,0,0,0
360.5,0.081913,10.763,0.012522,0.012522,0,0,0,0
361,0.082487,10.776,0.012488,0.012488,0,0,0,0
361.5,0.083231,10.791,0.012489,0.012489,0,0,0,0
362,0.08364,10.805,0.012323,0.012323,0,0,0,0
362.5,0.084315,10.82,0.012488,0.012488,0,0,0,0
363,0.084484,10.834,0.012155,0.012155,0,0,0,0
363.5,0.085027,10.849,0.01229,0.01229,0,0,0,0
364,0.085265,10.863,0.012256,0.012256,0,0,0,0
364.5,0.085603,10.878,0.012158,0.012158,0,0,0,0
365,0.085775,10.892,0.012157,0.012157,0,0,0,0
365.5,0.085843,10.906,0.012156,0.012156,0,0,0,0
366,0.086079,10.919,0.012354,0.012354,0,0,0,0
366.5,0.086183,10.935,0.012223,0.012223,0,0,0,0
367,0.086523,10.951,0.012423,0.012423,0,0,0,0
367.5,0.086792,10.966,0.01269,0.01269,0,0,0,0
368,0.086827,10.981,0.013056,0.013056,0,0,0,0
368.5,0.08737,10.994,0.013157,0.013157,0,0,0,0
369,0.087439,11.007,0.013456,0.013456,0,0,0,0
369.5,0.088285,11.02,0.013723,0.013723,0,0,0,0
370,0.089029,11.035,0.013757,0.013757,0,0,0,0
370.5,0.089267,11.051,0.013823,0.013823,0,0,0,0
371,0.089807,11.066,0.013889,0.013889,0,0,0,0
371.5,0.090686,11.08,0.013891,0.013891,0,0,0,0
372,0.091127,11.093,0.014389,0.014389,0,0,0,0
372.5,0.091835,11.107,0.013956,0.013956,0,0,0,0
373,0.092278,11.122,0.014056,0.014056,0,0,0,0
373.5,0.092615,11.136,0.014023,0.014023,0,0,0,0
374,0.093224,11.15,0.013823,0.013823,0,0,0,0
374.5,0.093935,11.165,0.013823,0.013823,0,0,0,0
375,0.094037,11.179,0.013889,0.013889,0,0,0,0
375.5,0.094511,11.194,0.013957,0.013957,0,0,0,0
376,0.094613,11.21,0.014056,0.014056,0,0,0,0
376.5,0.09482,11.222,0.013956,0.013956,0,0,0,0
377,0.09509,11.234,0.013891,0.013891,0,0,0,0
377.5,0.095527,11.249,0.014058,0.014058,0,0,0,0
378,0.095903,11.265,0.014324,0.014324,0,0,0,0
378.5,0.096274,11.28,0.014423,0.014423,0,0,0,0
379,0.096613,11.294,0.014823,0.014823,0,0,0,0
379.5,0.097055,11.307,0.014823,0.014823,0,0,0,0
380,0.097289,11.32,0.015188,0.015188,0,0,0,0
380.5,0.097663,11.335,0.015289,0.015289,0,0,0,0
381,0.098439,11.348,0.015155,0.015155,0,0,0,0
381.5,0.098983,11.359,0.015487,0.015487,0,0,0,0
382,0.099658,11.372,0.015521,0.015521,0,0,0,0
382.5,0.10006,11.387,0.01559,0.01559,0,0,0,0
383,0.1002,11.402,0.015888,0.015888,0,0,0,0
383.5,0.10105,11.416,0.015687,0.015687,0,0,0,0
384,0.10135,11.43,0.015655,0.015655,0,0,0,0
384.5,0.10206,11.445,0.015589,0.015589,0,0,0,0
385,0.1025,11.459,0.015523,0.015523,0,0,0,0
385.5,0.10287,11.469,0.015589,0.015589,0,0,0,0
386,0.10348,11.483,0.01569,0.01569,0,0,0,0
386.5,0.10379,11.497,0.015822,0.015822,0,0,0,0
387,0.1042,11.512,0.015623,0.015623,0,0,0,0
387.5,0.105,11.524,0.016089,0.016089,0,0,0,0
388,0.10551,11.539,0.015923,0.015923,0,0,0,0
388.5,0.10612,11.552,0.016122,0.016122,0,0,0,0
389,0.10629,11.566,0.016289,0.016289,0,0,0,0
389.5,0.10731,11.58,0.016553,0.016553,0,0,0,0
390,0.10754,11.594,0.016687,0.016687,0,0,0,0
390.5,0.10788,11.607,0.016886,0.016886,0,0,0,0
391,0.10792,11.62,0.016986,0.016986,0,0,0,0
391.5,0.10866,11.634,0.017185,0.017185,0,0,0,0
392,0.1091,11.651,0.017485,0.017485,0,0,0,0
392.5,0.1095,11.666,0.017517,0.017517,0,0,0,0
393,0.10988,11.677,0.01755,0.01755,0,0,0,0
393.5,0.11015,11.689,0.017419,0.017419,0,0,0,0
394,0.11055,11.702,0.017352,0.017352,0,0,0,0
394.5,0.11113,11.714,0.017784,0.017784,0,0,0,0
395,0.11177,11.728,0.017418,0.017418,0,0,0,0
395.5,0.11215,11.742,0.017484,0.017484,0,0,0,0
396,0.11252,11.756,0.017386,0.017386,0,0,0,0
396.5,0.11323,11.77,0.01762,0.01762,0,0,0,0
397,0.11394,11.785,0.017454,0.017454,0,0,0,0
397.5,0.11455,11.8,0.017722,0.017722,0,0,0,0
398,0.11536,11.814,0.017786,0.017786,0,0,0,0
398.5,0.11617,11.827,0.017952,0.017952,0,0,0,0
399,0.11695,11.84,0.017985,0.017985,0,0,0,0
399.5,0.1179,11.853,0.018019,0.018019,0,0,0,0
400,0.11827,11.869,0.01845,0.01845,0,0,0,0
400.5,0.11878,11.883,0.018582,0.018582,0,0,0,0
401,0.11932,11.895,0.018882,0.018882,0,0,0,0
401.5,0.11945,11.907,0.018946,0.018946,0,0,0,0
402,0.12013,11.921,0.01918,0.01918,0,0,0,0
402.5,0.1203,11.934,0.019212,0.019212,0,0,0,0
403,0.12054,11.945,0.019444,0.019444,0,0,0,0
403.5,0.12098,11.956,0.019278,0.019278,0,0,0,0
404,0.12142,11.97,0.019247,0.019247,0,0,0,0
404.5,0.12186,11.985,0.019113,0.019113,0,0,0,0
405,0.12206,11.999,0.019447,0.019447,0,0,0,0
405.5,0.12274,12.012,0.019378,0.019378,0,0,0,0
406,0.12331,12.027,0.019511,0.019511,0,0,0,0
406.5,0.12402,12.042,0.019379,0.019379,0,0,0,0
407,0.12463,12.056,0.019479,0.019479,0,0,0,0
407.5,0.12554,12.068,0.019546,0.019546,0,0,0,0
408,0.12632,12.082,0.019711,0.019711,0,0,0,0
408.5,0.127,12.095,0.019744,0.019744,0,0,0,0
409,0.12788,12.108,0.019943,0.019943,0,0,0,0
409.5,0.12842,12.12,0.020206,0.020206,0,0,0,0
410,0.12913,12.132,0.020507,0.020507,0,0,0,0
410.5,0.12974,12.144,0.020439,0.020439,0,0,0,0
411,0.13014,12.158,0.020604,0.020604,0,0,0,0
411.5,0.13085,12.173,0.020802,0.020802,0,0,0,0
412,0.13143,12.186,0.021037,0.021037,0,0,0,0
412.5,0.13221,12.199,0.021233,0.021233,0,0,0,0
413,0.13268,12.212,0.0212,0.0212,0,0,0,0
413.5,0.13305,12.226,0.021599,0.021599,0,0,0,0
414,0.13339,12.24,0.021433,0.021433,0,0,0,0
414.5,0.13397,12.253,0.021566,0.021566,0,0,0,0
415,0.13437,12.266,0.021631,0.021631,0,0,0,0
415.5,0.13542,12.278,0.021565,0.021565,0,0,0,0
416,0.13586,12.29,0.021729,0.021729,0,0,0,0
416.5,0.1363,12.302,0.021796,0.021796,0,0,0,0
417,0.13708,12.317,0.021897,0.021897,0,0,0,0
417.5,0.13776,12.33,0.022062,0.022062,0,0,0,0
418,0.13823,12.341,0.022027,0.022027,0,0,0,0
418.5,0.13873,12.354,0.022161,0.022161,0,0,0,0
419,0.13921,12.367,0.022523,0.022523,0,0,0,0
419.5,0.13975,12.381,0.02262,0.02262,0,0,0,0
420,0.14046,12.393,0.022821,0.022821,0,0,0,0
420.5,0.14117,12.407,0.022886,0.022886,0,0,0,0
421,0.14185,12.42,0.02325,0.02325,0,0,0,0
421.5,0.14233,12.432,0.02315,0.02315,0,0,0,0
422,0.143,12.443,0.023315,0.023315,0,0,0,0
422.5,0.14361,12.455,0.023613,0.023613,0,0,0,0
423,0.14449,12.468,0.02371,0.02371,0,0,0,0
423.5,0.14527,12.481,0.023843,0.023843,0,0,0,0
424,0.14622,12.494,0.023809,0.023809,0,0,0,0
424.5,0.14676,12.507,0.024138,0.024138,0,0,0,0
425,0.14774,12.521,0.024105,0.024105,0,0,0,0
425.5,0.14862,12.535,0.023842,0.023842,0,0,0,0
426,0.1498,12.548,0.024107,0.024107,0,0,0,0
426.5,0.15024,12.56,0.024437,0.024437,0,0,0,0
427,0.15071,12.57,0.024204,0.024204,0,0,0,0
427.5,0.15108,12.584,0.024567,0.024567,0,0,0,0
428,0.15166,12.599,0.024401,0.024401,0,0,0,0
428.5,0.15227,12.613,0.024931,0.024931,0,0,0,0
429,0.15271,12.625,0.024962,0.024962,0,0,0,0
429.5,0.15322,12.637,0.025226,0.025226,0,0,0,0
430,0.15338,12.649,0.025423,0.025423,0,0,0,0
430.5,0.15396,12.662,0.025589,0.025589,0,0,0,0
431,0.1545,12.673,0.025555,0.025555,0,0,0,0
431.5,0.15504,12.685,0.025983,0.025983,0,0,0,0
432,0.15599,12.698,0.025818,0.025818,0,0,0,0
432.5,0.15683,12.712,0.026214,0.026214,0,0,0,0
433,0.15778,12.725,0.026181,0.026181,0,0,0,0
433.5,0.15846,12.736,0.026509,0.026509,0,0,0,0
434,0.16001,12.748,0.026476,0.026476,0,0,0,0
434.5,0.16032,12.762,0.026608,0.026608,0,0,0,0
435,0.1614,12.775,0.026773,0.026773,0,0,0,0
435.5,0.16211,12.788,0.026872,0.026872,0,0,0,0
436,0.16275,12.801,0.026739,0.026739,0,0,0,0
436.5,0.164,12.813,0.027036,0.027036,0,0,0,0
437,0.16464,12.825,0.0272,0.0272,0,0,0,0
437.5,0.16505,12.837,0.0272,0.0272,0,0,0,0
438,0.16599,12.85,0.027398,0.027398,0,0,0,0
438.5,0.16653,12.862,0.02766,0.02766,0,0,0,0
439,0.16704,12.874,0.027825,0.027825,0,0,0,0
439.5,0.16765,12.886,0.02789,0.02789,0,0,0,0
440,0.16856,12.908,0.028154,0.028154,0,0,0,0
440.5,0.169,12.927,0.028153,0.028153,0,0,0,0
441,0.16985,12.934,0.028482,0.028482,0,0,0,0
441.5,0.17083,12.936,0.028548,0.028548,0,0,0,0
442,0.17174,12.947,0.028941,0.028941,0,0,0,0
442.5,0.17238,12.959,0.02881,0.02881,0,0,0,0
443,0.17275,12.973,0.029006,0.029006,0,0,0,0
443.5,0.1733,12.986,0.029204,0.029204,0,0,0,0
444,0.17431,12.998,0.029204,0.029204,0,0,0,0
444.5,0.17471,13.009,0.0295,0.0295,0,0,0,0
445,0.1756,13.023,0.029466,0.029466,0,0,0,0
445.5,0.17597,13.036,0.0294,0.0294,0,0,0,0
446,0.17705,13.049,0.029925,0.029925,0,0,0,0
446.5,0.17789,13.062,0.030056,0.030056,0,0,0,0
447,0.17857,13.075,0.030122,0.030122,0,0,0,0
447.5,0.17904,13.087,0.030025,0.030025,0,0,0,0
448,0.18009,13.1,0.030416,0.030416,0,0,0,0
448.5,0.18103,13.112,0.030679,0.030679,0,0,0,0
449,0.18191,13.124,0.030908,0.030908,0,0,0,0
449.5,0.18272,13.136,0.030809,0.030809,0,0,0,0
450,0.18398,13.147,0.030975,0.030975,0,0,0,0
450.5,0.18461,13.157,0.03117,0.03117,0,0,0,0
451,0.18587,13.17,0.03153,0.03153,0,0,0,0
451.5,0.18664,13.183,0.031563,0.031563,0,0,0,0
452,0.18779,13.196,0.031759,0.031759,0,0,0,0
452.5,0.1885,13.207,0.03189,0.03189,0,0,0,0
453,0.18935,13.219,0.031956,0.031956,0,0,0,0
453.5,0.18986,13.231,0.032184,0.032184,0,0,0,0
454,0.19043,13.243,0.032545,0.032545,0,0,0,0
454.5,0.19097,13.256,0.032479,0.032479,0,0,0,0
455,0.19141,13.269,0.032513,0.032513,0,0,0,0
455.5,0.19225,13.282,0.032773,0.032773,0,0,0,0
456,0.19259,13.293,0.032969,0.032969,0,0,0,0
456.5,0.1933,13.304,0.033101,0.033101,0,0,0,0
457,0.19431,13.315,0.033328,0.033328,0,0,0,0
457.5,0.19516,13.326,0.033426,0.033426,0,0,0,0
458,0.19577,13.338,0.033525,0.033525,0,0,0,0
458.5,0.19678,13.351,0.033557,0.033557,0,0,0,0
459,0.19779,13.363,0.033721,0.033721,0,0,0,0
459.5,0.19891,13.374,0.034014,0.034014,0,0,0,0
460,0.19962,13.385,0.034048,0.034048,0,0,0,0
460.5,0.2007,13.396,0.034341,0.034341,0,0,0,0
461,0.20158,13.408,0.034537,0.034537,0,0,0,0
461.5,0.20225,13.42,0.034928,0.034928,0,0,0,0
462,0.2032,13.432,0.034798,0.034798,0,0,0,0
462.5,0.20384,13.443,0.034896,0.034896,0,0,0,0
463,0.20472,13.454,0.035188,0.035188,0,0,0,0
463.5,0.20566,13.466,0.035287,0.035287,0,0,0,0
464,0.20624,13.478,0.035679,0.035679,0,0,0,0
464.5,0.20715,13.493,0.035579,0.035579,0,0,0,0
465,0.20844,13.505,0.035873,0.035873,0,0,0,0
465.5,0.20911,13.514,0.036102,0.036102,0,0,0,0
466,0.21009,13.525,0.03607,0.03607,0,0,0,0
466.5,0.21094,13.537,0.036166,0.036166,0,0,0,0
467,0.21225,13.549,0.03646,0.03646,0,0,0,0
467.5,0.2131,13.561,0.03659,0.03659,0,0,0,0
468,0.21431,13.572,0.037113,0.037113,0,0,0,0
468.5,0.21438,13.583,0.037145,0.037145,0,0,0,0
469,0.21519,13.594,0.03708,0.03708,0,0,0,0
469.5,0.21576,13.605,0.037244,0.037244,0,0,0,0
470,0.21657,13.616,0.03734,0.03734,0,0,0,0
470.5,0.21715,13.628,0.037764,0.037764,0,0,0,0
471,0.21796,13.64,0.037763,0.037763,0,0,0,0
471.5,0.21843,13.651,0.038187,0.038187,0,0,0,0
472,0.21921,13.662,0.037958,0.037958,0,0,0,0
472.5,0.22033,13.676,0.038609,0.038609,0,0,0,0
473,0.22141,13.687,0.039,0.039,0,0,0,0
473.5,0.22238,13.698,0.039128,0.039128,0,0,0,0
474,0.22306,13.708,0.039324,0.039324,0,0,0,0
474.5,0.22414,13.721,0.039422,0.039422,0,0,0,0
475,0.22543,13.731,0.039713,0.039713,0,0,0,0
475.5,0.22637,13.74,0.039845,0.039845,0,0,0,0
476,0.22748,13.75,0.04007,0.04007,0,0,0,0
476.5,0.22864,13.763,0.040071,0.040071,0,0,0,0
477,0.22955,13.775,0.040397,0.040397,0,0,0,0
477.5,0.23036,13.786,0.040298,0.040298,0,0,0,0
478,0.23137,13.798,0.040494,0.040494,0,0,0,0
478.5,0.23208,13.808,0.040947,0.040947,0,0,0,0
479,0.23333,13.82,0.040689,0.040689,0,0,0,0
479.5,0.23411,13.832,0.041177,0.041177,0,0,0,0
480,0.23468,13.843,0.041467,0.041467,0,0,0,0
480.5,0.23563,13.851,0.041499,0.041499,0,0,0,0
481,0.2365,13.862,0.041663,0.041663,0,0,0,0
481.5,0.23752,13.875,0.041987,0.041987,0,0,0,0
482,0.23823,13.885,0.042051,0.042051,0,0,0,0
482.5,0.23931,13.894,0.042309,0.042309,0,0,0,0
483,0.24056,13.907,0.042472,0.042472,0,0,0,0
483.5,0.241,13.918,0.04286,0.04286,0,0,0,0
484,0.24225,13.929,0.043055,0.043055,0,0,0,0
484.5,0.24323,13.941,0.043184,0.043184,0,0,0,0
485,0.24414,13.953,0.043378,0.043378,0,0,0,0
485.5,0.24481,13.964,0.043701,0.043701,0,0,0,0
486,0.24556,13.975,0.043863,0.043863,0,0,0,0
486.5,0.24627,13.985,0.044155,0.044155,0,0,0,0
487,0.24742,13.995,0.044089,0.044089,0,0,0,0
487.5,0.24802,14.005,0.044316,0.044316,0,0,0,0
488,0.24904,14.016,0.044606,0.044606,0,0,0,0
488.5,0.25012,14.026,0.044606,0.044606,0,0,0,0
489,0.2512,14.036,0.044835,0.044835,0,0,0,0
489.5,0.25228,14.048,0.04506,0.04506,0,0,0,0
490,0.25319,14.059,0.045255,0.045255,0,0,0,0
490.5,0.25492,14.07,0.045478,0.045478,0,0,0,0
491,0.25572,14.082,0.045609,0.045609,0,0,0,0
491.5,0.25704,14.094,0.045834,0.045834,0,0,0,0
492,0.25809,14.104,0.045997,0.045997,0,0,0,0
492.5,0.25921,14.114,0.046189,0.046189,0,0,0,0
493,0.26032,14.123,0.04661,0.04661,0,0,0,0
493.5,0.26072,14.132,0.046995,0.046995,0,0,0,0
494,0.26198,14.141,0.046963,0.046963,0,0,0,0
494.5,0.26306,14.152,0.047318,0.047318,0,0,0,0
495,0.2638,14.163,0.047284,0.047284,0,0,0,0
495.5,0.26427,14.174,0.047414,0.047414,0,0,0,0
496,0.26532,14.186,0.047608,0.047608,0,0,0,0
496.5,0.2663,14.196,0.047833,0.047833,0,0,0,0
497,0.26725,14.21,0.04809,0.04809,0,0,0,0
497.5,0.26819,14.223,0.048187,0.048187,0,0,0,0
498,0.26924,14.232,0.048317,0.048317,0,0,0,0
498.5,0.27019,14.24,0.048541,0.048541,0,0,0,0
499,0.27153,14.25,0.048574,0.048574,0,0,0,0
499.5,0.27238,14.261,0.048735,0.048735,0,0,0,0
500,0.27346,14.27,0.048993,0.048993,0,0,0,0
500.5,0.274,14.279,0.049314,0.049314,0,0,0,0
501,0.27511,14.29,0.049218,0.049218,0,0,0,0
501.5,0.27599,14.3,0.0497,0.0497,0,0,0,0
502,0.27718,14.309,0.049958,0.049958,0,0,0,0
502.5,0.27816,14.319,0.050052,0.050052,0,0,0,0
503,0.27893,14.329,0.05047,0.05047,0,0,0,0
503.5,0.27998,14.339,0.050695,0.050695,0,0,0,0
504,0.28116,14.35,0.050919,0.050919,0,0,0,0
504.5,0.28241,14.361,0.051208,0.051208,0,0,0,0
505,0.28332,14.373,0.051145,0.051145,0,0,0,0
505.5,0.28481,14.384,0.05137,0.05137,0,0,0,0
506,0.28609,14.393,0.051818,0.051818,0,0,0,0
506.5,0.28717,14.401,0.051786,0.051786,0,0,0,0
507,0.28832,14.412,0.051946,0.051946,0,0,0,0
507.5,0.28951,14.423,0.051978,0.051978,0,0,0,0
508,0.29035,14.432,0.052365,0.052365,0,0,0,0
508.5,0.2915,14.441,0.05246,0.05246,0,0,0,0
509,0.29251,14.451,0.052556,0.052556,0,0,0,0
509.5,0.29366,14.461,0.05307,0.05307,0,0,0,0
510,0.29467,14.472,0.053165,0.053165,0,0,0,0
510.5,0.29532,14.482,0.053582,0.053582,0,0,0,0
511,0.29599,14.492,0.05371,0.05371,0,0,0,0
511.5,0.29684,14.502,0.053871,0.053871,0,0,0,0
512,0.29772,14.512,0.054126,0.054126,0,0,0,0
512.5,0.29886,14.52,0.05451,0.05451,0,0,0,0
513,0.29978,14.533,0.054959,0.054959,0,0,0,0
513.5,0.30119,14.546,0.054798,0.054798,0,0,0,0
514,0.30214,14.556,0.054991,0.054991,0,0,0,0
514.5,0.30325,14.562,0.055245,0.055245,0,0,0,0
515,0.30437,14.572,0.055438,0.055438,0,0,0,0
515.5,0.30559,14.582,0.056046,0.056046,0,0,0,0
516,0.3066,14.591,0.055886,0.055886,0,0,0,0
516.5,0.30724,14.6,0.056172,0.056172,0,0,0,0
517,0.30893,14.61,0.056301,0.056301,0,0,0,0
517.5,0.30971,14.62,0.056526,0.056526,0,0,0,0
518,0.31089,14.629,0.056876,0.056876,0,0,0,0
518.5,0.31194,14.638,0.056877,0.056877,0,0,0,0
519,0.31278,14.648,0.057196,0.057196,0,0,0,0
519.5,0.3141,14.66,0.057548,0.057548,0,0,0,0
520,0.31518,14.669,0.057706,0.057706,0,0,0,0
520.5,0.3165,14.679,0.058152,0.058152,0,0,0,0
521,0.31781,14.694,0.058344,0.058344,0,0,0,0
521.5,0.3192,14.705,0.05844,0.05844,0,0,0,0
522,0.32048,14.712,0.058725,0.058725,0,0,0,0
522.5,0.32173,14.717,0.059141,0.059141,0,0,0,0
523,0.32332,14.729,0.059523,0.059523,0,0,0,0
523.5,0.32427,14.739,0.059586,0.059586,0,0,0,0
524,0.32531,14.749,0.059777,0.059777,0,0,0,0
524.5,0.32646,14.755,0.059936,0.059936,0,0,0,0
525,0.32751,14.763,0.060096,0.060096,0,0,0,0
525.5,0.32825,14.772,0.060415,0.060415,0,0,0,0
526,0.3292,14.782,0.060636,0.060636,0,0,0,0
526.5,0.33011,14.79,0.060796,0.060796,0,0,0,0
527,0.33085,14.799,0.060923,0.060923,0,0,0,0
527.5,0.33193,14.809,0.061399,0.061399,0,0,0,0
528,0.33318,14.818,0.061527,0.061527,0,0,0,0
528.5,0.33426,14.827,0.061686,0.061686,0,0,0,0
529,0.33538,14.835,0.062067,0.062067,0,0,0,0
529.5,0.33666,14.844,0.062448,0.062448,0,0,0,0
530,0.33781,14.854,0.062639,0.062639,0,0,0,0
530.5,0.33909,14.864,0.062924,0.062924,0,0,0,0
531,0.34021,14.872,0.063304,0.063304,0,0,0,0
531.5,0.34112,14.879,0.063495,0.063495,0,0,0,0
532,0.34227,14.89,0.063971,0.063971,0,0,0,0
532.5,0.34342,14.902,0.063971,0.063971,0,0,0,0
533,0.34443,14.912,0.064383,0.064383,0,0,0,0
533.5,0.34578,14.921,0.064667,0.064667,0,0,0,0
534,0.34663,14.93,0.064731,0.064731,0,0,0,0
534.5,0.34771,14.939,0.06492,0.06492,0,0,0,0
535,0.34906,14.947,0.065205,0.065205,0,0,0,0
535.5,0.35027,14.956,0.065585,0.065585,0,0,0,0
536,0.35176,14.964,0.065555,0.065555,0,0,0,0
536.5,0.35338,14.974,0.065902,0.065902,0,0,0,0
537,0.3547,14.983,0.066092,0.066092,0,0,0,0
537.5,0.35585,14.993,0.066377,0.066377,0,0,0,0
538,0.35727,15.003,0.066504,0.066504,0,0,0,0
538.5,0.35835,15.011,0.06663,0.06663,0,0,0,0
539,0.35943,15.02,0.06704,0.06704,0,0,0,0
539.5,0.36044,15.028,0.067482,0.067482,0,0,0,0
540,0.36176,15.038,0.067577,0.067577,0,0,0,0
540.5,0.3627,15.046,0.067768,0.067768,0,0,0,0
541,0.36385,15.056,0.067988,0.067988,0,0,0,0
541.5,0.36463,15.064,0.068177,0.068177,0,0,0,0
542,0.36551,15.074,0.068493,0.068493,0,0,0,0
542.5,0.36679,15.083,0.068778,0.068778,0,0,0,0
543,0.36777,15.092,0.069124,0.069124,0,0,0,0
543.5,0.36933,15.101,0.069345,0.069345,0,0,0,0
544,0.37057,15.109,0.069818,0.069818,0,0,0,0
544.5,0.37159,15.118,0.070101,0.070101,0,0,0,0
545,0.37284,15.126,0.070259,0.070259,0,0,0,0
545.5,0.37409,15.136,0.070353,0.070353,0,0,0,0
546,0.37547,15.146,0.070668,0.070668,0,0,0,0
546.5,0.37638,15.156,0.070637,0.070637,0,0,0,0
547,0.3774,15.165,0.071266,0.071266,0,0,0,0
547.5,0.37872,15.172,0.071518,0.071518,0,0,0,0
548,0.37986,15.18,0.071738,0.071738,0,0,0,0
548.5,0.38101,15.189,0.071864,0.071864,0,0,0,0
549,0.38206,15.198,0.072053,0.072053,0,0,0,0
549.5,0.38324,15.206,0.072525,0.072525,0,0,0,0
550,0.38442,15.215,0.072776,0.072776,0,0,0,0
550.5,0.38577,15.224,0.072996,0.072996,0,0,0,0
551,0.38699,15.233,0.073153,0.073153,0,0,0,0
551.5,0.38865,15.241,0.073215,0.073215,0,0,0,0
552,0.39027,15.249,0.073688,0.073688,0,0,0,0
552.5,0.39172,15.26,0.073781,0.073781,0,0,0,0
553,0.39307,15.27,0.074283,0.074283,0,0,0,0
553.5,0.39425,15.276,0.074629,0.074629,0,0,0,0
554,0.3956,15.283,0.074721,0.074721,0,0,0,0
554.5,0.39679,15.292,0.075193,0.075193,0,0,0,0
555,0.39776,15.301,0.075506,0.075506,0,0,0,0
555.5,0.39919,15.309,0.075631,0.075631,0,0,0,0
556,0.4003,15.318,0.075976,0.075976,0,0,0,0
556.5,0.40131,15.326,0.076478,0.076478,0,0,0,0
557,0.40249,15.337,0.076352,0.076352,0,0,0,0
557.5,0.40378,15.347,0.077009,0.077009,0,0,0,0
558,0.40492,15.356,0.077073,0.077073,0,0,0,0
558.5,0.40611,15.362,0.077385,0.077385,0,0,0,0
559,0.40749,15.37,0.077447,0.077447,0,0,0,0
559.5,0.40898,15.379,0.077541,0.077541,0,0,0,0
560,0.41053,15.388,0.07776,0.07776,0,0,0,0
560.5,0.41165,15.396,0.077915,0.077915,0,0,0,0
561,0.41266,15.404,0.078541,0.078541,0,0,0,0
561.5,0.41384,15.412,0.078541,0.078541,0,0,0,0
562,0.41489,15.42,0.078635,0.078635,0,0,0,0
562.5,0.41597,15.429,0.079197,0.079197,0,0,0,0
563,0.41715,15.438,0.079383,0.079383,0,0,0,0
563.5,0.41844,15.447,0.08004,0.08004,0,0,0,0
564,0.41962,15.455,0.080102,0.080102,0,0,0,0
564.5,0.4209,15.463,0.080602,0.080602,0,0,0,0
565,0.42232,15.471,0.080789,0.080789,0,0,0,0
565.5,0.42368,15.479,0.081287,0.081287,0,0,0,0
566,0.42516,15.486,0.081754,0.081754,0,0,0,0
566.5,0.42665,15.493,0.082034,0.082034,0,0,0,0
567,0.4282,15.501,0.082657,0.082657,0,0,0,0
567.5,0.42975,15.509,0.082688,0.082688,0,0,0,0
568,0.4311,15.519,0.083061,0.083061,0,0,0,0
568.5,0.43262,15.529,0.083496,0.083496,0,0,0,0
569,0.43387,15.538,0.083527,0.083527,0,0,0,0
569.5,0.43526,15.546,0.083807,0.083807,0,0,0,0
570,0.43634,15.554,0.084087,0.084087,0,0,0,0
570.5,0.43772,15.562,0.084025,0.084025,0,0,0,0
571,0.43881,15.569,0.084335,0.084335,0,0,0,0
571.5,0.44016,15.576,0.084584,0.084584,0,0,0,0
572,0.44151,15.583,0.084739,0.084739,0,0,0,0
572.5,0.44286,15.592,0.085267,0.085267,0,0,0,0
573,0.44431,15.6,0.085453,0.085453,0,0,0,0
573.5,0.44556,15.607,0.08598,0.08598,0,0,0,0
574,0.44705,15.614,0.086198,0.086198,0,0,0,0
574.5,0.4486,15.621,0.086445,0.086445,0,0,0,0
575,0.45032,15.631,0.08691,0.08691,0,0,0,0
575.5,0.45096,15.64,0.087128,0.087128,0,0,0,0
576,0.45232,15.648,0.087561,0.087561,0,0,0,0
576.5,0.45367,15.655,0.087963,0.087963,0,0,0,0
577,0.45465,15.664,0.088427,0.088427,0,0,0,0
577.5,0.45549,15.676,0.088798,0.088798,0,0,0,0
578,0.45671,15.685,0.088799,0.088799,0,0,0,0
578.5,0.45806,15.691,0.089045,0.089045,0,0,0,0
579,0.45954,15.694,0.089108,0.089108,0,0,0,0
579.5,0.46063,15.701,0.089695,0.089695,0,0,0,0
580,0.46181,15.709,0.090004,0.090004,0,0,0,0
580.5,0.46329,15.717,0.090034,0.090034,0,0,0,0
581,0.46475,15.724,0.090499,0.090499,0,0,0,0
581.5,0.46633,15.732,0.090683,0.090683,0,0,0,0
582,0.46782,15.741,0.091054,0.091054,0,0,0,0
582.5,0.46937,15.749,0.091299,0.091299,0,0,0,0
583,0.47079,15.755,0.091486,0.091486,0,0,0,0
583.5,0.47187,15.762,0.091916,0.091916,0,0,0,0
584,0.47349,15.77,0.092442,0.092442,0,0,0,0
584.5,0.47488,15.778,0.092996,0.092996,0,0,0,0
585,0.47623,15.786,0.093058,0.093058,0,0,0,0
585.5,0.47731,15.795,0.09355,0.09355,0,0,0,0
586,0.47867,15.801,0.093888,0.093888,0,0,0,0
586.5,0.48015,15.809,0.093857,0.093857,0,0,0,0
587,0.48157,15.817,0.09432,0.09432,0,0,0,0
587.5,0.48305,15.825,0.094688,0.094688,0,0,0,0
588,0.48478,15.831,0.095118,0.095118,0,0,0,0
588.5,0.4862,15.84,0.095517,0.095517,0,0,0,0
589,0.48792,15.847,0.095795,0.095795,0,0,0,0
589.5,0.48924,15.853,0.095826,0.095826,0,0,0,0
590,0.49086,15.858,0.096316,0.096316,0,0,0,0
590.5,0.4919,15.866,0.0965,0.0965,0,0,0,0
591,0.49316,15.875,0.097114,0.097114,0,0,0,0
591.5,0.49501,15.883,0.097482,0.097482,0,0,0,0
592,0.49579,15.892,0.097575,0.097575,0,0,0,0
592.5,0.4968,15.9,0.097789,0.097789,0,0,0,0
593,0.49799,15.908,0.098219,0.098219,0,0,0,0
593.5,0.49964,15.914,0.098341,0.098341,0,0,0,0
594,0.50068,15.921,0.09883,0.09883,0,0,0,0
594.5,0.50191,15.93,0.098984,0.098984,0,0,0,0
595,0.50373,15.938,0.099382,0.099382,0,0,0,0
595.5,0.50504,15.945,0.099565,0.099565,0,0,0,0
596,0.50663,15.952,0.099779,0.099779,0,0,0,0
596.5,0.50791,15.958,0.10012,0.10012,0,0,0,0
597,0.50954,15.965,0.10067,0.10067,0,0,0,0
597.5,0.51069,15.972,0.10082,0.10082,0,0,0,0
598,0.51207,15.979,0.10088,0.10088,0,0,0,0
598.5,0.51363,15.985,0.10131,0.10131,0,0,0,0
599,0.51484,15.994,0.10168,0.10168,0,0,0,0
599.5,0.51636,16.003,0.10192,0.10192,0,0,0,0
600,0.51721,16.011,0.10219,0.10219,0,0,0,0
600.5,0.51899,16.018,0.10268,0.10268,0,0,0,0
601,0.52021,16.026,0.10299,0.10299,0,0,0,0
601.5,0.5222,16.034,0.10326,0.10326,0,0,0,0
602,0.52349,16.041,0.10375,0.10375,0,0,0,0
602.5,0.52518,16.049,0.10384,0.10384,0,0,0,0
603,0.52717,16.056,0.10448,0.10448,0,0,0,0
603.5,0.52855,16.061,0.10463,0.10463,0,0,0,0
604,0.53011,16.066,0.10503,0.10503,0,0,0,0
604.5,0.53153,16.073,0.10512,0.10512,0,0,0,0
605,0.53308,16.082,0.10558,0.10558,0,0,0,0
605.5,0.5346,16.09,0.10585,0.10585,0,0,0,0
606,0.53599,16.096,0.10612,0.10612,0,0,0,0
606.5,0.53724,16.103,0.10618,0.10618,0,0,0,0
607,0.53852,16.11,0.10652,0.10652,0,0,0,0
607.5,0.53997,16.117,0.10691,0.10691,0,0,0,0
608,0.54187,16.124,0.10725,0.10725,0,0,0,0
608.5,0.54305,16.131,0.10749,0.10749,0,0,0,0
609,0.54457,16.137,0.10791,0.10791,0,0,0,0
609.5,0.54626,16.143,0.10819,0.10819,0,0,0,0
610,0.54764,16.152,0.10846,0.10846,0,0,0,0
610.5,0.54936,16.161,0.10858,0.10858,0,0,0,0
611,0.55061,16.168,0.10898,0.10898,0,0,0,0
611.5,0.55224,16.174,0.1094,0.1094,0,0,0,0
612,0.55376,16.181,0.10991,0.10991,0,0,0,0
612.5,0.5549,16.188,0.10985,0.10985,0,0,0,0
613,0.55615,16.196,0.1107,0.1107,0,0,0,0
613.5,0.55741,16.201,0.11113,0.11113,0,0,0,0
614,0.55862,16.207,0.11122,0.11122,0,0,0,0
614.5,0.56014,16.213,0.11182,0.11182,0,0,0,0
615,0.56156,16.219,0.1123,0.1123,0,0,0,0
615.5,0.56302,16.224,0.11261,0.11261,0,0,0,0
616,0.5646,16.234,0.11276,0.11276,0,0,0,0
616.5,0.56632,16.243,0.11324,0.11324,0,0,0,0
617,0.56788,16.25,0.11351,0.11351,0,0,0,0
617.5,0.5699,16.256,0.11402,0.11402,0,0,0,0
618,0.57149,16.261,0.11405,0.11405,0,0,0,0
618.5,0.57298,16.268,0.11441,0.11441,0,0,0,0
619,0.57453,16.274,0.1149,0.1149,0,0,0,0
619.5,0.57599,16.281,0.11496,0.11496,0,0,0,0
620,0.57727,16.287,0.11523,0.11523,0,0,0,0
620.5,0.57876,16.294,0.11559,0.11559,0,0,0,0
621,0.58035,16.302,0.11628,0.11628,0,0,0,0
621.5,0.58156,16.309,0.1164,0.1164,0,0,0,0
622,0.58318,16.316,0.11685,0.11685,0,0,0,0
622.5,0.5849,16.323,0.11704,0.11704,0,0,0,0
623,0.58646,16.33,0.11746,0.11746,0,0,0,0
623.5,0.58835,16.336,0.11782,0.11782,0,0,0,0
624,0.59007,16.342,0.11824,0.11824,0,0,0,0
624.5,0.59207,16.35,0.1186,0.1186,0,0,0,0
625,0.59362,16.358,0.11926,0.11926,0,0,0,0
625.5,0.59524,16.363,0.11977,0.11977,0,0,0,0
626,0.59659,16.37,0.12004,0.12004,0,0,0,0
626.5,0.59828,16.378,0.12004,0.12004,0,0,0,0
627,0.5996,16.385,0.1207,0.1207,0,0,0,0
627.5,0.60048,16.389,0.12103,0.12103,0,0,0,0
628,0.60214,16.394,0.12132,0.12132,0,0,0,0
628.5,0.60376,16.4,0.12216,0.12216,0,0,0,0
629,0.60528,16.407,0.12219,0.12219,0,0,0,0
629.5,0.60663,16.415,0.12282,0.12282,0,0,0,0
630,0.60795,16.423,0.12294,0.12294,0,0,0,0
630.5,0.61001,16.429,0.1233,0.1233,0,0,0,0
631,0.61156,16.436,0.12375,0.12375,0,0,0,0
631.5,0.61322,16.443,0.1242,0.1242,0,0,0,0
632,0.61464,16.449,0.12479,0.12479,0,0,0,0
632.5,0.61676,16.456,0.12494,0.12494,0,0,0,0
633,0.61869,16.462,0.12524,0.12524,0,0,0,0
633.5,0.61994,16.469,0.12569,0.12569,0,0,0,0
634,0.62099,16.477,0.12622,0.12622,0,0,0,0
634.5,0.62234,16.484,0.12661,0.12661,0,0,0,0
635,0.62375,16.489,0.12709,0.12709,0,0,0,0
635.5,0.62551,16.494,0.12735,0.12735,0,0,0,0
636,0.62724,16.5,0.1278,0.1278,0,0,0,0
636.5,0.62899,16.507,0.12822,0.12822,0,0,0,0
637,0.63051,16.514,0.12839,0.12839,0,0,0,0
637.5,0.63244,16.518,0.12887,0.12887,0,0,0,0
638,0.63426,16.523,0.1292,0.1292,0,0,0,0
638.5,0.63599,16.53,0.12991,0.12991,0,0,0,0
639,0.63751,16.538,0.12997,0.12997,0,0,0,0
639.5,0.63909,16.545,0.13095,0.13095,0,0,0,0
640,0.64116,16.551,0.13116,0.13116,0,0,0,0
640.5,0.64254,16.557,0.13166,0.13166,0,0,0,0
641,0.64403,16.564,0.1319,0.1319,0,0,0,0
641.5,0.64531,16.571,0.13228,0.13228,0,0,0,0
642,0.64724,16.576,0.13287,0.13287,0,0,0,0
642.5,0.64883,16.58,0.13332,0.13332,0,0,0,0
643,0.65035,16.584,0.13335,0.13335,0,0,0,0
643.5,0.6521,16.592,0.13385,0.13385,0,0,0,0
644,0.65413,16.599,0.13412,0.13412,0,0,0,0
644.5,0.65585,16.607,0.13471,0.13471,0,0,0,0
645,0.65781,16.612,0.13483,0.13483,0,0,0,0
645.5,0.65934,16.618,0.13533,0.13533,0,0,0,0
646,0.66102,16.623,0.13568,0.13568,0,0,0,0
646.5,0.66271,16.63,0.13621,0.13621,0,0,0,0
647,0.6641,16.636,0.13651,0.13651,0,0,0,0
647.5,0.66558,16.642,0.13716,0.13716,0,0,0,0
648,0.66727,16.647,0.13748,0.13748,0,0,0,0
648.5,0.66873,16.651,0.13777,0.13777,0,0,0,0
649,0.66991,16.657,0.13848,0.13848,0,0,0,0
649.5,0.67153,16.664,0.13877,0.13877,0,0,0,0
650,0.67336,16.671,0.13922,0.13922,0,0,0,0
650.5,0.67474,16.677,0.13972,0.13972,0,0,0,0
651,0.67667,16.683,0.14016,0.14016,0,0,0,0
651.5,0.67825,16.689,0.14069,0.14069,0,0,0,0
652,0.67988,16.694,0.14116,0.14116,0,0,0,0
652.5,0.68187,16.699,0.14183,0.14183,0,0,0,0
653,0.68325,16.705,0.1421,0.1421,0,0,0,0
653.5,0.68461,16.713,0.14254,0.14254,0,0,0,0
654,0.68643,16.72,0.14298,0.14298,0,0,0,0
654.5,0.68799,16.724,0.14353,0.14353,0,0,0,0
655,0.68947,16.728,0.144,0.144,0,0,0,0
655.5,0.69123,16.736,0.14418,0.14418,0,0,0,0
656,0.69275,16.742,0.14514,0.14514,0,0,0,0
656.5,0.6943,16.747,0.14535,0.14535,0,0,0,0
657,0.69626,16.753,0.14578,0.14578,0,0,0,0
657.5,0.69805,16.759,0.14619,0.14619,0,0,0,0
658,0.69981,16.765,0.14678,0.14678,0,0,0,0
658.5,0.70163,16.773,0.14722,0.14722,0,0,0,0
659,0.70329,16.78,0.14774,0.14774,0,0,0,0
659.5,0.70535,16.783,0.14815,0.14815,0,0,0,0
660,0.70724,16.785,0.14841,0.14841,0,0,0,0
660.5,0.70876,16.791,0.14891,0.14891,0,0,0,0
661,0.71042,16.797,0.14949,0.14949,0,0,0,0
661.5,0.71211,16.803,0.1501,0.1501,0,0,0,0
662,0.7137,16.808,0.15045,0.15045,0,0,0,0
662.5,0.71539,16.813,0.15094,0.15094,0,0,0,0
663,0.71708,16.818,0.15158,0.15158,0,0,0,0
663.5,0.719,16.825,0.15208,0.15208,0,0,0,0
664,0.72059,16.831,0.15248,0.15248,0,0,0,0
664.5,0.72255,16.836,0.15301,0.15301,0,0,0,0
665,0.72434,16.842,0.15347,0.15347,0,0,0,0
665.5,0.72657,16.848,0.15417,0.15417,0,0,0,0
666,0.72829,16.853,0.15486,0.15486,0,0,0,0
666.5,0.73002,16.858,0.15506,0.15506,0,0,0,0
667,0.73157,16.865,0.15579,0.15579,0,0,0,0
667.5,0.73312,16.872,0.15631,0.15631,0,0,0,0
668,0.73488,16.878,0.15668,0.15668,0,0,0,0
668.5,0.73647,16.883,0.1572,0.1572,0,0,0,0
669,0.73806,16.887,0.15749,0.15749,0,0,0,0
669.5,0.73965,16.893,0.1581,0.1581,0,0,0,0
670,0.7415,16.899,0.15856,0.15856,0,0,0,0
670.5,0.74319,16.905,0.15919,0.15919,0,0,0,0
671,0.74526,16.911,0.15957,0.15957,0,0,0,0
671.5,0.74711,16.917,0.16003,0.16003,0,0,0,0
672,0.74907,16.922,0.16075,0.16075,0,0,0,0
672.5,0.75066,16.927,0.16138,0.16138,0,0,0,0
673,0.75252,16.932,0.16176,0.16176,0,0,0,0
673.5,0.75418,16.936,0.16247,0.16247,0,0,0,0
674,0.75573,16.941,0.16305,0.16305,0,0,0,0
674.5,0.75742,16.947,0.16377,0.16377,0,0,0,0
675,0.75907,16.953,0.16408,0.16408,0,0,0,0
675.5,0.76049,16.96,0.16448,0.16448,0,0,0,0
676,0.76221,16.966,0.165,0.165,0,0,0,0
676.5,0.76418,16.969,0.16554,0.16554,0,0,0,0
677,0.76617,16.973,0.16614,0.16614,0,0,0,0
677.5,0.76766,16.978,0.16669,0.16669,0,0,0,0
678,0.76968,16.984,0.16717,0.16717,0,0,0,0
678.5,0.77164,16.989,0.1674,0.1674,0,0,0,0
679,0.77394,16.995,0.16809,0.16809,0,0,0,0
679.5,0.77563,17,0.16872,0.16872,0,0,0,0
680,0.77735,17.005,0.169,0.169,0,0,0,0
680.5,0.77918,17.01,0.16957,0.16957,0,0,0,0
681,0.78094,17.016,0.17012,0.17012,0,0,0,0
681.5,0.7828,17.024,0.17043,0.17043,0,0,0,0
682,0.78425,17.031,0.17111,0.17111,0,0,0,0
682.5,0.78617,17.036,0.17154,0.17154,0,0,0,0
683,0.78793,17.039,0.17211,0.17211,0,0,0,0
683.5,0.79013,17.043,0.17274,0.17274,0,0,0,0
684,0.79202,17.048,0.17305,0.17305,0,0,0,0
684.5,0.79385,17.054,0.1737,0.1737,0,0,0,0
685,0.79621,17.06,0.17416,0.17416,0,0,0,0
685.5,0.7981,17.066,0.17453,0.17453,0,0,0,0
686,0.79999,17.07,0.17532,0.17532,0,0,0,0
686.5,0.80172,17.073,0.17558,0.17558,0,0,0,0
687,0.80378,17.077,0.17614,0.17614,0,0,0,0
687.5,0.80543,17.084,0.17665,0.17665,0,0,0,0
688,0.80716,17.09,0.17699,0.17699,0,0,0,0
688.5,0.80912,17.096,0.17796,0.17796,0,0,0,0
689,0.81077,17.1,0.17846,0.17846,0,0,0,0
689.5,0.81266,17.104,0.17897,0.17897,0,0,0,0
690,0.81466,17.109,0.17974,0.17974,0,0,0,0
690.5,0.81648,17.115,0.17985,0.17985,0,0,0,0
691,0.81851,17.12,0.1803,0.1803,0,0,0,0
691.5,0.82067,17.125,0.1807,0.1807,0,0,0,0
692,0.82243,17.129,0.18123,0.18123,0,0,0,0
692.5,0.82463,17.134,0.18222,0.18222,0,0,0,0
693,0.82649,17.139,0.18244,0.18244,0,0,0,0
693.5,0.82807,17.143,0.18303,0.18303,0,0,0,0
694,0.8302,17.148,0.18349,0.18349,0,0,0,0
694.5,0.83145,17.153,0.18413,0.18413,0,0,0,0
695,0.83318,17.159,0.18472,0.18472,0,0,0,0
695.5,0.83449,17.162,0.18537,0.18537,0,0,0,0
696,0.83662,17.166,0.18557,0.18557,0,0,0,0
696.5,0.83845,17.17,0.18655,0.18655,0,0,0,0
697,0.84081,17.176,0.18686,0.18686,0,0,0,0
697.5,0.8426,17.182,0.18759,0.18759,0,0,0,0
698,0.8445,17.186,0.18801,0.18801,0,0,0,0
698.5,0.84662,17.189,0.18848,0.18848,0,0,0,0
699,0.84848,17.194,0.18935,0.18935,0,0,0,0
699.5,0.85004,17.201,0.18968,0.18968,0,0,0,0
700,0.85186,17.207,0.1903,0.1903,0,0,0,0
700.5,0.85392,17.211,0.1908,0.1908,0,0,0,0
701,0.85571,17.214,0.191,0.191,0,0,0,0
701.5,0.85747,17.22,0.19178,0.19178,0,0,0,0
702,0.85926,17.225,0.19248,0.19248,0,0,0,0
702.5,0.86109,17.23,0.19306,0.19306,0,0,0,0
703,0.86311,17.234,0.19381,0.19381,0,0,0,0
703.5,0.86558,17.239,0.19443,0.19443,0,0,0,0
704,0.86754,17.243,0.19504,0.19504,0,0,0,0
704.5,0.8698,17.248,0.19582,0.19582,0,0,0,0
705,0.8717,17.252,0.19637,0.19637,0,0,0,0
705.5,0.87376,17.257,0.19701,0.19701,0,0,0,0
706,0.87589,17.262,0.19773,0.19773,0,0,0,0
706.5,0.87771,17.266,0.19815,0.19815,0,0,0,0
707,0.87974,17.271,0.19848,0.19848,0,0,0,0
707.5,0.88173,17.276,0.19909,0.19909,0,0,0,0
708,0.88332,17.279,0.1997,0.1997,0,0,0,0
708.5,0.88525,17.282,0.20017,0.20017,0,0,0,0
709,0.88754,17.285,0.20089,0.20089,0,0,0,0
709.5,0.88954,17.29,0.20119,0.20119,0,0,0,0
710,0.8919,17.295,0.20196,0.20196,0,0,0,0
710.5,0.89366,17.3,0.20279,0.20279,0,0,0,0
711,0.89602,17.305,0.20357,0.20357,0,0,0,0
711.5,0.89826,17.308,0.20445,0.20445,0,0,0,0
712,0.90025,17.311,0.20533,0.20533,0,0,0,0
712.5,0.90184,17.315,0.20602,0.20602,0,0,0,0
713,0.90414,17.321,0.20648,0.20648,0,0,0,0
713.5,0.90603,17.325,0.20725,0.20725,0,0,0,0
714,0.90789,17.329,0.20783,0.20783,0,0,0,0
714.5,0.90971,17.334,0.20871,0.20871,0,0,0,0
715,0.91201,17.339,0.20937,0.20937,0,0,0,0
715.5,0.91377,17.344,0.21035,0.21035,0,0,0,0
716,0.91593,17.347,0.21087,0.21087,0,0,0,0
716.5,0.91833,17.351,0.21137,0.21137,0,0,0,0
717,0.92029,17.356,0.21224,0.21224,0,0,0,0
717.5,0.92238,17.36,0.2129,0.2129,0,0,0,0
718,0.92458,17.363,0.21366,0.21366,0,0,0,0
718.5,0.92603,17.368,0.21383,0.21383,0,0,0,0
719,0.92826,17.372,0.21448,0.21448,0,0,0,0
719.5,0.93005,17.375,0.21516,0.21516,0,0,0,0
720,0.93215,17.378,0.21565,0.21565,0,0,0,0
720.5,0.93377,17.383,0.21652,0.21652,0,0,0,0
721,0.93597,17.387,0.21709,0.21709,0,0,0,0
721.5,0.93793,17.392,0.21772,0.21772,0,0,0,0
722,0.94012,17.396,0.21856,0.21856,0,0,0,0
722.5,0.94215,17.401,0.21924,0.21924,0,0,0,0
723,0.94431,17.402,0.21997,0.21997,0,0,0,0
723.5,0.94627,17.405,0.22084,0.22084,0,0,0,0
724,0.94817,17.41,0.2213,0.2213,0,0,0,0
724.5,0.95039,17.417,0.22195,0.22195,0,0,0,0
725,0.95212,17.421,0.22301,0.22301,0,0,0,0
725.5,0.95445,17.425,0.22347,0.22347,0,0,0,0
726,0.95624,17.43,0.22455,0.22455,0,0,0,0
726.5,0.95851,17.434,0.22525,0.22525,0,0,0,0
727,0.96026,17.437,0.22579,0.22579,0,0,0,0
727.5,0.96259,17.441,0.22681,0.22681,0,0,0,0
728,0.96442,17.444,0.22738,0.22738,0,0,0,0
728.5,0.96699,17.445,0.22808,0.22808,0,0,0,0
729,0.96885,17.448,0.22875,0.22875,0,0,0,0
729.5,0.97121,17.454,0.2294,0.2294,0,0,0,0
730,0.97348,17.46,0.22988,0.22988,0,0,0,0
730.5,0.9755,17.464,0.23085,0.23085,0,0,0,0
731,0.97753,17.471,0.23162,0.23162,0,0,0,0
731.5,0.97983,17.476,0.23237,0.23237,0,0,0,0
732,0.98186,17.478,0.23318,0.23318,0,0,0,0
732.5,0.98402,17.479,0.23393,0.23393,0,0,0,0
733,0.98608,17.483,0.23449,0.23449,0,0,0,0
733.5,0.98781,17.486,0.23542,0.23542,0,0,0,0
734,0.99037,17.49,0.23609,0.23609,0,0,0,0
734.5,0.9926,17.495,0.23663,0.23663,0,0,0,0
735,0.99463,17.496,0.23748,0.23748,0,0,0,0
735.5,0.9972,17.497,0.23846,0.23846,0,0,0,0
736,0.99946,17.502,0.23923,0.23923,0,0,0,0
736.5,1.0015,17.507,0.23953,0.23953,0,0,0,0
737,1.0035,17.51,0.24043,0.24043,0,0,0,0
737.5,1.0058,17.513,0.24147,0.24147,0,0,0,0
738,1.0082,17.515,0.24192,0.24192,0,0,0,0
738.5,1.0105,17.52,0.24306,0.24306,0,0,0,0
739,1.0126,17.527,0.24393,0.24393,0,0,0,0
739.5,1.0148,17.532,0.24473,0.24473,0,0,0,0
740,1.0167,17.534,0.24568,0.24568,0,0,0,0
740.5,1.019,17.536,0.24642,0.24642,0,0,0,0
741,1.0214,17.54,0.24735,0.24735,0,0,0,0
741.5,1.0236,17.544,0.24795,0.24795,0,0,0,0
742,1.0261,17.547,0.24901,0.24901,0,0,0,0
742.5,1.0289,17.549,0.24956,0.24956,0,0,0,0
743,1.0306,17.551,0.25056,0.25056,0,0,0,0
743.5,1.0332,17.553,0.25106,0.25106,0,0,0,0
744,1.0349,17.555,0.25182,0.25182,0,0,0,0
744.5,1.0371,17.559,0.25264,0.25264,0,0,0,0
745,1.0389,17.564,0.25345,0.25345,0,0,0,0
745.5,1.0411,17.568,0.25405,0.25405,0,0,0,0
746,1.0437,17.571,0.25489,0.25489,0,0,0,0
746.5,1.0458,17.573,0.25594,0.25594,0,0,0,0
747,1.0482,17.578,0.25696,0.25696,0,0,0,0
747.5,1.0505,17.582,0.25766,0.25766,0,0,0,0
748,1.0526,17.585,0.25855,0.25855,0,0,0,0
748.5,1.0553,17.585,0.25946,0.25946,0,0,0,0
749,1.0578,17.587,0.26079,0.26079,0,0,0,0
749.5,1.06,17.591,0.26165,0.26165,0,0,0,0
750,1.062,17.595,0.26287,0.26287,0,0,0,0
750.5,1.0642,17.599,0.26347,0.26347,0,0,0,0
751,1.0665,17.601,0.26394,0.26394,0,0,0,0
751.5,1.0686,17.602,0.26487,0.26487,0,0,0,0
752,1.0709,17.605,0.26549,0.26549,0,0,0,0
752.5,1.0732,17.608,0.26638,0.26638,0,0,0,0
753,1.0754,17.611,0.26741,0.26741,0,0,0,0
753.5,1.078,17.614,0.26868,0.26868,0,0,0,0
754,1.0806,17.617,0.26958,0.26958,0,0,0,0
754.5,1.0832,17.619,0.27092,0.27092,0,0,0,0
755,1.0856,17.622,0.2719,0.2719,0,0,0,0
755.5,1.088,17.625,0.27275,0.27275,0,0,0,0
756,1.0905,17.627,0.27388,0.27388,0,0,0,0
756.5,1.0923,17.629,0.27486,0.27486,0,0,0,0
757,1.0948,17.631,0.27573,0.27573,0,0,0,0
757.5,1.0971,17.633,0.27706,0.27706,0,0,0,0
758,1.0995,17.634,0.27781,0.27781,0,0,0,0
758.5,1.1021,17.636,0.27865,0.27865,0,0,0,0
759,1.1048,17.639,0.2798,0.2798,0,0,0,0
759.5,1.1075,17.641,0.28095,0.28095,0,0,0,0
760,1.11,17.643,0.28215,0.28215,0,0,0,0
760.5,1.1125,17.646,0.28345,0.28345,0,0,0,0
761,1.115,17.649,0.28457,0.28457,0,0,0,0
761.5,1.1175,17.65,0.28576,0.28576,0,0,0,0
762,1.12,17.65,0.28683,0.28683,0,0,0,0
762.5,1.1223,17.652,0.28789,0.28789,0,0,0,0
763,1.1247,17.654,0.28924,0.28924,0,0,0,0
763.5,1.1273,17.654,0.29078,0.29078,0,0,0,0
764,1.13,17.655,0.29189,0.29189,0,0,0,0
764.5,1.1327,17.655,0.29348,0.29348,0,0,0,0
765,1.1357,17.655,0.29489,0.29489,0,0,0,0
765.5,1.1383,17.656,0.29562,0.29562,0,0,0,0
766,1.1412,17.657,0.29753,0.29753,0,0,0,0
766.5,1.1443,17.655,0.29846,0.29846,0,0,0,0
767,1.1471,17.652,0.29959,0.29959,0,0,0,0
767.5,1.1498,17.65,0.30129,0.30129,0,0,0,0
768,1.1524,17.647,0.30287,0.30287,0,0,0,0
768.5,1.1554,17.645,0.30464,0.30464,0,0,0,0
769,1.1584,17.642,0.30563,0.30563,0,0,0,0
769.5,1.1614,17.639,0.30688,0.30688,0,0,0,0
770,1.1646,17.634,0.30861,0.30861,0,0,0,0
770.5,1.1679,17.629,0.31035,0.31035,0,0,0,0
771,1.1715,17.623,0.31176,0.31176,0,0,0,0
771.5,1.1746,17.619,0.31352,0.31352,0,0,0,0
772,1.1781,17.612,0.31522,0.31522,0,0,0,0
772.5,1.1814,17.602,0.31744,0.31744,0,0,0,0
