0,0,-0.02504,0,0,1.495,19.995,10.023,2
0.5,0.000198,-0.0036495,0.00030495,0,0,0,0,0
1,0.00034,0.019413,0.00012799,0,0,0,0,0
1.5,0.000399,0.054629,0.00013399,0,0,0,0,0
2,0.000386,0.088126,-3.5001e-05,0,0,0,0,0
2.5,0.000438,0.12072,3.1e-05,0,0,0,0,0
3,0.000392,0.14895,8.1997e-05,0,0,0,0,0
3.5,0.00032,0.17412,6.5998e-05,0,0,0,0,0
4,0.000655,0.19621,0.00017299,0,0,0,0,0
4.5,0.000795,0.21799,0.00017299,0,0,0,0,0
5,0.000832,0.23883,0.00012799,0,0,0,0,0
5.5,0.000754,0.2607,0.00029996,0,0,0,0,0
6,0.000693,0.28224,0.00025097,0,0,0,0,0
6.5,0.000868,0.30277,0.00019498,0,0,0,0,0
7,0.000864,0.32375,0.00026896,0,0,0,0,0
7.5,0.001007,0.3447,0.00024897,0,0,0,0,0
8,0.001182,0.36643,0.00013899,0,0,0,0,0
8.5,0.001405,0.3891,0.00017898,0,0,0,0,0
9,0.001259,0.41281,0.00038992,0,0,0,0,0
9.5,0.000675,0.43377,0.00019698,0,0,0,0,0
10,0.0018,0.45382,0.00024797,0,0,0,0,0
10.5,0.001676,0.47501,0.00013699,0,0,0,0,0
11,0.001884,0.49665,0.00015099,0,0,0,0,0
11.5,0.001931,0.51796,2.3e-05,0,0,0,0,0
12,0.001818,0.53927,0.00032195,0,0,0,0,0
12.5,0.002158,0.56046,0.00026996,0,0,0,0,0
13,0.002304,0.57935,0.00025397,0,0,0,0,0
13.5,0.00223,0.59873,0.00028096,0,0,0,0,0
14,0.002035,0.61888,0.00016599,0,0,0,0,0
14.5,0.002026,0.63973,0.00030395,0,0,0,0,0
15,0.002257,0.66013,0.00028096,0,0,0,0,0
15.5,0.002303,0.67963,0.00033794,0,0,0,0,0
16,0.001969,0.70038,0.00020298,0,0,0,0,0
16.5,0.002244,0.72132,0.00028696,0,0,0,0,0
17,0.002421,0.7424,0.00030795,0,0,0,0,0
17.5,0.002345,0.76234,0.00026397,0,0,0,0,0
18,0.002343,0.78215,0.00037493,0,0,0,0,0
18.5,0.002465,0.80117,0.00046989,0,0,0,0,0
19,0.002695,0.82146,0.0004559,0,0,0,0,0
19.5,0.002797,0.84253,0.0004529,0,0,0,0,0
20,0.002848,0.86177,0.00016199,0,0,0,0,0
20.5,0.002868,0.8808,0.00019298,0,0,0,0,0
21,0.003275,0.90075,0.00033794,0,0,0,0,0
21.5,0.003412,0.92116,0.00043291,0,0,0,0,0
22,0.003743,0.9396,0.00028096,0,0,0,0,0
22.5,0.003916,0.95954,-4.7001e-05,0,0,0,0,0
23,0.003546,0.97992,-0.00012501,0,0,0,0,0
23.5,0.003778,0.99897,0.00018298,0,0,0,0,0
24,0.00389,1.0171,0.00015599,0,0,0,0,0
24.5,0.003972,1.0358,0.00031395,0,0,0,0,0
25,0.003918,1.0544,0.00023697,0,0,0,0,0
25.5,0.004065,1.0735,0.00024397,0,0,0,0,0
26,0.003883,1.094,0.00033494,0,0,0,0,0
26.5,0.003909,1.1118,0.00033494,0,0,0,0,0
27,0.003707,1.1291,0.00042291,0,0,0,0,0
27.5,0.003734,1.1477,0.00039892,0,0,0,0,0
28,0.00382,1.166,0.00038193,0,0,0,0,0
28.5,0.003956,1.1831,0.00042991,0,0,0,0,0
29,0.003872,1.1997,0.00026397,0,0,0,0,0
29.5,0.00404,1.2184,0.00041591,0,0,0,0,0
30,0.004375,1.2379,0.00040592,0,0,0,0,0
30.5,0.004367,1.2573,0.00039192,0,0,0,0,0
31,0.004442,1.273,0.00049988,0,0,0,0,0
31.5,0.004865,1.2886,0.00062181,0,0,0,0,0
32,0.004985,1.3059,0.00061181,0,0,0,0,0
32.5,0.005192,1.3234,0.0004399,0,0,0,0,0
33,0.005416,1.3405,0.00047988,0,0,0,0,0
33.5,0.005798,1.3574,0.00053386,0,0,0,0,0
34,0.005786,1.3751,0.00023997,0,0,0,0,0
34.5,0.005662,1.392,0.00037493,0,0,0,0,0
35,0.005868,1.4089,0.00058483,0,0,0,0,0
35.5,0.005797,1.4256,0.00050387,0,0,0,0,0
36,0.005894,1.4433,0.00034194,0,0,0,0,0
36.5,0.005553,1.4607,0.00039892,0,0,0,0,0
37,0.00541,1.4779,0.00055085,0,0,0,0,0
37.5,0.005448,1.4951,0.00040292,0,0,0,0,0
38,0.005556,1.5127,0.00042291,0,0,0,0,0
38.5,0.005461,1.5303,0.00067577,0,0,0,0,0
39,0.005586,1.545,0.00048388,0,0,0,0,0
39.5,0.005357,1.5597,0.00057184,0,0,0,0,0
40,0.005833,1.5767,0.00054485,0,0,0,0,0
40.5,0.00576,1.5948,0.00052786,0,0,0,0,0
41,0.006254,1.6107,0.00062181,0,0,0,0,0
41.5,0.006266,1.6253,0.00075771,0,0,0,0,0
42,0.006609,1.6415,0.00072674,0,0,0,0,0
42.5,0.00681,1.6578,0.00055485,0,0,0,0,0
43,0.007265,1.6748,0.00066978,0,0,0,0,0
43.5,0.007113,1.6913,0.00059482,0,0,0,0,0
44,0.007706,1.7093,0.00031095,0,0,0,0,0
44.5,0.007663,1.7252,0.00069676,0,0,0,0,0
45,0.007655,1.7396,0.00039892,0,0,0,0,0
45.5,0.007891,1.7553,0.00040892,0,0,0,0,0
46,0.007798,1.7724,0.00053786,0,0,0,0,0
46.5,0.007536,1.788,0.00043291,0,0,0,0,0
47,0.007314,1.8019,0.00041291,0,0,0,0,0
47.5,0.007505,1.8175,0.00057483,0,0,0,0,0
48,0.007325,1.8332,0.00058483,0,0,0,0,0
48.5,0.007043,1.85,0.00047389,0,0,0,0,0
49,0.007241,1.8666,0.00055485,0,0,0,0,0
49.5,0.007344,1.8834,0.0006258,0,0,0,0,0
50,0.007377,1.8982,0.00041291,0,0,0,0,0
50.5,0.007333,1.912,0.00055085,0,0,0,0,0
51,0.007457,1.9277,0.00057483,0,0,0,0,0
51.5,0.007838,1.9438,0.00053786,0,0,0,0,0
52,0.007907,1.9598,0.00052786,0,0,0,0,0
52.5,0.008504,1.9747,0.00049688,0,0,0,0,0
53,0.008521,1.9914,0.00042591,0,0,0,0,0
53.5,0.008632,2.007,0.00067977,0,0,0,0,0
54,0.009104,2.023,0.00059482,0,0,0,0,0
54.5,0.009527,2.0386,0.00012199,0,0,0,0,0
55,0.009703,2.0537,0.00041991,0,0,0,0,0
55.5,0.009724,2.0689,0.00039292,0,0,0,0,0
56,0.009939,2.0844,0.00046289,0,0,0,0,0
56.5,0.009949,2.0996,0.00047988,0,0,0,0,0
57,0.009654,2.114,0.00036893,0,0,0,0,0
57.5,0.009418,2.1298,0.00048088,0,0,0,0,0
58,0.009286,2.1449,0.00037893,0,0,0,0,0
58.5,0.009229,2.1604,0.00043291,0,0,0,0,0
59,0.009291,2.1752,0.00041991,0,0,0,0,0
59.5,0.009502,2.1908,0.0004539,0,0,0,0,0
60,0.009325,2.2065,0.00041291,0,0,0,0,0
60.5,0.009254,2.2224,0.00049088,0,0,0,0,0
61,0.00938,2.2367,0.00043291,0,0,0,0,0
61.5,0.009454,2.2509,0.00045989,0,0,0,0,0
62,0.009617,2.2667,0.00053786,0,0,0,0,0
62.5,0.009665,2.283,0.00058183,0,0,0,0,0
63,0.010031,2.2998,0.0006358,0,0,0,0,0
63.5,0.01041,2.3149,0.00070075,0,0,0,0,0
64,0.010626,2.329,0.00073373,0,0,0,0,0
64.5,0.010848,2.3436,0.00056784,0,0,0,0,0
65,0.011612,2.3596,0.00047389,0,0,0,0,0
65.5,0.011431,2.375,0.00070975,0,0,0,0,0
66,0.011655,2.3886,0.00053786,0,0,0,0,0
66.5,0.0116,2.4038,0.00060881,0,0,0,0,0
67,0.011825,2.4196,0.00046089,0,0,0,0,0
67.5,0.011714,2.4362,0.00069976,0,0,0,0,0
68,0.011869,2.4497,0.0006328,0,0,0,0,0
68.5,0.011672,2.4629,0.00072074,0,0,0,0,0
69,0.01156,2.4767,0.00076071,0,0,0,0,0
69.5,0.011367,2.4916,0.00051787,0,0,0,0,0
70,0.011501,2.5066,0.00064279,0,0,0,0,0
70.5,0.011373,2.522,0.00057883,0,0,0,0,0
71,0.011193,2.5376,0.00070375,0,0,0,0,0
71.5,0.011016,2.552,0.00041691,0,0,0,0,0
72,0.011368,2.5665,0.00066978,0,0,0,0,0
72.5,0.011161,2.5795,0.0006398,0,0,0,0,0
73,0.011364,2.592,0.00052786,0,0,0,0,0
73.5,0.0116,2.6052,0.00067677,0,0,0,0,0
74,0.011986,2.62,0.00074172,0,0,0,0,0
74.5,0.012297,2.6356,0.00069776,0,0,0,0,0
75,0.012447,2.6514,0.00069676,0,0,0,0,0
75.5,0.012808,2.6662,0.00066378,0,0,0,0,0
76,0.013475,2.6791,0.00085563,0,0,0,0,0
76.5,0.013502,2.6937,0.00099051,0,0,0,0,0
77,0.013781,2.7091,0.00070775,0,0,0,0,0
77.5,0.01391,2.7239,0.00085963,0,0,0,0,0
78,0.013721,2.7372,0.00078869,0,0,0,0,0
78.5,0.013653,2.7514,0.00071075,0,0,0,0,0
79,0.013986,2.7651,0.00074472,0,0,0,0,0
79.5,0.013761,2.7783,0.00090359,0,0,0,0,0
80,0.013403,2.793,0.00052486,0,0,0,0,0
80.5,0.01346,2.8092,0.00090759,0,0,0,0,0
81,0.013187,2.8262,0.00075871,0,0,0,0,0
81.5,0.013221,2.8393,0.00062381,0,0,0,0,0
82,0.013124,2.8512,0.00075172,0,0,0,0,0
82.5,0.013106,2.8632,0.0007787,0,0,0,0,0
83,0.013176,2.8784,0.00085963,0,0,0,0,0
83.5,0.013467,2.8935,0.00067477,0,0,0,0,0
84,0.013396,2.9095,0.00068377,0,0,0,0,0
84.5,0.01349,2.925,0.00072873,0,0,0,0,0
85,0.013908,2.939,0.00073773,0,0,0,0,0
85.5,0.01404,2.9533,0.00075472,0,0,0,0,0
86,0.014603,2.9678,0.0006368,0,0,0,0,0
86.5,0.014712,2.9815,0.00085963,0,0,0,0,0
87,0.014906,2.9937,0.00082566,0,0,0,0,0
87.5,0.015245,3.0071,0.00080268,0,0,0,0,0
88,0.015874,3.0217,0.00080268,0,0,0,0,0
88.5,0.015811,3.0364,0.00080568,0,0,0,0,0
89,0.016087,3.0509,0.00078169,0,0,0,0,0
89.5,0.016101,3.0652,0.00069476,0,0,0,0,0
90,0.016118,3.0793,0.00072174,0,0,0,0,0
90.5,0.015961,3.0933,0.00068077,0,0,0,0,0
91,0.016229,3.1076,0.00061081,0,0,0,0,0
91.5,0.016337,3.1226,0.00069476,0,0,0,0,0
92,0.0159,3.1359,0.00066078,0,0,0,0,0
92.5,0.015575,3.1493,0.00080967,0,0,0,0,0
93,0.015465,3.1633,0.00091059,0,0,0,0,0
93.5,0.015181,3.1782,0.00068776,0,0,0,0,0
94,0.015344,3.1912,0.00056984,0,0,0,0,0
94.5,0.015204,3.2024,0.00068477,0,0,0,0,0
95,0.015606,3.2144,0.00080667,0,0,0,0,0
95.5,0.015479,3.2273,0.00069176,0,0,0,0,0
96,0.015755,3.2418,0.00064079,0,0,0,0,0
96.5,0.016163,3.257,0.00060682,0,0,0,0,0
97,0.01647,3.2728,0.00073873,0,0,0,0,0
97.5,0.016786,3.2874,0.00084065,0,0,0,0,0
98,0.017149,3.3024,0.00081667,0,0,0,0,0
98.5,0.017456,3.3182,0.0007757,0,0,0,0,0
99,0.017696,3.3328,0.00067377,0,0,0,0,0
99.5,0.017734,3.3461,0.00065379,0,0,0,0,0
100,0.017931,3.3576,0.00071774,0,0,0,0,0
100.5,0.018074,3.3701,0.00080568,0,0,0,0,0
101,0.018139,3.3838,0.00071474,0,0,0,0,0
101.5,0.018162,3.4004,0.0011433,0,0,0,0,0
102,0.018186,3.4158,0.00083665,0,0,0,0,0
102.5,0.018042,3.4311,0.00085364,0,0,0,0,0
103,0.018027,3.4446,0.00085763,0,0,0,0,0
103.5,0.018042,3.4573,0.00079568,0,0,0,0,0
104,0.017731,3.4692,0.00073173,0,0,0,0,0
104.5,0.017575,3.4831,0.00065778,0,0,0,0,0
105,0.017572,3.4991,0.00085364,0,0,0,0,0
105.5,0.017471,3.5143,0.00064179,0,0,0,0,0
106,0.017478,3.5283,0.00073573,0,0,0,0,0
106.5,0.017635,3.5413,0.0006338,0,0,0,0,0
107,0.017764,3.5558,0.00080667,0,0,0,0,0
107.5,0.018065,3.5706,0.0007757,0,0,0,0,0
108,0.018252,3.5851,0.00064079,0,0,0,0,0
108.5,0.018514,3.5966,0.00061781,0,0,0,0,0
109,0.018857,3.6091,0.00072574,0,0,0,0,0
109.5,0.019017,3.6239,0.00067177,0,0,0,0,0
110,0.019331,3.6386,0.00064079,0,0,0,0,0
110.5,0.019566,3.6521,0.0010764,0,0,0,0,0
111,0.019785,3.6654,0.00075571,0,0,0,0,0
111.5,0.019881,3.6785,0.00093456,0,0,0,0,0
112,0.020083,3.6914,0.00079269,0,0,0,0,0
112.5,0.020363,3.7061,0.00094855,0,0,0,0,0
113,0.020359,3.7197,0.00057683,0,0,0,0,0
113.5,0.020276,3.7312,0.00084764,0,0,0,0,0
114,0.020293,3.7427,0.00081367,0,0,0,0,0
114.5,0.020357,3.7555,0.00074572,0,0,0,0,0
115,0.020085,3.7695,0.00067877,0,0,0,0,0
115.5,0.020208,3.7836,0.00084764,0,0,0,0,0
116,0.019908,3.7964,0.00067777,0,0,0,0,0
116.5,0.019971,3.808,0.00084764,0,0,0,0,0
117,0.019866,3.8212,0.0007797,0,0,0,0,0
117.5,0.019657,3.836,0.0007797,0,0,0,0,0
118,0.019249,3.8495,0.00064479,0,0,0,0,0
118.5,0.01989,3.8634,0.00054285,0,0,0,0,0
119,0.020086,3.8773,0.00074572,0,0,0,0,0
119.5,0.020113,3.8919,0.0007797,0,0,0,0,0
120,0.020551,3.9057,0.0007797,0,0,0,0,0
120.5,0.02085,3.9183,0.00067877,0,0,0,0,0
121,0.021119,3.9313,0.00091458,0,0,0,0,0
121.5,0.021384,3.9454,0.00088061,0,0,0,0,0
122,0.021346,3.9586,0.0007797,0,0,0,0,0
122.5,0.022155,3.9699,0.0007797,0,0,0,0,0
123,0.022014,3.9833,0.00091458,0,0,0,0,0
123.5,0.022044,3.9966,0.00088061,0,0,0,0,0
124,0.022241,4.0094,0.0010834,0,0,0,0,0
124.5,0.022474,4.0216,0.00074572,0,0,0,0,0
125,0.022338,4.0356,0.0010165,0,0,0,0,0
125.5,0.022365,4.0492,0.0007797,0,0,0,0,0
126,0.022094,4.0632,0.00081367,0,0,0,0,0
126.5,0.022258,4.0766,0.00091558,0,0,0,0,0
127,0.022148,4.09,0.0010165,0,0,0,0,0
127.5,0.02225,4.1031,0.00094855,0,0,0,0,0
128,0.02194,4.1165,0.00091558,0,0,0,0,0
128.5,0.022139,4.1298,0.00091558,0,0,0,0,0
129,0.022099,4.1411,0.0007807,0,0,0,0,0
129.5,0.022062,4.1534,0.00084664,0,0,0,0,0
130,0.022262,4.1671,0.00088161,0,0,0,0,0
130.5,0.022224,4.1808,0.00074672,0,0,0,0,0
131,0.022188,4.193,0.00091458,0,0,0,0,0
131.5,0.022825,4.2052,0.00091558,0,0,0,0,0
132,0.022957,4.218,0.00084764,0,0,0,0,0
132.5,0.023393,4.2308,0.00064479,0,0,0,0,0
133,0.023691,4.2439,0.00084764,0,0,0,0,0
133.5,0.023723,4.2573,0.00088061,0,0,0,0,0
134,0.024224,4.2711,0.00084764,0,0,0,0,0
134.5,0.024189,4.2845,0.00084764,0,0,0,0,0
135,0.024421,4.2981,0.0011184,0,0,0,0,0
135.5,0.024719,4.3121,0.00098352,0,0,0,0,0
136,0.024717,4.3243,0.0010504,0,0,0,0,0
136.5,0.024646,4.3363,0.0010844,0,0,0,0,0
137,0.025012,4.3494,0.0010165,0,0,0,0,0
137.5,0.024942,4.3637,0.0010165,0,0,0,0,0
138,0.024836,4.378,0.00081367,0,0,0,0,0
138.5,0.024798,4.3924,0.0012193,0,0,0,0,0
139,0.024762,4.4061,0.00071275,0,0,0,0,0
139.5,0.024725,4.4191,0.00098252,0,0,0,0,0
140,0.024586,4.4307,0.0010175,0,0,0,0,0
140.5,0.024715,4.441,0.0010165,0,0,0,0,0
141,0.024509,4.4526,0.0010844,0,0,0,0,0
141.5,0.02481,4.4673,0.00094955,0,0,0,0,0
142,0.024703,4.4828,0.0010175,0,0,0,0,0
142.5,0.025074,4.4964,0.00094955,0,0,0,0,0
143,0.025271,4.5089,0.0010514,0,0,0,0,0
143.5,0.025743,4.521,0.0011853,0,0,0,0,0
144,0.025738,4.5354,0.0011184,0,0,0,0,0
144.5,0.026074,4.5511,0.0011184,0,0,0,0,0
145,0.025937,4.5641,0.0012193,0,0,0,0,0
145.5,0.026066,4.574,0.0012542,0,0,0,0,0
146,0.026503,4.5861,0.0011523,0,0,0,0,0
146.5,0.02643,4.5997,0.0011523,0,0,0,0,0
147,0.026731,4.6125,0.0013551,0,0,0,0,0
147.5,0.027168,4.625,0.0013551,0,0,0,0,0
148,0.027162,4.6388,0.0012532,0,0,0,0,0
148.5,0.027161,4.6522,0.0012203,0,0,0,0,0
149,0.027359,4.6648,0.0013551,0,0,0,0,0
149.5,0.027422,4.6767,0.0014899,0,0,0,0,0
150,0.027522,4.6889,0.0013551,0,0,0,0,0
150.5,0.027448,4.701,0.0011184,0,0,0,0,0
151,0.027311,4.7134,0.0012203,0,0,0,0,0
151.5,0.02717,4.7258,0.0012882,0,0,0,0,0
152,0.027301,4.7404,0.0011523,0,0,0,0,0
152.5,0.027606,4.7551,0.0011863,0,0,0,0,0
153,0.027596,4.769,0.0015248,0,0,0,0,0
153.5,0.027731,4.7809,0.0013561,0,0,0,0,0
154,0.027831,4.7942,0.0011873,0,0,0,0,0
154.5,0.027925,4.8079,0.001389,0,0,0,0,0
155,0.028362,4.8202,0.0015238,0,0,0,0,0
155.5,0.028357,4.8315,0.001423,0,0,0,0,0
156,0.028523,4.8439,0.0015578,0,0,0,0,0
156.5,0.028861,4.8575,0.0014569,0,0,0,0,0
157,0.028889,4.8709,0.001423,0,0,0,0,0
157.5,0.02902,4.8842,0.0014569,0,0,0,0,0
158,0.02915,4.8958,0.0017275,0,0,0,0,0
158.5,0.029388,4.9068,0.0016267,0,0,0,0,0
159,0.029516,4.9179,0.0014569,0,0,0,0,0
159.5,0.02941,4.9309,0.0014909,0,0,0,0,0
160,0.029781,4.9448,0.0014919,0,0,0,0,0
160.5,0.029706,4.9589,0.0013571,0,0,0,0,0
161,0.029842,4.9719,0.001425,0,0,0,0,0
161.5,0.029937,4.9852,0.001424,0,0,0,0,0
162,0.030067,4.9983,0.0012892,0,0,0,0,0
162.5,0.030199,5.0102,0.001425,0,0,0,0,0
163,0.030632,5.0215,0.0015937,0,0,0,0,0
163.5,0.030393,5.0342,0.0014579,0,0,0,0,0
164,0.030557,5.0472,0.0015937,0,0,0,0,0
164.5,0.03038,5.0583,0.0015278,0,0,0,0,0
165,0.030479,5.0701,0.0015268,0,0,0,0,0
165.5,0.030575,5.0845,0.0013591,0,0,0,0,0
166,0.030436,5.0993,0.0018653,0,0,0,0,0
166.5,0.030638,5.1118,0.0014599,0,0,0,0,0
167,0.031112,5.1248,0.0016966,0,0,0,0,0
167.5,0.031444,5.1379,0.001392,0,0,0,0,0
168,0.031675,5.1497,0.0020339,0,0,0,0,0
168.5,0.031567,5.1603,0.0016626,0,0,0,0,0
169,0.031396,5.1723,0.0017974,0,0,0,0,0
169.5,0.031732,5.1851,0.0016626,0,0,0,0,0
170,0.032298,5.1986,0.0017974,0,0,0,0,0
170.5,0.032433,5.2118,0.0019321,0,0,0,0,0
171,0.032562,5.2249,0.0016626,0,0,0,0,0
171.5,0.032593,5.238,0.0014609,0,0,0,0,0
172,0.032225,5.2499,0.0015618,0,0,0,0,0
172.5,0.03252,5.2613,0.0014609,0,0,0,0,0
173,0.03275,5.2739,0.0015957,0,0,0,0,0
173.5,0.033154,5.2875,0.0015947,0,0,0,0,0
174,0.033421,5.3013,0.0015628,0,0,0,0,0
174.5,0.033615,5.3157,0.0015288,0,0,0,0,0
175,0.033448,5.33,0.0013601,0,0,0,0,0
175.5,0.033609,5.3437,0.0015628,0,0,0,0,0
176,0.034149,5.3572,0.0016996,0,0,0,0,0
176.5,0.034111,5.3701,0.0016976,0,0,0,0,0
177,0.034377,5.3839,0.0014959,0,0,0,0,0
177.5,0.034476,5.3969,0.0016986,0,0,0,0,0
178,0.03481,5.4103,0.0015308,0,0,0,0,0
178.5,0.034878,5.4225,0.0015967,0,0,0,0,0
179,0.035076,5.4359,0.0018333,0,0,0,0,0
179.5,0.034933,5.449,0.0018333,0,0,0,0,0
180,0.035035,5.4633,0.0016986,0,0,0,0,0
180.5,0.035333,5.4759,0.002001,0,0,0,0,0
181,0.035295,5.4879,0.0020349,0,0,0,0,0
181.5,0.035088,5.5008,0.0017654,0,0,0,0,0
182,0.03566,5.5144,0.002002,0,0,0,0,0
182.5,0.035657,5.5274,0.0017325,0,0,0,0,0
183,0.03572,5.5391,0.0016646,0,0,0,0,0
183.5,0.03609,5.5503,0.0017984,0,0,0,0,0
184,0.036085,5.5614,0.0018333,0,0,0,0,0
184.5,0.036149,5.5749,0.0017664,0,0,0,0,0
185,0.036551,5.5905,0.0015638,0,0,0,0,0
185.5,0.036648,5.6036,0.0017325,0,0,0,0,0
186,0.037017,5.6164,0.0016307,0,0,0,0,0
186.5,0.037389,5.6287,0.0018343,0,0,0,0,0
187,0.037655,5.6425,0.0015977,0,0,0,0,0
187.5,0.037958,5.6542,0.0016636,0,0,0,0,0
188,0.037986,5.6675,0.0015298,0,0,0,0,0
188.5,0.038527,5.6807,0.0016317,0,0,0,0,0
189,0.038656,5.6952,0.0016646,0,0,0,0,0
189.5,0.038924,5.7088,0.0016986,0,0,0,0,0
190,0.038752,5.7207,0.0016986,0,0,0,0,0
190.5,0.038848,5.733,0.0015977,0,0,0,0,0
191,0.039015,5.7465,0.0016646,0,0,0,0,0
191.5,0.038913,5.7617,0.0017325,0,0,0,0,0
192,0.039007,5.7746,0.0017664,0,0,0,0,0
192.5,0.038974,5.7876,0.0018333,0,0,0,0,0
193,0.039168,5.7995,0.0019002,0,0,0,0,0
193.5,0.03954,5.8103,0.0019671,0,0,0,0,0
194,0.039468,5.8215,0.0018992,0,0,0,0,0
194.5,0.0396,5.8346,0.0021028,0,0,0,0,0
195,0.039834,5.8489,0.0020679,0,0,0,0,0
195.5,0.03966,5.8607,0.0019681,0,0,0,0,0
196,0.039959,5.8727,0.0022365,0,0,0,0,0
196.5,0.040431,5.8848,0.0020689,0,0,0,0,0
197,0.040595,5.8976,0.0017654,0,0,0,0,0
197.5,0.041436,5.91,0.0022694,0,0,0,0,0
198,0.041603,5.9241,0.0020349,0,0,0,0,0
198.5,0.040898,5.9389,0.0019331,0,0,0,0,0
199,0.041434,5.9521,0.0017984,0,0,0,0,0
199.5,0.042408,5.9664,0.0018663,0,0,0,0,0
200,0.042879,5.9785,0.0021357,0,0,0,0,0
200.5,0.043452,5.9906,0.0018323,0,0,0,0,0
201,0.042974,6.0023,0.0018323,0,0,0,0,0
201.5,0.043275,6.0163,0.0017984,0,0,0,0,0
202,0.043032,6.0279,0.0018004,0,0,0,0,0
202.5,0.043406,6.0408,0.0018663,0,0,0,0,0
203,0.043397,6.0544,0.0019661,0,0,0,0,0
203.5,0.04326,6.0681,0.0022365,0,0,0,0,0
204,0.043357,6.0801,0.0022365,0,0,0,0,0
204.5,0.043353,6.0917,0.0020669,0,0,0,0,0
205,0.043419,6.1038,0.0022704,0,0,0,0,0
205.5,0.043516,6.1165,0.0022036,0,0,0,0,0
206,0.043682,6.1291,0.002439,0,0,0,0,0
206.5,0.04378,6.1408,0.0022704,0,0,0,0,0
207,0.044045,6.1529,0.0022365,0,0,0,0,0
207.5,0.044146,6.1663,0.0024051,0,0,0,0,0
208,0.044715,6.1806,0.0023383,0,0,0,0,0
208.5,0.044915,6.1944,0.0023722,0,0,0,0,0
209,0.045215,6.2081,0.0023383,0,0,0,0,0
209.5,0.045584,6.2213,0.0022714,0,0,0,0,0
210,0.046057,6.2343,0.0023393,0,0,0,0,0
210.5,0.046492,6.2473,0.0024729,0,0,0,0,0
211,0.046927,6.2594,0.00244,0,0,0,0,0
211.5,0.047397,6.2717,0.0022385,0,0,0,0,0
212,0.04763,6.2856,0.0024051,0,0,0,0,0
212.5,0.048034,6.2992,0.0023393,0,0,0,0,0
213,0.047997,6.3111,0.0023043,0,0,0,0,0
213.5,0.048061,6.3226,0.0022714,0,0,0,0,0
214,0.048159,6.3366,0.0024749,0,0,0,0,0
214.5,0.04829,6.3506,0.0023393,0,0,0,0,0
215,0.048357,6.3637,0.0026435,0,0,0,0,0
215.5,0.048318,6.3747,0.0025079,0,0,0,0,0
216,0.048417,6.3888,0.0028798,0,0,0,0,0
216.5,0.048447,6.403,0.0027113,0,0,0,0,0
217,0.048309,6.4154,0.0027442,0,0,0,0,0
217.5,0.048678,6.4266,0.0028798,0,0,0,0,0
218,0.048707,6.4403,0.0027113,0,0,0,0,0
218.5,0.048909,6.4538,0.0027781,0,0,0,0,0
219,0.049141,6.4664,0.0029128,0,0,0,0,0
219.5,0.04951,6.4797,0.0027113,0,0,0,0,0
220,0.049948,6.4927,0.0029467,0,0,0,0,0
220.5,0.050352,6.5049,0.0026106,0,0,0,0,0
221,0.050925,6.5163,0.0026455,0,0,0,0,0
221.5,0.051292,6.5292,0.0025438,0,0,0,0,0
222,0.051695,6.544,0.0026445,0,0,0,0,0
222.5,0.052473,6.5583,0.0025777,0,0,0,0,0
223,0.052299,6.5702,0.0026455,0,0,0,0,0
223.5,0.052835,6.5823,0.0024769,0,0,0,0,0
224,0.053273,6.5974,0.0026116,0,0,0,0,0
224.5,0.053745,6.6105,0.0027801,0,0,0,0,0
225,0.053777,6.6224,0.002814,0,0,0,0,0
225.5,0.054077,6.6336,0.0028489,0,0,0,0,0
226,0.054178,6.6458,0.002815,0,0,0,0,0
226.5,0.054444,6.6574,0.0029835,0,0,0,0,0
227,0.05434,6.6691,0.0029486,0,0,0,0,0
227.5,0.054339,6.6807,0.0029506,0,0,0,0,0
228,0.054738,6.693,0.0030503,0,0,0,0,0
228.5,0.054669,6.7076,0.0032537,0,0,0,0,0
229,0.054636,6.7212,0.0032198,0,0,0,0,0
229.5,0.054833,6.7335,0.0030832,0,0,0,0,0
230,0.055137,6.7458,0.0032188,0,0,0,0,0
230.5,0.05554,6.7575,0.0032198,0,0,0,0,0
231,0.05564,6.7694,0.0029506,0,0,0,0,0
231.5,0.056379,6.7825,0.0029516,0,0,0,0,0
232,0.056716,6.7986,0.0028828,0,0,0,0,0
232.5,0.057324,6.8123,0.0029177,0,0,0,0,0
233,0.057691,6.8255,0.0030533,0,0,0,0,0
233.5,0.058267,6.8375,0.0028848,0,0,0,0,0
234,0.058297,6.8508,0.0029526,0,0,0,0,0
234.5,0.058868,6.8629,0.0029865,0,0,0,0,0
235,0.059206,6.8753,0.0031899,0,0,0,0,0
235.5,0.059234,6.8875,0.0029855,0,0,0,0,0
236,0.059909,6.8999,0.0030214,0,0,0,0,0
236.5,0.060075,6.9123,0.0030523,0,0,0,0,0
237,0.060241,6.9245,0.0029187,0,0,0,0,0
237.5,0.060643,6.9376,0.003154,0,0,0,0,0
238,0.060879,6.951,0.0033554,0,0,0,0,0
238.5,0.061045,6.9642,0.0029845,0,0,0,0,0
239,0.061143,6.9762,0.0032208,0,0,0,0,0
239.5,0.061851,6.988,0.0036244,0,0,0,0,0
240,0.061881,6.9997,0.003455,0,0,0,0,0
240.5,0.062352,7.0124,0.0036244,0,0,0,0,0
241,0.062553,7.0255,0.0036912,0,0,0,0,0
241.5,0.062957,7.0374,0.0037928,0,0,0,0,0
242,0.063392,7.0499,0.0038605,0,0,0,0,0
242.5,0.063628,7.0629,0.0037589,0,0,0,0,0
243,0.063793,7.0761,0.0036244,0,0,0,0,0
243.5,0.064061,7.0887,0.0034899,0,0,0,0,0
244,0.064566,7.1008,0.0035905,0,0,0,0,0
244.5,0.064799,7.1117,0.0035228,0,0,0,0,0
245,0.065338,7.1227,0.0034889,0,0,0,0,0
245.5,0.065639,7.1362,0.0036912,0,0,0,0,0
246,0.065909,7.1509,0.0034211,0,0,0,0,0
246.5,0.066107,7.1656,0.0033215,0,0,0,0,0
247,0.066411,7.1794,0.0035557,0,0,0,0,0
247.5,0.066778,7.1929,0.0036244,0,0,0,0,0
248,0.066978,7.2058,0.0035228,0,0,0,0,0
248.5,0.067449,7.218,0.0036234,0,0,0,0,0
249,0.067954,7.2304,0.0037241,0,0,0,0,0
249.5,0.068151,7.2413,0.0036902,0,0,0,0,0
250,0.068692,7.2534,0.0038247,0,0,0,0,0
250.5,0.069094,7.2663,0.0039263,0,0,0,0,0
251,0.069329,7.28,0.003992,0,0,0,0,0
251.5,0.070273,7.2925,0.0041603,0,0,0,0,0
252,0.070304,7.3063,0.0043645,0,0,0,0,0
252.5,0.070945,7.3194,0.0042619,0,0,0,0,0
253,0.071213,7.3315,0.0045994,0,0,0,0,0
253.5,0.07192,7.3433,0.0046323,0,0,0,0,0
254,0.072289,7.3554,0.0045317,0,0,0,0,0
254.5,0.07249,7.3678,0.0045984,0,0,0,0,0
255,0.072927,7.3802,0.0043635,0,0,0,0,0
255.5,0.073363,7.3943,0.004466,0,0,0,0,0
256,0.073464,7.4074,0.004229,0,0,0,0,0
256.5,0.073699,7.4208,0.0041275,0,0,0,0,0
257,0.074136,7.4325,0.0043973,0,0,0,0,0
257.5,0.074032,7.4437,0.0041962,0,0,0,0,0
258,0.074671,7.4561,0.00423,0,0,0,0,0
258.5,0.074806,7.4713,0.0044332,0,0,0,0,0
259,0.075378,7.4852,0.0044332,0,0,0,0,0
259.5,0.075982,7.4949,0.0044999,0,0,0,0,0
260,0.075914,7.5058,0.0046014,0,0,0,0,0
260.5,0.076689,7.5192,0.0044999,0,0,0,0,0
261,0.077092,7.5337,0.0046004,0,0,0,0,0
261.5,0.077801,7.5469,0.0047019,0,0,0,0,0
262,0.078409,7.5591,0.0050045,0,0,0,0,0
262.5,0.079016,7.5709,0.0051736,0,0,0,0,0
263,0.07979,7.582,0.0052402,0,0,0,0,0
263.5,0.080362,7.5937,0.0053765,0,0,0,0,0
264,0.081139,7.6058,0.0055098,0,0,0,0,0
264.5,0.081643,7.6198,0.0053079,0,0,0,0,0
265,0.082251,7.6322,0.0052751,0,0,0,0,0
265.5,0.082382,7.6434,0.0052084,0,0,0,0,0
266,0.082922,7.6546,0.0054103,0,0,0,0,0
266.5,0.082885,7.6686,0.0051079,0,0,0,0,0
267,0.083626,7.6829,0.0052094,0,0,0,0,0
267.5,0.083626,7.6959,0.0051418,0,0,0,0,0
268,0.084133,7.7079,0.0049059,0,0,0,0,0
268.5,0.084435,7.7192,0.0051089,0,0,0,0,0
269,0.084736,7.73,0.0050084,0,0,0,0,0
269.5,0.085139,7.7412,0.0051079,0,0,0,0,0
270,0.08551,7.754,0.0051099,0,0,0,0,0
270.5,0.085811,7.766,0.0052114,0,0,0,0,0
271,0.086316,7.7779,0.0051447,0,0,0,0,0
271.5,0.086921,7.7911,0.0053129,0,0,0,0,0
272,0.087394,7.8056,0.0054123,0,0,0,0,0
272.5,0.088574,7.8185,0.0055476,0,0,0,0,0
273,0.089249,7.8295,0.0056808,0,0,0,0,0
273.5,0.089824,7.84,0.0057156,0,0,0,0,0
274,0.090463,7.8506,0.0059851,0,0,0,0,0
274.5,0.091105,7.8629,0.006151,0,0,0,0,0
275,0.091708,7.8767,0.0061182,0,0,0,0,0
275.5,0.092214,7.8896,0.0062524,0,0,0,0,0
276,0.092753,7.9015,0.0062544,0,0,0,0,0
276.5,0.093429,7.9133,0.00632,0,0,0,0,0
277,0.093832,7.9254,0.0062196,0,0,0,0,0
277.5,0.094403,7.9357,0.006152,0,0,0,0,0
278,0.094908,7.9472,0.0061182,0,0,0,0,0
278.5,0.095107,7.9603,0.0060864,0,0,0,0,0
279,0.095648,7.974,0.0060189,0,0,0,0,0
279.5,0.096084,7.9854,0.0059523,0,0,0,0,0
280,0.09632,7.9951,0.0057832,0,0,0,0,0
280.5,0.09706,8.0067,0.0059851,0,0,0,0,0
281,0.097769,8.0188,0.0058856,0,0,0,0,0
281.5,0.098206,8.0309,0.0059841,0,0,0,0,0
282,0.09905,8.0422,0.0060517,0,0,0,0,0
282.5,0.099387,8.0546,0.0059175,0,0,0,0,0
283,0.10023,8.0655,0.0060189,0,0,0,0,0
283.5,0.10097,8.0777,0.0059493,0,0,0,0,0
284,0.10141,8.0905,0.0061182,0,0,0,0,0
284.5,0.10201,8.1026,0.0063866,0,0,0,0,0
285,0.10239,8.1139,0.006318,0,0,0,0,0
285.5,0.10296,8.1256,0.0068882,0,0,0,0,0
286,0.1036,8.1384,0.0068197,0,0,0,0,0
286.5,0.104,8.1508,0.0070888,0,0,0,0,0
287,0.1045,8.1636,0.0072566,0,0,0,0,0
287.5,0.10504,8.1754,0.0075246,0,0,0,0,0
288,0.10569,8.1875,0.0073579,0,0,0,0,0
288.5,0.10629,8.1993,0.0072904,0,0,0,0,0
289,0.10707,8.211,0.0073579,0,0,0,0,0
289.5,0.10781,8.2226,0.0075921,0,0,0,0,0
290,0.10855,8.2347,0.0072576,0,0,0,0,0
290.5,0.10929,8.2466,0.0073241,0,0,0,0,0
291,0.11017,8.2583,0.0071573,0,0,0,0,0
291.5,0.11111,8.2695,0.0070898,0,0,0,0,0
292,0.11192,8.2808,0.0071236,0,0,0,0,0
292.5,0.11294,8.293,0.007056,0,0,0,0,0
293,0.11334,8.3051,0.007056,0,0,0,0,0
293.5,0.11435,8.3163,0.0071573,0,0,0,0,0
294,0.11482,8.3267,0.0071901,0,0,0,0,0
294.5,0.11546,8.3386,0.0073916,0,0,0,0,0
295,0.11604,8.3517,0.0076606,0,0,0,0,0
295.5,0.11644,8.3636,0.0075921,0,0,0,0,0
296,0.11701,8.3748,0.0078948,0,0,0,0,0
296.5,0.11752,8.3855,0.0080624,0,0,0,0,0
297,0.11796,8.3968,0.007995,0,0,0,0,0
297.5,0.11836,8.4072,0.0083302,0,0,0,0,0
298,0.11907,8.4178,0.0087328,0,0,0,0,0
298.5,0.11998,8.4298,0.0086663,0,0,0,0,0
299,0.12025,8.4429,0.0086991,0,0,0,0,0
299.5,0.12102,8.4557,0.0089003,0,0,0,0,0
300,0.12231,8.4658,0.0089657,0,0,0,0,0
300.5,0.12302,8.4779,0.0088002,0,0,0,0,0
301,0.12423,8.4899,0.0085662,0,0,0,0,0
301.5,0.12481,8.5017,0.0083649,0,0,0,0,0
302,0.12568,8.5119,0.0085325,0,0,0,0,0
302.5,0.12666,8.5233,0.0085999,0,0,0,0,0
303,0.12737,8.5348,0.008231,0,0,0,0,0
303.5,0.12818,8.546,0.0084333,0,0,0,0,0
304,0.12909,8.5559,0.0085682,0,0,0,0,0
304.5,0.1297,8.5663,0.0084651,0,0,0,0,0
305,0.13024,8.5787,0.0088358,0,0,0,0,0
305.5,0.13105,8.5907,0.0088695,0,0,0,0,0
306,0.13189,8.6024,0.0089032,0,0,0,0,0
306.5,0.13263,8.6135,0.0094383,0,0,0,0,0
307,0.13331,8.6241,0.0092372,0,0,0,0,0
307.5,0.13425,8.634,0.0093383,0,0,0,0,0
308,0.13493,8.6454,0.0096394,0,0,0,0,0
308.5,0.13587,8.6578,0.0099068,0,0,0,0,0
309,0.13695,8.6692,0.010007,0,0,0,0,0
309.5,0.13783,8.6802,0.010007,0,0,0,0,0
310,0.13891,8.6912,0.010174,0,0,0,0,0
310.5,0.13969,8.7025,0.010308,0,0,0,0,0
311,0.1408,8.7131,0.010275,0,0,0,0,0
311.5,0.14134,8.7228,0.010376,0,0,0,0,0
312,0.14212,8.7339,0.010311,0,0,0,0,0
312.5,0.14266,8.7457,0.010041,0,0,0,0,0
313,0.14316,8.7573,0.010243,0,0,0,0,0
313.5,0.14421,8.7674,0.0098414,0,0,0,0,0
314,0.14482,8.7789,0.0099761,0,0,0,0,0
314.5,0.14546,8.7904,0.010076,0,0,0,0,0
315,0.14586,8.8016,0.0099107,0,0,0,0,0
315.5,0.14691,8.8114,0.010042,0,0,0,0,0
316,0.14762,8.8214,0.010178,0,0,0,0,0
316.5,0.14853,8.8315,0.010411,0,0,0,0,0
317,0.14957,8.842,0.010177,0,0,0,0,0
317.5,0.15079,8.8533,0.010645,0,0,0,0,0
318,0.1519,8.8651,0.01098,0,0,0,0,0
318.5,0.15292,8.8774,0.01088,0,0,0,0,0
319,0.154,8.8886,0.01118,0,0,0,0,0
319.5,0.15504,8.8991,0.011446,0,0,0,0,0
320,0.15616,8.9083,0.011682,0,0,0,0,0
320.5,0.15693,8.9189,0.01185,0,0,0,0,0
321,0.15805,8.9311,0.011748,0,0,0,0,0
321.5,0.15916,8.9435,0.011715,0,0,0,0,0
322,0.1597,8.9529,0.011783,0,0,0,0,0
322.5,0.16058,8.9613,0.012017,0,0,0,0,0
323,0.16126,8.9729,0.01185,0,0,0,0,0
323.5,0.16223,8.9856,0.011717,0,0,0,0,0
324,0.16308,8.996,0.011449,0,0,0,0,0
324.5,0.16382,9.0044,0.011619,0,0,0,0,0
325,0.1648,9.0129,0.011685,0,0,0,0,0
325.5,0.16574,9.0228,0.011484,0,0,0,0,0
326,0.16666,9.0342,0.011317,0,0,0,0,0
326.5,0.16767,9.0444,0.011486,0,0,0,0,0
327,0.16885,9.0539,0.011552,0,0,0,0,0
327.5,0.17013,9.0637,0.011685,0,0,0,0,0
328,0.17061,9.0751,0.011986,0,0,0,0,0
328.5,0.17196,9.0864,0.012185,0,0,0,0,0
329,0.17263,9.0993,0.012253,0,0,0,0,0
329.5,0.17378,9.1103,0.012688,0,0,0,0,0
330,0.17442,9.1199,0.012722,0,0,0,0,0
330.5,0.17537,9.1276,0.012789,0,0,0,0,0
331,0.17604,9.1372,0.013254,0,0,0,0,0
331.5,0.17682,9.1473,0.013053,0,0,0,0,0
332,0.17773,9.1589,0.013018,0,0,0,0,0
332.5,0.17891,9.1706,0.01312,0,0,0,0,0
333,0.17989,9.1822,0.013254,0,0,0,0,0
333.5,0.1808,9.1921,0.013189,0,0,0,0,0
334,0.18188,9.2011,0.013156,0,0,0,0,0
334.5,0.18276,9.2105,0.013222,0,0,0,0,0
335,0.18411,9.2222,0.012922,0,0,0,0,0
335.5,0.18546,9.2338,0.013122,0,0,0,0,0
336,0.18675,9.2428,0.012891,0,0,0,0,0
336.5,0.18793,9.2525,0.012989,0,0,0,0,0
337,0.18908,9.2631,0.013256,0,0,0,0,0
337.5,0.18999,9.2735,0.013025,0,0,0,0,0
338,0.1908,9.2828,0.013157,0,0,0,0,0
338.5,0.19212,9.2915,0.013392,0,0,0,0,0
339,0.19289,9.3004,0.013492,0,0,0,0,0
339.5,0.19367,9.3101,0.013657,0,0,0,0,0
340,0.19475,9.3216,0.013991,0,0,0,0,0
340.5,0.19559,9.3329,0.014024,0,0,0,0,0
341,0.19657,9.3444,0.01429,0,0,0,0,0
341.5,0.19745,9.354,0.014424,0,0,0,0,0
342,0.19849,9.3628,0.014489,0,0,0,0,0
342.5,0.19964,9.3726,0.014791,0,0,0,0,0
343,0.20093,9.3832,0.01479,0,0,0,0,0
343.5,0.20207,9.3935,0.014858,0,0,0,0,0
344,0.20319,9.4033,0.015124,0,0,0,0,0
344.5,0.2043,9.4135,0.014923,0,0,0,0,0
345,0.20552,9.4223,0.014992,0,0,0,0,0
345.5,0.2064,9.4304,0.014824,0,0,0,0,0
346,0.20741,9.4399,0.014893,0,0,0,0,0
346.5,0.20836,9.4508,0.014926,0,0,0,0,0
347,0.2091,9.4622,0.014926,0,0,0,0,0
347.5,0.20994,9.4721,0.014827,0,0,0,0,0
348,0.21072,9.4817,0.014926,0,0,0,0,0
348.5,0.21207,9.4896,0.014992,0,0,0,0,0
349,0.21295,9.4988,0.014958,0,0,0,0,0
349.5,0.21389,9.5089,0.015093,0,0,0,0,0
350,0.21511,9.5201,0.015425,0,0,0,0,0
350.5,0.21626,9.5292,0.015492,0,0,0,0,0
351,0.21748,9.5389,0.015623,0,0,0,0,0
351.5,0.21899,9.5487,0.015989,0,0,0,0,0
352,0.22007,9.5579,0.01629,0,0,0,0,0
352.5,0.22203,9.5671,0.016356,0,0,0,0,0
353,0.22305,9.5776,0.016356,0,0,0,0,0
353.5,0.22436,9.5867,0.016555,0,0,0,0,0
354,0.22538,9.5948,0.016687,0,0,0,0,0
354.5,0.22656,9.6043,0.016953,0,0,0,0,0
355,0.22767,9.6154,0.01682,0,0,0,0,0
355.5,0.22862,9.6252,0.016818,0,0,0,0,0
356,0.22983,9.634,0.016755,0,0,0,0,0
356.5,0.23098,9.6422,0.016987,0,0,0,0,0
357,0.232,9.6533,0.017021,0,0,0,0,0
357.5,0.23348,9.6635,0.016888,0,0,0,0,0
358,0.23436,9.6729,0.016822,0,0,0,0,0
358.5,0.23547,9.6814,0.016988,0,0,0,0,0
359,0.23666,9.6924,0.016956,0,0,0,0,0
359.5,0.23818,9.7023,0.016923,0,0,0,0,0
360,0.23956,9.7125,0.016922,0,0,0,0,0
360.5,0.24105,9.7215,0.017222,0,0,0,0,0
361,0.24223,9.7296,0.017522,0,0,0,0,0
361.5,0.24331,9.7369,0.017419,0,0,0,0,0
362,0.24429,9.7475,0.017818,0,0,0,0,0
362.5,0.24527,9.7583,0.018048,0,0,0,0,0
363,0.24628,9.7676,0.018148,0,0,0,0,0
363.5,0.24719,9.7762,0.018514,0,0,0,0,0
364,0.24834,9.7855,0.018547,0,0,0,0,0
364.5,0.24942,9.7947,0.018714,0,0,0,0,0
365,0.25064,9.8043,0.018812,0,0,0,0,0
365.5,0.25172,9.8126,0.01881,0,0,0,0,0
366,0.2529,9.8211,0.018911,0,0,0,0,0
366.5,0.25442,9.8311,0.018979,0,0,0,0,0
367,0.25574,9.8419,0.01921,0,0,0,0,0
367.5,0.25723,9.8508,0.019077,0,0,0,0,0
368,0.25885,9.8603,0.019111,0,0,0,0,0
368.5,0.26016,9.8711,0.01931,0,0,0,0,0
369,0.26138,9.8816,0.019111,0,0,0,0,0
369.5,0.26273,9.8891,0.019179,0,0,0,0,0
370,0.26398,9.8957,0.019544,0,0,0,0,0
370.5,0.26527,9.9045,0.019409,0,0,0,0,0
371,0.26659,9.9148,0.01941,0,0,0,0,0
371.5,0.2679,9.9246,0.019609,0,0,0,0,0
372,0.26902,9.9336,0.019807,0,0,0,0,0
372.5,0.27023,9.943,0.019608,0,0,0,0,0
373,0.27162,9.9527,0.019939,0,0,0,0,0
373.5,0.27283,9.963,0.020236,0,0,0,0,0
374,0.27422,9.972,0.020566,0,0,0,0,0
374.5,0.27567,9.9799,0.020734,0,0,0,0,0
375,0.27689,9.988,0.020665,0,0,0,0,0
375.5,0.27871,9.9964,0.020534,0,0,0,0,0
376,0.28026,10.006,0.020698,0,0,0,0,0
376.5,0.28165,10.014,0.020866,0,0,0,0,0
377,0.2829,10.024,0.020865,0,0,0,0,0
377.5,0.28442,10.032,0.020997,0,0,0,0,0
378,0.28513,10.041,0.020964,0,0,0,0,0
378.5,0.28655,10.048,0.021329,0,0,0,0,0
379,0.28773,10.057,0.021163,0,0,0,0,0
379.5,0.28895,10.066,0.021394,0,0,0,0,0
380,0.29006,10.075,0.021527,0,0,0,0,0
380.5,0.29114,10.084,0.021328,0,0,0,0,0
381,0.29229,10.093,0.021494,0,0,0,0,0
381.5,0.29388,10.101,0.021528,0,0,0,0,0
382,0.29533,10.109,0.02176,0,0,0,0,0
382.5,0.29635,10.116,0.021858,0,0,0,0,0
383,0.29824,10.124,0.021891,0,0,0,0,0
383.5,0.29956,10.133,0.022056,0,0,0,0,0
384,0.30111,10.143,0.022088,0,0,0,0,0
384.5,0.30246,10.151,0.022255,0,0,0,0,0
385,0.30371,10.159,0.022483,0,0,0,0,0
385.5,0.30503,10.169,0.022649,0,0,0,0,0
386,0.30621,10.18,0.022814,0,0,0,0,0
386.5,0.30749,10.189,0.022813,0,0,0,0,0
387,0.30881,10.195,0.023144,0,0,0,0,0
387.5,0.3102,10.203,0.023112,0,0,0,0,0
388,0.31128,10.211,0.023211,0,0,0,0,0
388.5,0.31307,10.22,0.023144,0,0,0,0,0
389,0.31428,10.229,0.023573,0,0,0,0,0
389.5,0.31581,10.238,0.023575,0,0,0,0,0
390,0.31729,10.246,0.023508,0,0,0,0,0
390.5,0.31908,10.254,0.023805,0,0,0,0,0
391,0.32064,10.262,0.02374,0,0,0,0,0
391.5,0.32236,10.269,0.023937,0,0,0,0,0
392,0.32378,10.277,0.023839,0,0,0,0,0
392.5,0.3253,10.285,0.024298,0,0,0,0,0
393,0.32685,10.294,0.024069,0,0,0,0,0
393.5,0.32777,10.303,0.024367,0,0,0,0,0
394,0.32915,10.311,0.024333,0,0,0,0,0
394.5,0.33081,10.318,0.024298,0,0,0,0,0
395,0.33223,10.327,0.024563,0,0,0,0,0
395.5,0.33354,10.335,0.024893,0,0,0,0,0
396,0.33483,10.345,0.024858,0,0,0,0,0
396.5,0.33645,10.353,0.025055,0,0,0,0,0
397,0.3378,10.363,0.025056,0,0,0,0,0
397.5,0.33969,10.371,0.025484,0,0,0,0,0
398,0.34104,10.379,0.025385,0,0,0,0,0
398.5,0.34294,10.386,0.025617,0,0,0,0,0
399,0.34446,10.392,0.025615,0,0,0,0,0
399.5,0.34581,10.399,0.025782,0,0,0,0,0
400,0.34706,10.407,0.025716,0,0,0,0,0
400.5,0.34834,10.417,0.026047,0,0,0,0,0
401,0.3499,10.426,0.026013,0,0,0,0,0
401.5,0.35098,10.436,0.026111,0,0,0,0,0
402,0.35236,10.444,0.026508,0,0,0,0,0
402.5,0.35354,10.451,0.026408,0,0,0,0,0
403,0.35506,10.459,0.026343,0,0,0,0,0
403.5,0.35645,10.469,0.026703,0,0,0,0,0
404,0.35817,10.478,0.026672,0,0,0,0,0
404.5,0.35976,10.485,0.026902,0,0,0,0,0
405,0.36155,10.493,0.026968,0,0,0,0,0
405.5,0.36304,10.5,0.027166,0,0,0,0,0
406,0.3649,10.506,0.027296,0,0,0,0,0
406.5,0.36652,10.513,0.027427,0,0,0,0,0
407,0.36797,10.521,0.027427,0,0,0,0,0
407.5,0.3696,10.529,0.027394,0,0,0,0,0
408,0.37105,10.537,0.027626,0,0,0,0,0
408.5,0.37243,10.545,0.027787,0,0,0,0,0
409,0.37385,10.553,0.027888,0,0,0,0,0
409.5,0.37547,10.561,0.028247,0,0,0,0,0
410,0.37713,10.568,0.028216,0,0,0,0,0
410.5,0.37851,10.575,0.028315,0,0,0,0,0
411,0.3802,10.583,0.028677,0,0,0,0,0
411.5,0.38183,10.591,0.028775,0,0,0,0,0
412,0.38348,10.599,0.028741,0,0,0,0,0
412.5,0.38534,10.606,0.028676,0,0,0,0,0
413,0.38727,10.615,0.029038,0,0,0,0,0
413.5,0.38913,10.624,0.029235,0,0,0,0,0
414,0.39068,10.633,0.029365,0,0,0,0,0
414.5,0.39233,10.64,0.029433,0,0,0,0,0
415,0.39359,10.646,0.029465,0,0,0,0,0
415.5,0.39527,10.652,0.029695,0,0,0,0,0
416,0.39673,10.66,0.029794,0,0,0,0,0
416.5,0.39818,10.668,0.029956,0,0,0,0,0
417,0.3999,10.675,0.029826,0,0,0,0,0
417.5,0.40132,10.683,0.029957,0,0,0,0,0
418,0.40308,10.692,0.030252,0,0,0,0,0
418.5,0.40494,10.7,0.030283,0,0,0,0,0
419,0.40646,10.706,0.030546,0,0,0,0,0
419.5,0.40822,10.712,0.030548,0,0,0,0,0
420,0.41035,10.72,0.030776,0,0,0,0,0
420.5,0.4119,10.729,0.030775,0,0,0,0,0
421,0.41359,10.736,0.031103,0,0,0,0,0
421.5,0.41541,10.744,0.031333,0,0,0,0,0
422,0.417,10.75,0.031498,0,0,0,0,0
422.5,0.41846,10.756,0.031398,0,0,0,0,0
423,0.4196,10.763,0.03166,0,0,0,0,0
423.5,0.42096,10.771,0.03189,0,0,0,0,0
424,0.42251,10.778,0.031857,0,0,0,0,0
424.5,0.42376,10.785,0.031922,0,0,0,0,0
425,0.42585,10.791,0.032152,0,0,0,0,0
425.5,0.42734,10.799,0.032249,0,0,0,0,0
426,0.42883,10.806,0.032249,0,0,0,0,0
426.5,0.43123,10.815,0.032479,0,0,0,0,0
427,0.43271,10.822,0.032643,0,0,0,0,0
427.5,0.43457,10.829,0.032675,0,0,0,0,0
428,0.43623,10.835,0.03297,0,0,0,0,0
428.5,0.43792,10.841,0.033069,0,0,0,0,0
429,0.43971,10.849,0.033198,0,0,0,0,0
429.5,0.4414,10.858,0.033165,0,0,0,0,0
430,0.44289,10.865,0.033494,0,0,0,0,0
430.5,0.44441,10.872,0.033689,0,0,0,0,0
431,0.44599,10.877,0.033788,0,0,0,0,0
431.5,0.44775,10.884,0.033787,0,0,0,0,0
432,0.44951,10.891,0.034113,0,0,0,0,0
432.5,0.4513,10.9,0.034212,0,0,0,0,0
433,0.45346,10.906,0.034308,0,0,0,0,0
433.5,0.45539,10.913,0.034473,0,0,0,0,0
434,0.45728,10.92,0.034506,0,0,0,0,0
434.5,0.45901,10.93,0.034601,0,0,0,0,0
435,0.461,10.937,0.034931,0,0,0,0,0
435.5,0.46313,10.943,0.035027,0,0,0,0,0
436,0.46448,10.95,0.035192,0,0,0,0,0
436.5,0.46603,10.958,0.035159,0,0,0,0,0
437,0.46759,10.964,0.03516,0,0,0,0,0
437.5,0.46945,10.97,0.035551,0,0,0,0,0
438,0.4712,10.977,0.035552,0,0,0,0,0
438.5,0.4731,10.983,0.035649,0,0,0,0,0
439,0.47469,10.99,0.036007,0,0,0,0,0
439.5,0.47688,10.996,0.036137,0,0,0,0,0
440,0.47857,11.002,0.036301,0,0,0,0,0
440.5,0.48067,11.008,0.036562,0,0,0,0,0
441,0.48266,11.014,0.036659,0,0,0,0,0
441.5,0.48472,11.02,0.03692,0,0,0,0,0
442,0.48618,11.028,0.037245,0,0,0,0,0
442.5,0.4881,11.036,0.03718,0,0,0,0,0
443,0.48989,11.044,0.037473,0,0,0,0,0
443.5,0.49141,11.051,0.037701,0,0,0,0,0
444,0.49317,11.058,0.037896,0,0,0,0,0
444.5,0.49486,11.063,0.037766,0,0,0,0,0
445,0.49658,11.069,0.03806,0,0,0,0,0
445.5,0.49841,11.076,0.038222,0,0,0,0,0
446,0.5,11.083,0.038125,0,0,0,0,0
446.5,0.50203,11.09,0.038127,0,0,0,0,0
447,0.50402,11.097,0.038354,0,0,0,0,0
447.5,0.50608,11.103,0.038515,0,0,0,0,0
448,0.50804,11.109,0.038775,0,0,0,0,0
448.5,0.50987,11.116,0.038874,0,0,0,0,0
449,0.51159,11.123,0.038776,0,0,0,0,0
449.5,0.51301,11.13,0.039101,0,0,0,0,0
450,0.51507,11.137,0.039327,0,0,0,0,0
450.5,0.51649,11.142,0.039914,0,0,0,0,0
451,0.51848,11.148,0.039978,0,0,0,0,0
451.5,0.52007,11.155,0.039977,0,0,0,0,0
452,0.52176,11.163,0.040366,0,0,0,0,0
452.5,0.52386,11.168,0.040595,0,0,0,0,0
453,0.52558,11.173,0.040756,0,0,0,0,0
453.5,0.52777,11.18,0.041244,0,0,0,0,0
454,0.52977,11.186,0.040985,0,0,0,0,0
454.5,0.53214,11.193,0.040951,0,0,0,0,0
455,0.53417,11.199,0.041144,0,0,0,0,0
455.5,0.53582,11.204,0.041244,0,0,0,0,0
456,0.53775,11.209,0.04147,0,0,0,0,0
456.5,0.53961,11.216,0.041504,0,0,0,0,0
457,0.54123,11.223,0.041505,0,0,0,0,0
457.5,0.54312,11.23,0.041634,0,0,0,0,0
458,0.54474,11.236,0.041698,0,0,0,0,0
458.5,0.5468,11.241,0.041828,0,0,0,0,0
459,0.54859,11.247,0.042087,0,0,0,0,0
459.5,0.55089,11.255,0.042281,0,0,0,0,0
460,0.55295,11.262,0.042507,0,0,0,0,0
460.5,0.55508,11.267,0.043025,0,0,0,0,0
461,0.55735,11.273,0.042896,0,0,0,0,0
461.5,0.55934,11.281,0.043317,0,0,0,0,0
462,0.56117,11.288,0.043608,0,0,0,0,0
462.5,0.56326,11.293,0.043933,0,0,0,0,0
463,0.56498,11.299,0.044125,0,0,0,0,0
463.5,0.56681,11.305,0.044481,0,0,0,0,0
464,0.56877,11.311,0.044515,0,0,0,0,0
464.5,0.57046,11.316,0.04474,0,0,0,0,0
465,0.57259,11.32,0.044709,0,0,0,0,0
465.5,0.57428,11.326,0.044934,0,0,0,0,0
466,0.57637,11.333,0.044805,0,0,0,0,0
466.5,0.57867,11.339,0.044902,0,0,0,0,0
467,0.58077,11.344,0.044968,0,0,0,0,0
467.5,0.58276,11.35,0.045097,0,0,0,0,0
468,0.58496,11.357,0.045486,0,0,0,0,0
468.5,0.58709,11.362,0.045421,0,0,0,0,0
469,0.58878,11.366,0.045421,0,0,0,0,0
469.5,0.59074,11.372,0.045773,0,0,0,0,0
470,0.59219,11.379,0.046002,0,0,0,0,0
470.5,0.59425,11.386,0.046162,0,0,0,0,0
471,0.59618,11.393,0.046614,0,0,0,0,0
471.5,0.59814,11.398,0.046871,0,0,0,0,0
472,0.59996,11.402,0.047225,0,0,0,0,0
472.5,0.60182,11.408,0.047387,0,0,0,0,0
473,0.60385,11.414,0.047386,0,0,0,0,0
473.5,0.60632,11.418,0.047838,0,0,0,0,0
474,0.60845,11.425,0.048063,0,0,0,0,0
474.5,0.61034,11.432,0.048063,0,0,0,0,0
475,0.61226,11.436,0.048356,0,0,0,0,0
475.5,0.61422,11.44,0.048452,0,0,0,0,0
476,0.61605,11.446,0.048645,0,0,0,0,0
476.5,0.61814,11.453,0.048581,0,0,0,0,0
477,0.61994,11.457,0.048548,0,0,0,0,0
477.5,0.62169,11.463,0.048774,0,0,0,0,0
478,0.62355,11.47,0.048677,0,0,0,0,0
478.5,0.62551,11.476,0.048805,0,0,0,0,0
479,0.6275,11.481,0.048903,0,0,0,0,0
479.5,0.62974,11.488,0.049288,0,0,0,0,0
480,0.6317,11.494,0.049479,0,0,0,0,0
480.5,0.63403,11.498,0.04974,0,0,0,0,0
481,0.63646,11.502,0.049899,0,0,0,0,0
481.5,0.63876,11.507,0.050059,0,0,0,0,0
482,0.64069,11.513,0.05035,0,0,0,0,0
482.5,0.64258,11.519,0.05064,0,0,0,0,0
483,0.6446,11.524,0.05112,0,0,0,0,0
483.5,0.64653,11.53,0.05112,0,0,0,0,0
484,0.64826,11.535,0.051441,0,0,0,0,0
484.5,0.65042,11.539,0.051732,0,0,0,0,0
485,0.65258,11.543,0.051989,0,0,0,0,0
485.5,0.65471,11.548,0.052085,0,0,0,0,0
486,0.65671,11.553,0.05218,0,0,0,0,0
486.5,0.65917,11.56,0.052243,0,0,0,0,0
487,0.66161,11.564,0.0525,0,0,0,0,0
487.5,0.66397,11.568,0.052694,0,0,0,0,0
488,0.6661,11.572,0.052758,0,0,0,0,0
488.5,0.66833,11.577,0.052983,0,0,0,0,0
489,0.67026,11.584,0.053206,0,0,0,0,0
489.5,0.67218,11.59,0.05311,0,0,0,0,0
490,0.67424,11.597,0.053398,0,0,0,0,0
490.5,0.6761,11.602,0.053655,0,0,0,0,0
491,0.67854,11.605,0.054039,0,0,0,0,0
491.5,0.68033,11.609,0.054264,0,0,0,0,0
492,0.6827,11.614,0.054647,0,0,0,0,0
492.5,0.68516,11.619,0.054679,0,0,0,0,0
493,0.68753,11.625,0.054744,0,0,0,0,0
493.5,0.68996,11.63,0.055192,0,0,0,0,0
494,0.69219,11.634,0.055448,0,0,0,0,0
494.5,0.69432,11.639,0.055703,0,0,0,0,0
495,0.69621,11.646,0.055543,0,0,0,0,0
495.5,0.69848,11.651,0.056183,0,0,0,0,0
496,0.70037,11.656,0.056247,0,0,0,0,0
496.5,0.70236,11.661,0.056439,0,0,0,0,0
497,0.70442,11.666,0.056727,0,0,0,0,0
497.5,0.70679,11.671,0.056887,0,0,0,0,0
498,0.70888,11.674,0.05714,0,0,0,0,0
498.5,0.71095,11.679,0.057333,0,0,0,0,0
499,0.71358,11.683,0.057492,0,0,0,0,0
499.5,0.71595,11.689,0.057685,0,0,0,0,0
500,0.71839,11.695,0.057779,0,0,0,0,0
500.5,0.72041,11.702,0.058162,0,0,0,0,0
501,0.72275,11.705,0.058383,0,0,0,0,0
501.5,0.7247,11.708,0.058672,0,0,0,0,0
502,0.7265,11.712,0.058895,0,0,0,0,0
502.5,0.72856,11.717,0.058863,0,0,0,0,0
503,0.73069,11.721,0.059086,0,0,0,0,0
503.5,0.73278,11.726,0.059373,0,0,0,0,0
504,0.73481,11.731,0.059755,0,0,0,0,0
504.5,0.73711,11.736,0.060009,0,0,0,0,0
505,0.73964,11.741,0.060105,0,0,0,0,0
505.5,0.74198,11.744,0.0602,0,0,0,0,0
506,0.74404,11.748,0.060519,0,0,0,0,0
506.5,0.74664,11.754,0.060708,0,0,0,0,0
507,0.74887,11.761,0.060966,0,0,0,0,0
507.5,0.75086,11.765,0.06125,0,0,0,0,0
508,0.75286,11.769,0.061504,0,0,0,0,0
508.5,0.75499,11.773,0.06179,0,0,0,0,0
509,0.75705,11.778,0.06214,0,0,0,0,0
509.5,0.75924,11.784,0.062236,0,0,0,0,0
510,0.76141,11.789,0.062459,0,0,0,0,0
510.5,0.76377,11.792,0.062839,0,0,0,0,0
511,0.76621,11.796,0.062807,0,0,0,0,0
511.5,0.76861,11.801,0.063316,0,0,0,0,0
512,0.77094,11.806,0.063504,0,0,0,0,0
512.5,0.77368,11.81,0.063283,0,0,0,0,0
513,0.7757,11.814,0.063886,0,0,0,0,0
513.5,0.778,11.819,0.06414,0,0,0,0,0
514,0.77996,11.822,0.064361,0,0,0,0,0
514.5,0.78209,11.825,0.064363,0,0,0,0,0
515,0.78426,11.831,0.064616,0,0,0,0,0
515.5,0.78625,11.836,0.064803,0,0,0,0,0
516,0.78875,11.841,0.065057,0,0,0,0,0
516.5,0.79101,11.845,0.065217,0,0,0,0,0
517,0.79331,11.849,0.065437,0,0,0,0,0
517.5,0.79605,11.852,0.066071,0,0,0,0,0
518,0.79876,11.856,0.065976,0,0,0,0,0
518.5,0.80149,11.86,0.066323,0,0,0,0,0
519,0.80362,11.864,0.06642,0,0,0,0,0
519.5,0.80589,11.868,0.066702,0,0,0,0,0
520,0.80815,11.874,0.067367,0,0,0,0,0
520.5,0.81028,11.878,0.067336,0,0,0,0,0
521,0.81238,11.881,0.06746,0,0,0,0,0
521.5,0.81461,11.885,0.068093,0,0,0,0,0
522,0.81717,11.891,0.068127,0,0,0,0,0
522.5,0.81941,11.896,0.068409,0,0,0,0,0
523,0.82194,11.9,0.068505,0,0,0,0,0
523.5,0.82458,11.904,0.068757,0,0,0,0,0
524,0.82731,11.908,0.068821,0,0,0,0,0
524.5,0.82978,11.911,0.069262,0,0,0,0,0
525,0.83218,11.914,0.069199,0,0,0,0,0
525.5,0.83455,11.92,0.069607,0,0,0,0,0
526,0.83681,11.924,0.069734,0,0,0,0,0
526.5,0.83911,11.928,0.070082,0,0,0,0,0
527,0.84124,11.931,0.069891,0,0,0,0,0
527.5,0.8433,11.934,0.070427,0,0,0,0,0
528,0.84567,11.939,0.07071,0,0,0,0,0
528.5,0.8482,11.943,0.070866,0,0,0,0,0
529,0.85047,11.947,0.071528,0,0,0,0,0
529.5,0.85347,11.95,0.071528,0,0,0,0,0
530,0.85597,11.954,0.071842,0,0,0,0,0
530.5,0.85807,11.958,0.072,0,0,0,0,0
531,0.86087,11.962,0.072535,0,0,0,0,0
531.5,0.86301,11.967,0.072692,0,0,0,0,0
532,0.8653,11.971,0.072944,0,0,0,0,0
532.5,0.86767,11.974,0.073069,0,0,0,0,0
533,0.86993,11.975,0.073413,0,0,0,0,0
533.5,0.87193,11.978,0.073822,0,0,0,0,0
534,0.8746,11.982,0.073853,0,0,0,0,0
534.5,0.87696,11.987,0.074293,0,0,0,0,0
535,0.87947,11.991,0.074324,0,0,0,0,0
535.5,0.88197,11.994,0.074639,0,0,0,0,0
536,0.88477,11.997,0.074858,0,0,0,0,0
536.5,0.88714,12.001,0.075203,0,0,0,0,0
537,0.8897,12.005,0.075265,0,0,0,0,0
537.5,0.89207,12.009,0.07558,0,0,0,0,0
538,0.89444,12.012,0.075892,0,0,0,0,0
538.5,0.8965,12.016,0.076301,0,0,0,0,0
539,0.89842,12.021,0.076458,0,0,0,0,0
539.5,0.90059,12.026,0.0768,0,0,0,0,0
540,0.90312,12.031,0.077021,0,0,0,0,0
540.5,0.90562,12.034,0.077332,0,0,0,0,0
541,0.90785,12.035,0.077771,0,0,0,0,0
541.5,0.91073,12.038,0.078114,0,0,0,0,0
542,0.91337,12.042,0.078272,0,0,0,0,0
542.5,0.91624,12.046,0.078676,0,0,0,0,0
543,0.91857,12.05,0.078771,0,0,0,0,0
543.5,0.9209,12.053,0.079051,0,0,0,0,0
544,0.9233,12.057,0.079427,0,0,0,0,0
544.5,0.9256,12.061,0.079676,0,0,0,0,0
545,0.92766,12.065,0.079862,0,0,0,0,0
545.5,0.92999,12.067,0.080206,0,0,0,0,0
546,0.93222,12.071,0.080363,0,0,0,0,0
546.5,0.93462,12.074,0.080706,0,0,0,0,0
547,0.93729,12.078,0.080957,0,0,0,0,0
547.5,0.9401,12.082,0.081079,0,0,0,0,0
548,0.94311,12.084,0.081516,0,0,0,0,0
548.5,0.94571,12.088,0.081766,0,0,0,0,0
549,0.94828,12.092,0.082295,0,0,0,0,0
549.5,0.95095,12.095,0.082482,0,0,0,0,0
550,0.95335,12.098,0.082512,0,0,0,0,0
550.5,0.95605,12.099,0.083009,0,0,0,0,0
551,0.95815,12.102,0.083569,0,0,0,0,0
551.5,0.95991,12.106,0.08385,0,0,0,0,0
552,0.96281,12.11,0.084005,0,0,0,0,0
552.5,0.96518,12.113,0.084253,0,0,0,0,0
553,0.96822,12.116,0.084533,0,0,0,0,0
553.5,0.97086,12.118,0.084843,0,0,0,0,0
554,0.97366,12.121,0.085216,0,0,0,0,0
554.5,0.97633,12.125,0.085401,0,0,0,0,0
555,0.979,12.128,0.085774,0,0,0,0,0
555.5,0.98123,12.132,0.086023,0,0,0,0,0
556,0.98394,12.136,0.08627,0,0,0,0,0
556.5,0.9863,12.139,0.086706,0,0,0,0,0
557,0.98874,12.143,0.08689,0,0,0,0,0
557.5,0.99144,12.146,0.087262,0,0,0,0,0
558,0.99391,12.147,0.087416,0,0,0,0,0
558.5,0.99671,12.148,0.087634,0,0,0,0,0
559,0.99965,12.152,0.08785,0,0,0,0,0
559.5,1.0024,12.156,0.087974,0,0,0,0,0
560,1.004,12.157,0.088438,0,0,0,0,0
560.5,1.0071,12.158,0.088746,0,0,0,0,0
561,1.0108,12.16,0.089395,0,0,0,0,0
561.5,1.0131,12.165,0.089768,0,0,0,0,0
562,1.015,12.168,0.089953,0,0,0,0,0
562.5,1.0174,12.171,0.0906,0,0,0,0,0
563,1.0199,12.175,0.090785,0,0,0,0,0
563.5,1.0225,12.179,0.091249,0,0,0,0,0
564,1.0253,12.18,0.091681,0,0,0,0,0
564.5,1.0281,12.182,0.091928,0,0,0,0,0
565,1.031,12.185,0.092297,0,0,0,0,0
565.5,1.0337,12.189,0.092544,0,0,0,0,0
566,1.0366,12.193,0.092945,0,0,0,0,0
566.5,1.0391,12.196,0.093067,0,0,0,0,0
567,1.0416,12.2,0.093468,0,0,0,0,0
567.5,1.0439,12.203,0.093468,0,0,0,0,0
568,1.0467,12.204,0.093775,0,0,0,0,0
568.5,1.0491,12.205,0.094237,0,0,0,0,0
569,1.0518,12.208,0.09439,0,0,0,0,0
569.5,1.0544,12.211,0.09482,0,0,0,0,0
570,1.0571,12.214,0.095221,0,0,0,0,0
570.5,1.06,12.216,0.095712,0,0,0,0,0
571,1.0628,12.218,0.095988,0,0,0,0,0
571.5,1.0658,12.221,0.096417,0,0,0,0,0
572,1.0682,12.224,0.096694,0,0,0,0,0
572.5,1.0709,12.226,0.097185,0,0,0,0,0
573,1.0735,12.228,0.097615,0,0,0,0,0
573.5,1.076,12.23,0.097799,0,0,0,0,0
574,1.0784,12.233,0.098105,0,0,0,0,0
574.5,1.081,12.235,0.098565,0,0,0,0,0
575,1.0838,12.237,0.098871,0,0,0,0,0
575.5,1.0861,12.24,0.099147,0,0,0,0,0
576,1.0897,12.244,0.099392,0,0,0,0,0
576.5,1.0924,12.246,0.099789,0,0,0,0,0
577,1.0941,12.246,0.099973,0,0,0,0,0
577.5,1.0983,12.247,0.10071,0,0,0,0,0
578,1.1008,12.248,0.10089,0,0,0,0,0
578.5,1.103,12.25,0.10104,0,0,0,0,0
579,1.1056,12.254,0.10159,0,0,0,0,0
579.5,1.1081,12.259,0.10187,0,0,0,0,0
580,1.1109,12.263,0.10208,0,0,0,0,0
580.5,1.1137,12.265,0.10269,0,0,0,0,0
581,1.1165,12.266,0.10312,0,0,0,0,0
581.5,1.119,12.268,0.10339,0,0,0,0,0
582,1.1219,12.271,0.10376,0,0,0,0,0
582.5,1.1248,12.274,0.10397,0,0,0,0,0
583,1.1278,12.276,0.10428,0,0,0,0,0
583.5,1.1306,12.279,0.10482,0,0,0,0,0
584,1.1334,12.28,0.10482,0,0,0,0,0
584.5,1.1359,12.282,0.10522,0,0,0,0,0
585,1.1386,12.283,0.10564,0,0,0,0,0
585.5,1.1413,12.286,0.10592,0,0,0,0,0
586,1.1435,12.287,0.10644,0,0,0,0,0
586.5,1.1465,12.289,0.10683,0,0,0,0,0
587,1.149,12.292,0.10726,0,0,0,0,0
587.5,1.152,12.295,0.10777,0,0,0,0,0
588,1.155,12.296,0.10813,0,0,0,0,0
588.5,1.1578,12.299,0.10868,0,0,0,0,0
589,1.1606,12.301,0.10886,0,0,0,0,0
589.5,1.1634,12.303,0.10935,0,0,0,0,0
590,1.1658,12.306,0.10992,0,0,0,0,0
590.5,1.1685,12.309,0.11026,0,0,0,0,0
591,1.1713,12.311,0.11053,0,0,0,0,0
591.5,1.1738,12.313,0.11101,0,0,0,0,0
592,1.1768,12.314,0.11147,0,0,0,0,0
592.5,1.1796,12.315,0.11162,0,0,0,0,0
593,1.1826,12.316,0.11198,0,0,0,0,0
593.5,1.1856,12.318,0.1124,0,0,0,0,0
594,1.1883,12.32,0.1128,0,0,0,0,0
594.5,1.1914,12.322,0.11289,0,0,0,0,0
595,1.1941,12.324,0.11355,0,0,0,0,0
595.5,1.1969,12.326,0.11376,0,0,0,0,0
596,1.1992,12.328,0.11436,0,0,0,0,0
596.5,1.2022,12.33,0.11445,0,0,0,0,0
597,1.2046,12.332,0.11518,0,0,0,0,0
597.5,1.2072,12.334,0.11566,0,0,0,0,0
598,1.2104,12.335,0.11599,0,0,0,0,0
598.5,1.2134,12.337,0.11677,0,0,0,0,0
599,1.2163,12.338,0.11722,0,0,0,0,0
599.5,1.2193,12.339,0.11764,0,0,0,0,0
600,1.2224,12.34,0.11807,0,0,0,0,0
600.5,1.2252,12.341,0.11861,0,0,0,0,0
601,1.2278,12.342,0.11906,0,0,0,0,0
601.5,1.2307,12.345,0.11966,0,0,0,0,0
602,1.2332,12.347,0.11987,0,0,0,0,0
602.5,1.2361,12.348,0.12038,0,0,0,0,0
603,1.2385,12.349,0.12068,0,0,0,0,0
603.5,1.2414,12.35,0.12089,0,0,0,0,0
604,1.2445,12.353,0.12121,0,0,0,0,0
604.5,1.2476,12.356,0.12172,0,0,0,0,0
605,1.2508,12.357,0.12217,0,0,0,0,0
605.5,1.2536,12.358,0.12253,0,0,0,0,0
606,1.2563,12.36,0.12304,0,0,0,0,0
606.5,1.2591,12.361,0.12352,0,0,0,0,0
607,1.2617,12.361,0.12381,0,0,0,0,0
607.5,1.2644,12.362,0.12441,0,0,0,0,0
608,1.2672,12.363,0.1248,0,0,0,0,0
608.5,1.2702,12.365,0.1254,0,0,0,0,0
609,1.2732,12.368,0.12602,0,0,0,0,0
609.5,1.2761,12.371,0.12659,0,0,0,0,0
610,1.2792,12.371,0.12701,0,0,0,0,0
610.5,1.2821,12.372,0.12748,0,0,0,0,0
611,1.2852,12.372,0.12778,0,0,0,0,0
611.5,1.2883,12.373,0.12858,0,0,0,0,0
612,1.291,12.375,0.12882,0,0,0,0,0
612.5,1.2937,12.377,0.12933,0,0,0,0,0
613,1.2963,12.379,0.12998,0,0,0,0,0
613.5,1.299,12.38,0.13037,0,0,0,0,0
614,1.3021,12.381,0.13087,0,0,0,0,0
614.5,1.3051,12.382,0.13134,0,0,0,0,0
615,1.3084,12.382,0.13194,0,0,0,0,0
615.5,1.3116,12.382,0.13241,0,0,0,0,0
616,1.3145,12.384,0.13291,0,0,0,0,0
616.5,1.3174,12.387,0.13315,0,0,0,0,0
617,1.3206,12.387,0.13365,0,0,0,0,0
617.5,1.3231,12.388,0.13427,0,0,0,0,0
618,1.3259,12.389,0.13463,0,0,0,0,0
618.5,1.3286,12.389,0.1351,0,0,0,0,0
619,1.3314,12.389,0.13539,0,0,0,0,0
619.5,1.3343,12.389,0.13587,0,0,0,0,0
620,1.3375,12.391,0.13646,0,0,0,0,0
620.5,1.3405,12.393,0.1369,0,0,0,0,0
621,1.3437,12.395,0.13728,0,0,0,0,0
621.5,1.3467,12.395,0.13787,0,0,0,0,0
622,1.3497,12.396,0.13834,0,0,0,0,0
622.5,1.3528,12.398,0.13866,0,0,0,0,0
623,1.3554,12.399,0.13916,0,0,0,0,0
623.5,1.3585,12.398,0.13978,0,0,0,0,0
624,1.3611,12.398,0.14013,0,0,0,0,0
624.5,1.364,12.399,0.14078,0,0,0,0,0
625,1.3673,12.399,0.14122,0,0,0,0,0
625.5,1.3704,12.399,0.14192,0,0,0,0,0
626,1.3736,12.4,0.14245,0,0,0,0,0
626.5,1.3769,12.401,0.14289,0,0,0,0,0
627,1.3801,12.402,0.14351,0,0,0,0,0
627.5,1.383,12.402,0.14406,0,0,0,0,0
628,1.3861,12.402,0.14479,0,0,0,0,0
628.5,1.3887,12.403,0.14508,0,0,0,0,0
629,1.3916,12.403,0.14567,0,0,0,0,0
629.5,1.3945,12.404,0.14637,0,0,0,0,0
630,1.3973,12.405,0.14681,0,0,0,0,0
630.5,1.4006,12.407,0.14751,0,0,0,0,0
631,1.4039,12.408,0.14803,0,0,0,0,0
631.5,1.4071,12.41,0.1485,0,0,0,0,0
632,1.4104,12.412,0.14914,0,0,0,0,0
632.5,1.4134,12.412,0.14961,0,0,0,0,0
633,1.4165,12.412,0.15036,0,0,0,0,0
633.5,1.4196,12.412,0.1508,0,0,0,0,0
634,1.4226,12.411,0.15138,0,0,0,0,0
634.5,1.4253,12.41,0.15205,0,0,0,0,0
635,1.4282,12.412,0.1526,0,0,0,0,0
635.5,1.4316,12.413,0.15333,0,0,0,0,0
636,1.4345,12.412,0.15399,0,0,0,0,0
636.5,1.4379,12.411,0.1546,0,0,0,0,0
637,1.441,12.41,0.15547,0,0,0,0,0
637.5,1.4447,12.412,0.15605,0,0,0,0,0
638,1.4476,12.413,0.15665,0,0,0,0,0
638.5,1.4509,12.413,0.15729,0,0,0,0,0
639,1.4535,12.414,0.15798,0,0,0,0,0
639.5,1.4564,12.415,0.1585,0,0,0,0,0
640,1.4596,12.414,0.15931,0,0,0,0,0
640.5,1.4624,12.414,0.15969,0,0,0,0,0
641,1.4656,12.413,0.16044,0,0,0,0,0
641.5,1.4691,12.413,0.16084,0,0,0,0,0
642,1.4723,12.413,0.16156,0,0,0,0,0
642.5,1.4757,12.413,0.16202,0,0,0,0,0
643,1.4789,12.414,0.16259,0,0,0,0,0
643.5,1.4819,12.415,0.16308,0,0,0,0,0
644,1.4849,12.415,0.16371,0,0,0,0,0
644.5,1.4879,12.417,0.16454,0,0,0,0,0
645,1.4906,12.417,0.16517,0,0,0,0,0
645.5,1.4936,12.416,0.16595,0,0,0,0,0
646,1.4969,12.415,0.16641,0,0,0,0,0
646.5,1.5001,12.414,0.16744,0,0,0,0,0
647,1.5033,12.413,0.16815,0,0,0,0,0
647.5,1.507,12.413,0.16872,0,0,0,0,0
648,1.5102,12.412,0.16938,0,0,0,0,0
648.5,1.5132,12.411,0.16995,0,0,0,0,0
649,1.5165,12.41,0.17092,0,0,0,0,0
649.5,1.5193,12.409,0.17149,0,0,0,0,0
650,1.522,12.41,0.172,0,0,0,0,0
650.5,1.5251,12.41,0.17265,0,0,0,0,0
651,1.5284,12.411,0.17328,0,0,0,0,0
651.5,1.5313,12.412,0.17385,0,0,0,0,0
652,1.5347,12.411,0.17453,0,0,0,0,0
652.5,1.5378,12.409,0.17512,0,0,0,0,0
653,1.5416,12.407,0.17609,0,0,0,0,0
653.5,1.5446,12.407,0.17665,0,0,0,0,0
654,1.5478,12.408,0.17745,0,0,0,0,0
654.5,1.5506,12.409,0.1783,0,0,0,0,0
655,1.5537,12.407,0.17903,0,0,0,0,0
655.5,1.5567,12.406,0.17951,0,0,0,0,0
656,1.5596,12.405,0.18039,0,0,0,0,0
656.5,1.5629,12.404,0.18112,0,0,0,0,0
657,1.5664,12.404,0.18174,0,0,0,0,0
657.5,1.5696,12.403,0.18247,0,0,0,0,0
658,1.5732,12.403,0.18304,0,0,0,0,0
658.5,1.5765,12.401,0.18391,0,0,0,0,0
659,1.5799,12.402,0.18447,0,0,0,0,0
659.5,1.5829,12.402,0.18498,0,0,0,0,0
660,1.5863,12.401,0.18576,0,0,0,0,0
660.5,1.5892,12.4,0.18646,0,0,0,0,0
661,1.5922,12.4,0.18714,0,0,0,0,0
661.5,1.5952,12.4,0.18792,0,0,0,0,0
662,1.5985,12.397,0.18862,0,0,0,0,0
662.5,1.6016,12.396,0.18943,0,0,0,0,0
663,1.6051,12.396,0.18996,0,0,0,0,0
663.5,1.6085,12.395,0.19058,0,0,0,0,0
664,1.6121,12.394,0.19125,0,0,0,0,0
664.5,1.6152,12.393,0.19203,0,0,0,0,0
665,1.6182,12.392,0.19295,0,0,0,0,0
665.5,1.6212,12.391,0.19395,0,0,0,0,0
666,1.6245,12.389,0.19434,0,0,0,0,0
666.5,1.6276,12.387,0.19526,0,0,0,0,0
667,1.631,12.386,0.19612,0,0,0,0,0
667.5,1.6344,12.385,0.19671,0,0,0,0,0
668,1.6378,12.385,0.19762,0,0,0,0,0
668.5,1.6413,12.385,0.19854,0,0,0,0,0
669,1.6445,12.385,0.19917,0,0,0,0,0
669.5,1.6479,12.384,0.19981,0,0,0,0,0
670,1.6511,12.383,0.20067,0,0,0,0,0
670.5,1.6542,12.38,0.20166,0,0,0,0,0
671,1.6575,12.377,0.2023,0,0,0,0,0
671.5,1.6606,12.377,0.20326,0,0,0,0,0
672,1.6639,12.376,0.20387,0,0,0,0,0
672.5,1.6671,12.373,0.20483,0,0,0,0,0
673,1.6709,12.371,0.20571,0,0,0,0,0
673.5,1.6744,12.369,0.20624,0,0,0,0,0
674,1.6778,12.367,0.20728,0,0,0,0,0
674.5,1.6811,12.365,0.208,0,0,0,0,0
675,1.6844,12.366,0.20893,0,0,0,0,0
675.5,1.6877,12.365,0.20972,0,0,0,0,0
676,1.6906,12.363,0.2106,0,0,0,0,0
676.5,1.6939,12.36,0.21128,0,0,0,0,0
677,1.6973,12.358,0.21219,0,0,0,0,0
677.5,1.7006,12.356,0.21314,0,0,0,0,0
678,1.7042,12.355,0.21418,0,0,0,0,0
678.5,1.7078,12.353,0.215,0,0,0,0,0
679,1.7114,12.351,0.21625,0,0,0,0,0
679.5,1.7147,12.349,0.21718,0,0,0,0,0
680,1.7178,12.346,0.21821,0,0,0,0,0
680.5,1.721,12.343,0.21908,0,0,0,0,0
681,1.7245,12.341,0.22025,0,0,0,0,0
681.5,1.7278,12.341,0.22133,0,0,0,0,0
682,1.7311,12.341,0.22222,0,0,0,0,0
682.5,1.7343,12.338,0.22315,0,0,0,0,0
683,1.7376,12.336,0.22439,0,0,0,0,0
683.5,1.7416,12.334,0.22541,0,0,0,0,0
684,1.7449,12.332,0.22644,0,0,0,0,0
684.5,1.7488,12.329,0.22719,0,0,0,0,0
685,1.7521,12.328,0.22813,0,0,0,0,0
685.5,1.7552,12.326,0.22913,0,0,0,0,0
686,1.7584,12.323,0.22988,0,0,0,0,0
686.5,1.7617,12.32,0.23096,0,0,0,0,0
687,1.765,12.317,0.23181,0,0,0,0,0
687.5,1.7684,12.314,0.23283,0,0,0,0,0
688,1.7718,12.313,0.23382,0,0,0,0,0
688.5,1.7756,12.311,0.23468,0,0,0,0,0
689,1.7793,12.31,0.23574,0,0,0,0,0
689.5,1.7825,12.307,0.23684,0,0,0,0,0
690,1.7862,12.302,0.23801,0,0,0,0,0
690.5,1.7894,12.298,0.23897,0,0,0,0,0
691,1.7928,12.296,0.24001,0,0,0,0,0
691.5,1.796,12.294,0.24091,0,0,0,0,0
692,1.7993,12.292,0.24203,0,0,0,0,0
692.5,1.8029,12.288,0.24303,0,0,0,0,0
693,1.8067,12.285,0.24412,0,0,0,0,0
693.5,1.8104,12.282,0.24531,0,0,0,0,0
694,1.8135,12.279,0.24647,0,0,0,0,0
694.5,1.8173,12.277,0.24771,0,0,0,0,0
695,1.8208,12.275,0.2489,0,0,0,0,0
695.5,1.8237,12.271,0.2499,0,0,0,0,0
696,1.8272,12.268,0.25124,0,0,0,0,0
696.5,1.8304,12.264,0.25243,0,0,0,0,0
697,1.8339,12.26,0.25348,0,0,0,0,0
697.5,1.8372,12.257,0.25445,0,0,0,0,0
698,1.8407,12.254,0.25568,0,0,0,0,0
698.5,1.8447,12.25,0.25675,0,0,0,0,0
699,1.8483,12.248,0.25806,0,0,0,0,0
699.5,1.8519,12.246,0.25905,0,0,0,0,0
700,1.855,12.242,0.26017,0,0,0,0,0
700.5,1.8586,12.237,0.26147,0,0,0,0,0
701,1.8618,12.232,0.2628,0,0,0,0,0
701.5,1.8651,12.229,0.26396,0,0,0,0,0
702,1.8685,12.227,0.26505,0,0,0,0,0
702.5,1.8721,12.224,0.26617,0,0,0,0,0
703,1.8761,12.22,0.26744,0,0,0,0,0
703.5,1.8798,12.218,0.2686,0,0,0,0,0
704,1.8833,12.213,0.26974,0,0,0,0,0
704.5,1.8871,12.208,0.2709,0,0,0,0,0
705,1.8905,12.203,0.27195,0,0,0,0,0
705.5,1.8938,12.2,0.27316,0,0,0,0,0
706,1.8971,12.199,0.27437,0,0,0,0,0
706.5,1.9006,12.195,0.27573,0,0,0,0,0
707,1.904,12.19,0.27668,0,0,0,0,0
707.5,1.9077,12.185,0.27827,0,0,0,0,0
708,1.9116,12.182,0.27937,0,0,0,0,0
708.5,1.9152,12.177,0.28062,0,0,0,0,0
709,1.9191,12.172,0.28207,0,0,0,0,0
709.5,1.9224,12.169,0.28327,0,0,0,0,0
710,1.926,12.165,0.28429,0,0,0,0,0
710.5,1.9292,12.161,0.28543,0,0,0,0,0
711,1.9328,12.155,0.28683,0,0,0,0,0
711.5,1.9365,12.149,0.28797,0,0,0,0,0
712,1.9402,12.144,0.28926,0,0,0,0,0
712.5,1.9436,12.138,0.29068,0,0,0,0,0
713,1.9478,12.133,0.29202,0,0,0,0,0
713.5,1.9516,12.128,0.29328,0,0,0,0,0
714,1.9552,12.124,0.29471,0,0,0,0,0
714.5,1.9586,12.119,0.29648,0,0,0,0,0
715,1.9622,12.113,0.29758,0,0,0,0,0
715.5,1.9653,12.108,0.29896,0,0,0,0,0
716,1.9689,12.104,0.30049,0,0,0,0,0
716.5,1.9727,12.099,0.30181,0,0,0,0,0
717,1.9765,12.092,0.30321,0,0,0,0,0
717.5,1.9801,12.086,0.30478,0,0,0,0,0
718,1.984,12.082,0.30618,0,0,0,0,0
718.5,1.9877,12.077,0.30755,0,0,0,0,0
719,1.9914,12.069,0.30906,0,0,0,0,0
719.5,1.9952,12.064,0.31018,0,0,0,0,0
720,1.9983,12.06,0.31169,0,0,0,0,0
720.5,2.0019,12.054,0.31282,0,0,0,0,0
721,2.0055,12.046,0.31428,0,0,0,0,0
721.5,2.0094,12.039,0.31591,0,0,0,0,0
722,2.0131,12.034,0.31746,0,0,0,0,0
722.5,2.0169,12.029,0.31891,0,0,0,0,0
723,2.0207,12.023,0.32056,0,0,0,0,0
723.5,2.0246,12.016,0.32213,0,0,0,0,0
724,2.028,12.01,0.32396,0,0,0,0,0
724.5,2.0316,12.001,0.32545,0,0,0,0,0
725,2.0351,11.994,0.32696,0,0,0,0,0
725.5,2.0388,11.987,0.32857,0,0,0,0,0
726,2.0421,11.982,0.3303,0,0,0,0,0
726.5,2.046,11.975,0.3318,0,0,0,0,0
727,2.0499,11.967,0.33333,0,0,0,0,0
727.5,2.0539,11.961,0.33493,0,0,0,0,0
728,2.0579,11.954,0.33633,0,0,0,0,0
728.5,2.0616,11.946,0.33787,0,0,0,0,0
729,2.0653,11.938,0.33982,0,0,0,0,0
729.5,2.0687,11.93,0.34158,0,0,0,0,0
730,2.0722,11.922,0.34314,0,0,0,0,0
730.5,2.076,11.915,0.34467,0,0,0,0,0
731,2.0799,11.909,0.34606,0,0,0,0,0
731.5,2.0834,11.902,0.34807,0,0,0,0,0
732,2.0875,11.894,0.34957,0,0,0,0,0
732.5,2.0914,11.885,0.35114,0,0,0,0,0
733,2.0953,11.876,0.35252,0,0,0,0,0
733.5,2.0991,11.866,0.35416,0,0,0,0,0
734,2.1029,11.856,0.35568,0,0,0,0,0
734.5,2.1066,11.848,0.35728,0,0,0,0,0
735,2.1101,11.841,0.35891,0,0,0,0,0
735.5,2.1141,11.832,0.36073,0,0,0,0,0
736,2.1178,11.823,0.36224,0,0,0,0,0
736.5,2.1219,11.813,0.36395,0,0,0,0,0
737,2.1263,11.803,0.3659,0,0,0,0,0
737.5,2.1304,11.793,0.36754,0,0,0,0,0
738,2.1343,11.784,0.36904,0,0,0,0,0
738.5,2.1377,11.773,0.37091,0,0,0,0,0
739,2.1416,11.76,0.37219,0,0,0,0,0
739.5,2.1453,11.748,0.37421,0,0,0,0,0
740,2.1492,11.738,0.37637,0,0,0,0,0
740.5,2.1536,11.727,0.37834,0,0,0,0,0
741,2.1578,11.716,0.38017,0,0,0,0,0
741.5,2.1622,11.7,0.38195,0,0,0,0,0
