Time[s],Displacement longi[mm],Force[kN],Effective Strain,N/A,Thickness[mm],OuterWidth[mm],N/A
0.63,0,-0.0051129,0,0,1.1263,19.927,0
1.13,-1.9e-05,-0.0025764,0,0,0,0,0
1.63,0.002115,0.00043155,0,0,0,0,0
2.13,0.004024,0.0072863,0,0,0,0,0
2.63,0.006109,0.016573,0,0,0,0,0
3.13,0.008433,0.027,0,0,0,0,0
3.63,0.01036,0.037141,0,0,0,0,0
4.13,0.012395,0.046573,0,0,0,0,0
4.63,0.014371,0.055714,0,0,0,0,0
5.13,0.016249,0.064714,0,0,0,0,0
5.63,0.018102,0.073286,0,0,0,0,0
6.13,0.019831,0.081141,0,0,0,0,0
6.63,0.021165,0.088,0,0,0,0,0
7.13,0.022729,0.094573,0,0,0,0,0
7.63,0.024514,0.10229,0,0,0,0,0
8.13,0.026195,0.11043,0,0,0,0,0
8.63,0.027876,0.11857,0,0,0,0,0
9.13,0.029773,0.12643,0,0,0,0,0
9.63,0.031511,0.134,0,0,0,0,0
10.13,0.03322,0.14129,0,0,0,0,0
10.63,0.035265,0.14871,0,0,0,0,0
11.13,0.037091,0.156,0,0,0,0,0
11.63,0.038864,0.16329,0,0,0,0,0
12.13,0.040821,0.17071,0,0,0,0,0
12.63,0.042539,0.17771,0,0,0,0,0
13.13,0.044376,0.18457,0,0,0,0,0
13.63,0.046358,0.19143,0,0,0,0,0
14.13,0.048329,0.19771,0,0,0,0,0
14.63,0.05022,0.20357,0,0,0,0,0
15.13,0.052302,0.20971,0,0,0,0,0
15.63,0.054445,0.21543,0,0,0,0,0
16.13,0.056291,0.22086,0,0,0,0,0
16.63,0.058902,0.22643,0,0,0,0,0
17.13,0.060892,0.232,0,0,0,0,0
17.63,0.063111,0.237,0,0,0,0,0
18.13,0.065461,0.24171,0,0,0,0,0
18.63,0.067808,0.246,0,0,0,0,0
19.13,0.070183,0.25029,0,0,0,0,0
19.63,0.072884,0.25443,0,0,0,0,0
20.13,0.074928,0.25829,0,0,0,0,0
20.63,0.077345,0.262,0,0,0,0,0
21.13,0.080024,0.26571,0,0,0,0,0
21.63,0.082459,0.26929,0,0,0,0,0
22.13,0.085035,0.27271,0,0,0,0,0
22.63,0.0876,0.276,0,0,0,0,0
23.13,0.090293,0.279,0,0,0,0,0
23.63,0.092918,0.282,0,0,0,0,0
24.13,0.095867,0.285,0,0,0,0,0
24.63,0.098272,0.28771,0,0,0,0,0
25.13,0.10122,0.29029,0,0,0,0,0
25.63,0.10351,0.293,0,0,0,0,0
26.13,0.10655,0.29571,0,0,0,0,0
26.63,0.10942,0.29829,0,0,0,0,0
27.13,0.11218,0.30071,0,0,0,0,0
27.63,0.11503,0.303,0,0,0,0,0
28.13,0.11776,0.30529,0,0,0,0,0
28.63,0.12061,0.30743,0,0,0,0,0
29.13,0.1235,0.30957,0,0,0,0,0
29.63,0.12637,0.31171,0,0,0,0,0
30.13,0.12939,0.314,0,0,0,0,0
30.63,0.13212,0.316,0,0,0,0,0
31.13,0.13505,0.318,0,0,0,0,0
31.63,0.13792,0.32,0,0,0,0,0
32.13,0.14077,0.32171,0,0,0,0,0
32.63,0.14386,0.32329,0,0,0,0,0
33.13,0.14658,0.325,0,0,0,0,0
33.63,0.1497,0.327,0,0,0,0,0
34.13,0.15269,0.329,0,0,0,0,0
34.63,0.15551,0.331,0,0,0,0,0
35.13,0.15852,0.33271,0,0,0,0,0
35.63,0.16152,0.33429,0,0,0,0,0
36.13,0.16451,0.336,0,0,0,0,0
36.63,0.16745,0.33771,0,0,0,0,0
37.13,0.17027,0.33929,0,0,0,0,0
37.63,0.17333,0.34071,0,0,0,0,0
38.13,0.17636,0.34229,0,0,0,0,0
38.63,0.17933,0.34371,0,0,0,0,0
39.13,0.18228,0.34529,0,0,0,0,0
39.63,0.1851,0.34671,0,0,0,0,0
40.13,0.18828,0.34829,0,0,0,0,0
40.63,0.19115,0.34971,0,0,0,0,0
41.13,0.19421,0.35129,0,0,0,0,0
41.63,0.19713,0.353,0,0,0,0,0
42.13,0.20013,0.35443,0,0,0,0,0
42.63,0.20318,0.35557,0,0,0,0,0
43.13,0.20608,0.35671,0,0,0,0,0
43.63,0.20924,0.35829,0,0,0,0,0
44.13,0.21214,0.35971,0,0,0,0,0
44.63,0.21515,0.361,0,0,0,0,0
45.13,0.21834,0.36229,0,0,0,0,0
45.63,0.22136,0.36371,0,0,0,0,0
46.13,0.22447,0.36529,0,0,0,0,0
46.63,0.22754,0.36671,0,0,0,0,0
47.13,0.23056,0.368,0,0,0,0,0
47.63,0.23369,0.369,0,0,0,0,0
48.13,0.23665,0.37029,0,0,0,0,0
48.63,0.23986,0.37171,0,0,0,0,0
49.13,0.24284,0.373,0,0,0,0,0
49.63,0.2461,0.37371,0,0,0,0,0
50.13,0.24916,0.37457,0,0,0,0,0
50.63,0.25213,0.37571,0,0,0,0,0
51.13,0.25543,0.377,0,0,0,0,0
51.63,0.25845,0.378,0,0,0,0,0
52.13,0.2617,0.379,0,0,0,0,0
52.63,0.26469,0.38029,0,0,0,0,0
53.13,0.26778,0.38171,0,0,0,0,0
53.63,0.27098,0.383,0,0,0,0,0
54.13,0.27399,0.38371,0,0,0,0,0
54.63,0.27719,0.38429,0,0,0,0,0
55.13,0.28021,0.38529,0,0,0,0,0
55.63,0.28339,0.38671,0,0,0,0,0
56.13,0.28652,0.38771,0,0,0,0,0
56.63,0.2896,0.38857,0,0,0,0,0
57.13,0.29289,0.38971,0,0,0,0,0
57.63,0.29598,0.39071,0,0,0,0,0
58.13,0.29919,0.39129,0,0,0,0,0
58.63,0.30229,0.392,0,0,0,0,0
59.13,0.30552,0.393,0,0,0,0,0
59.63,0.30873,0.394,0,0,0,0,0
60.13,0.31178,0.395,0,0,0,0,0
60.63,0.31501,0.396,0,0,0,0,0
61.13,0.31814,0.397,0,0,0,0,0
61.63,0.32134,0.398,0,0,0,0,0
62.13,0.32451,0.399,0,0,0,0,0
62.63,0.32762,0.39971,0,0,0,0,0
63.13,0.33079,0.40029,0,0,0,0,0
63.63,0.3338,0.401,0,0,0,0,0
64.13,0.33708,0.402,0,0,0,0,0
64.63,0.34033,0.403,0,0,0,0,0
65.13,0.34341,0.40371,0,0,0,0,0
65.63,0.34667,0.40429,0,0,0,0,0
66.13,0.34969,0.405,0,0,0,0,0
66.63,0.35291,0.406,0,0,0,0,0
67.13,0.35611,0.407,0,0,0,0,0
67.63,0.35944,0.40771,0,0,0,0,0
68.13,0.36251,0.40829,0,0,0,0,0
68.63,0.36565,0.409,0,0,0,0,0
69.13,0.36888,0.41,0,0,0,0,0
69.63,0.372,0.41071,0,0,0,0,0
70.13,0.37543,0.41129,0,0,0,0,0
70.63,0.37841,0.412,0,0,0,0,0
71.13,0.38165,0.41271,0,0,0,0,0
71.63,0.38487,0.41329,0,0,0,0,0
72.13,0.38792,0.414,0,0,0,0,0
72.63,0.39118,0.415,0,0,0,0,0
73.13,0.39429,0.416,0,0,0,0,0
73.63,0.39755,0.41671,0,0,0,0,0
74.13,0.40066,0.41729,0,0,0,0,0
74.63,0.40382,0.418,0,0,0,0,0
75.13,0.40703,0.419,0,0,0,0,0
75.63,0.4102,0.41971,0,0,0,0,0
76.13,0.41355,0.42029,0,0,0,0,0
76.63,0.41663,0.42071,0,0,0,0,0
77.13,0.41983,0.42129,0,0,0,0,0
77.63,0.42289,0.422,0,0,0,0,0
78.13,0.42609,0.42271,0,0,0,0,0
78.63,0.42932,0.42329,0,0,0,0,0
79.13,0.4325,0.42371,0,0,0,0,0
79.63,0.4358,0.42429,0,0,0,0,0
80.13,0.43888,0.425,0,0,0,0,0
80.63,0.44217,0.42571,0,0,0,0,0
81.13,0.44546,0.42629,0,0,0,0,0
81.63,0.44856,0.427,0,0,0,0,0
82.12,0.45172,0.42771,0,0,0,0,0
82.63,0.45485,0.42829,0,0,0,0,0
83.12,0.45816,0.429,0,0,0,0,0
83.63,0.46125,0.42971,0,0,0,0,0
84.13,0.46447,0.43029,0,0,0,0,0
84.63,0.46781,0.431,0,0,0,0,0
85.12,0.47091,0.43171,0,0,0,0,0
85.63,0.47423,0.43229,0,0,0,0,0
86.13,0.47741,0.43271,0,0,0,0,0
86.63,0.48045,0.43329,0,0,0,0,0
87.13,0.48395,0.43371,0,0,0,0,0
87.63,0.48707,0.43429,0,0,0,0,0
88.13,0.49035,0.435,0,0,0,0,0
88.63,0.49352,0.43571,0,0,0,0,0
89.13,0.49683,0.43629,0,0,0,0,0
89.63,0.49987,0.43671,0,0,0,0,0
90.13,0.50325,0.43729,0,0,0,0,0
90.62,0.50628,0.43771,0,0,0,0,0
91.12,0.50952,0.43829,0,0,0,0,0
91.63,0.513,0.439,0,0,0,0,0
92.13,0.51625,0.43971,0,0,0,0,0
92.63,0.51948,0.44029,0,0,0,0,0
93.13,0.52264,0.44071,0,0,0,0,0
93.63,0.526,0.44129,0,0,0,0,0
94.13,0.52927,0.44171,0,0,0,0,0
94.63,0.53262,0.44229,0,0,0,0,0
95.13,0.53594,0.44271,0,0,0,0,0
95.63,0.53896,0.44329,0,0,0,0,0
96.13,0.54246,0.44371,0,0,0,0,0
96.63,0.54559,0.44429,0,0,0,0,0
97.13,0.54898,0.44471,0,0,0,0,0
97.63,0.55206,0.44529,0,0,0,0,0
98.13,0.55527,0.44571,0,0,0,0,0
98.62,0.55862,0.44629,0,0,0,0,0
99.13,0.56188,0.44671,0,0,0,0,0
99.63,0.56526,0.44729,0,0,0,0,0
100.13,0.56835,0.448,0,0,0,0,0
100.63,0.57171,0.44871,0,0,0,0,0
101.13,0.57492,0.449,0,0,0,0,0
101.62,0.57811,0.44929,0,0,0,0,0
102.13,0.58148,0.45,0,0,0,0,0
102.62,0.58471,0.45071,0,0,0,0,0
103.12,0.58799,0.45129,0,0,0,0,0
103.63,0.59111,0.45171,0,0,0,0,0
104.12,0.59455,0.45229,0,0,0,0,0
104.63,0.59764,0.45271,0,0,0,0,0
105.12,0.60094,0.45329,0,0,0,0,0
105.62,0.60439,0.45371,0,0,0,0,0
106.13,0.60747,0.45429,0,0,0,0,0
106.63,0.61079,0.45471,0,0,0,0,0
107.12,0.61403,0.45529,0,0,0,0,0
107.63,0.61735,0.45571,0,0,0,0,0
108.13,0.62058,0.45629,0,0,0,0,0
108.63,0.62385,0.45671,0,0,0,0,0
109.12,0.62711,0.457,0,0,0,0,0
109.62,0.63021,0.45729,0,0,0,0,0
110.13,0.6338,0.45771,0,0,0,0,0
110.63,0.63682,0.45829,0,0,0,0,0
111.12,0.64014,0.45871,0,0,0,0,0
111.62,0.64346,0.45929,0,0,0,0,0
112.12,0.64664,0.45971,0,0,0,0,0
112.63,0.65002,0.46029,0,0,0,0,0
113.13,0.65305,0.46071,0,0,0,0,0
113.62,0.6564,0.46129,0,0,0,0,0
114.13,0.65961,0.46171,0,0,0,0,0
114.63,0.66283,0.46229,0,0,0,0,0
115.13,0.66612,0.46271,0,0,0,0,0
115.63,0.66936,0.46329,0,0,0,0,0
116.12,0.67266,0.46371,0,0,0,0,0
116.62,0.67577,0.46429,0,0,0,0,0
117.12,0.67922,0.46471,0,0,0,0,0
117.62,0.68229,0.465,0,0,0,0,0
118.12,0.68564,0.46529,0,0,0,0,0
118.62,0.68885,0.46571,0,0,0,0,0
119.13,0.69195,0.46629,0,0,0,0,0
119.63,0.69535,0.46671,0,0,0,0,0
120.12,0.69858,0.46729,0,0,0,0,0
120.63,0.70194,0.46771,0,0,0,0,0
121.12,0.70507,0.46829,0,0,0,0,0
121.63,0.70831,0.46871,0,0,0,0,0
122.12,0.71167,0.469,0,0,0,0,0
122.62,0.71476,0.46929,0,0,0,0,0
123.12,0.71809,0.46971,0,0,0,0,0
123.63,0.72124,0.47029,0,0,0,0,0
124.12,0.72459,0.47071,0,0,0,0,0
124.62,0.72785,0.47129,0,0,0,0,0
125.13,0.73102,0.47171,0,0,0,0,0
125.62,0.73423,0.472,0,0,0,0,0
126.12,0.73749,0.47229,0,0,0,0,0
126.63,0.74075,0.47271,0,0,0,0,0
127.12,0.74391,0.47329,0,0,0,0,0
127.62,0.74726,0.47371,0,0,0,0,0
128.12,0.7505,0.474,0,0,0,0,0
128.62,0.75363,0.47429,0,0,0,0,0
129.13,0.75707,0.47471,0,0,0,0,0
129.62,0.76026,0.47529,0,0,0,0,0
130.13,0.76366,0.47571,0,0,0,0,0
130.63,0.76672,0.476,0,0,0,0,0
131.13,0.77004,0.47629,0,0,0,0,0
131.63,0.77334,0.47671,0,0,0,0,0
132.13,0.77649,0.47729,0,0,0,0,0
132.62,0.77982,0.47771,0,0,0,0,0
133.12,0.78311,0.478,0,0,0,0,0
133.62,0.78646,0.47829,0,0,0,0,0
134.12,0.78954,0.47871,0,0,0,0,0
134.62,0.79295,0.47929,0,0,0,0,0
135.13,0.79617,0.47971,0,0,0,0,0
135.62,0.79939,0.48,0,0,0,0,0
136.12,0.80287,0.48029,0,0,0,0,0
136.63,0.80601,0.48071,0,0,0,0,0
137.12,0.80936,0.48129,0,0,0,0,0
137.62,0.81258,0.48171,0,0,0,0,0
138.13,0.81595,0.48229,0,0,0,0,0
138.62,0.81919,0.48271,0,0,0,0,0
139.13,0.82249,0.483,0,0,0,0,0
139.62,0.82584,0.48329,0,0,0,0,0
140.12,0.82911,0.48371,0,0,0,0,0
140.62,0.83256,0.484,0,0,0,0,0
141.13,0.83566,0.48429,0,0,0,0,0
141.62,0.83908,0.48471,0,0,0,0,0
142.12,0.84241,0.485,0,0,0,0,0
142.62,0.84575,0.48529,0,0,0,0,0
143.12,0.84909,0.48571,0,0,0,0,0
143.62,0.85235,0.48629,0,0,0,0,0
144.12,0.85567,0.48671,0,0,0,0,0
144.62,0.85886,0.487,0,0,0,0,0
145.12,0.86216,0.48729,0,0,0,0,0
145.62,0.86577,0.48771,0,0,0,0,0
146.13,0.86893,0.488,0,0,0,0,0
146.62,0.87201,0.48829,0,0,0,0,0
147.12,0.87542,0.48871,0,0,0,0,0
147.62,0.87876,0.489,0,0,0,0,0
148.12,0.88205,0.48929,0,0,0,0,0
148.62,0.88533,0.48971,0,0,0,0,0
149.12,0.88848,0.49029,0,0,0,0,0
149.62,0.89162,0.49071,0,0,0,0,0
150.12,0.89504,0.491,0,0,0,0,0
150.62,0.89825,0.49129,0,0,0,0,0
151.12,0.90171,0.49171,0,0,0,0,0
151.62,0.90487,0.49229,0,0,0,0,0
152.13,0.90819,0.49271,0,0,0,0,0
152.62,0.91146,0.49329,0,0,0,0,0
153.12,0.91468,0.49371,0,0,0,0,0
153.62,0.91814,0.494,0,0,0,0,0
154.13,0.92125,0.494,0,0,0,0,0
154.63,0.92461,0.49429,0,0,0,0,0
155.12,0.92789,0.49471,0,0,0,0,0
155.62,0.93128,0.495,0,0,0,0,0
156.12,0.93428,0.49529,0,0,0,0,0
156.62,0.93763,0.49571,0,0,0,0,0
157.12,0.94103,0.496,0,0,0,0,0
157.62,0.94414,0.49629,0,0,0,0,0
158.12,0.94756,0.49671,0,0,0,0,0
158.62,0.95068,0.49729,0,0,0,0,0
159.12,0.95405,0.49771,0,0,0,0,0
159.62,0.95725,0.498,0,0,0,0,0
160.12,0.96049,0.498,0,0,0,0,0
160.62,0.9639,0.49829,0,0,0,0,0
161.12,0.96708,0.49871,0,0,0,0,0
161.62,0.97051,0.499,0,0,0,0,0
162.12,0.97366,0.49929,0,0,0,0,0
162.63,0.97699,0.49971,0,0,0,0,0
163.12,0.98022,0.50029,0,0,0,0,0
163.62,0.98339,0.50071,0,0,0,0,0
164.12,0.9869,0.501,0,0,0,0,0
164.62,0.99,0.501,0,0,0,0,0
165.12,0.99331,0.50129,0,0,0,0,0
165.62,0.99657,0.50171,0,0,0,0,0
166.12,0.99976,0.502,0,0,0,0,0
166.62,1.0031,0.50229,0,0,0,0,0
167.12,1.0064,0.50271,0,0,0,0,0
167.62,1.0098,0.50329,0,0,0,0,0
168.12,1.013,0.50371,0,0,0,0,0
168.62,1.0164,0.504,0,0,0,0,0
169.12,1.0195,0.50429,0,0,0,0,0
169.62,1.0229,0.50471,0,0,0,0,0
170.12,1.0262,0.505,0,0,0,0,0
170.62,1.0295,0.505,0,0,0,0,0
171.12,1.0328,0.50529,0,0,0,0,0
171.63,1.036,0.50571,0,0,0,0,0
172.12,1.0394,0.50629,0,0,0,0,0
172.62,1.0426,0.50671,0,0,0,0,0
173.12,1.046,0.507,0,0,0,0,0
173.62,1.0494,0.507,0,0,0,0,0
174.12,1.0525,0.50729,0,0,0,0,0
174.62,1.056,0.50771,0,0,0,0,0
175.12,1.0591,0.508,0,0,0,0,0
175.62,1.0626,0.50829,0,0,0,0,0
176.12,1.0658,0.50871,0,0,0,0,0
176.62,1.069,0.50929,0,0,0,0,0
177.12,1.0723,0.50943,0,0,0,0,0
177.62,1.0756,0.50957,0,0,0,0,0
178.12,1.0789,0.50971,0,0,0,0,0
178.62,1.0822,0.51029,0,0,0,0,0
179.12,1.0855,0.51071,0,0,0,0,0
179.62,1.0888,0.511,0,0,0,0,0
180.12,1.0922,0.511,0,0,0,0,0
180.62,1.0956,0.51129,0,0,0,0,0
181.12,1.0988,0.51171,0,0,0,0,0
181.62,1.1021,0.512,0,0,0,0,0
182.12,1.1054,0.51229,0,0,0,0,0
182.62,1.1087,0.51271,0,0,0,0,0
183.12,1.112,0.513,0,0,0,0,0
183.62,1.1153,0.51329,0,0,0,0,0
184.12,1.1186,0.51371,0,0,0,0,0
184.62,1.1218,0.514,0,0,0,0,0
185.12,1.1253,0.514,0,0,0,0,0
185.62,1.1284,0.51429,0,0,0,0,0
186.12,1.1318,0.51471,0,0,0,0,0
186.62,1.135,0.515,0,0,0,0,0
187.12,1.1383,0.51529,0,0,0,0,0
187.62,1.1416,0.51571,0,0,0,0,0
188.12,1.1449,0.516,0,0,0,0,0
188.62,1.1483,0.51629,0,0,0,0,0
189.12,1.1515,0.51671,0,0,0,0,0
189.62,1.1548,0.517,0,0,0,0,0
190.12,1.1581,0.517,0,0,0,0,0
190.62,1.1614,0.51729,0,0,0,0,0
191.12,1.1647,0.51771,0,0,0,0,0
191.62,1.1678,0.518,0,0,0,0,0
192.12,1.1712,0.51829,0,0,0,0,0
192.62,1.1744,0.51871,0,0,0,0,0
193.12,1.1777,0.519,0,0,0,0,0
193.62,1.181,0.519,0,0,0,0,0
194.12,1.1842,0.51929,0,0,0,0,0
194.62,1.1875,0.51971,0,0,0,0,0
195.12,1.1906,0.52,0,0,0,0,0
195.62,1.194,0.52029,0,0,0,0,0
196.12,1.1972,0.52071,0,0,0,0,0
196.62,1.2005,0.521,0,0,0,0,0
197.12,1.2039,0.521,0,0,0,0,0
197.62,1.2071,0.521,0,0,0,0,0
198.12,1.2105,0.52129,0,0,0,0,0
198.62,1.2137,0.52171,0,0,0,0,0
199.12,1.2172,0.522,0,0,0,0,0
199.62,1.2202,0.522,0,0,0,0,0
200.12,1.2237,0.52229,0,0,0,0,0
200.62,1.2269,0.52271,0,0,0,0,0
201.12,1.2301,0.523,0,0,0,0,0
201.62,1.2335,0.52329,0,0,0,0,0
202.12,1.2366,0.52371,0,0,0,0,0
202.62,1.2399,0.524,0,0,0,0,0
203.12,1.2432,0.524,0,0,0,0,0
203.62,1.2464,0.52429,0,0,0,0,0
204.12,1.2497,0.52471,0,0,0,0,0
204.62,1.2529,0.525,0,0,0,0,0
205.12,1.2563,0.52529,0,0,0,0,0
205.62,1.2595,0.52571,0,0,0,0,0
206.12,1.2629,0.526,0,0,0,0,0
206.62,1.2661,0.526,0,0,0,0,0
207.12,1.2694,0.52629,0,0,0,0,0
207.62,1.2728,0.52671,0,0,0,0,0
208.12,1.2759,0.527,0,0,0,0,0
208.62,1.2792,0.527,0,0,0,0,0
209.12,1.2825,0.52729,0,0,0,0,0
209.62,1.2858,0.52771,0,0,0,0,0
210.12,1.2892,0.528,0,0,0,0,0
210.62,1.2924,0.528,0,0,0,0,0
211.12,1.2958,0.52829,0,0,0,0,0
211.62,1.299,0.52871,0,0,0,0,0
212.12,1.3025,0.529,0,0,0,0,0
212.62,1.3055,0.52929,0,0,0,0,0
213.12,1.3091,0.52971,0,0,0,0,0
213.62,1.3122,0.53,0,0,0,0,0
214.12,1.3154,0.53,0,0,0,0,0
214.62,1.319,0.53029,0,0,0,0,0
215.12,1.322,0.53071,0,0,0,0,0
215.62,1.3257,0.531,0,0,0,0,0
216.12,1.3289,0.531,0,0,0,0,0
216.62,1.3321,0.531,0,0,0,0,0
217.12,1.3354,0.53129,0,0,0,0,0
217.62,1.3385,0.53171,0,0,0,0,0
218.12,1.3418,0.532,0,0,0,0,0
218.62,1.3451,0.53229,0,0,0,0,0
219.12,1.3485,0.53271,0,0,0,0,0
219.62,1.3518,0.533,0,0,0,0,0
220.12,1.355,0.533,0,0,0,0,0
220.62,1.3583,0.533,0,0,0,0,0
221.12,1.3615,0.53329,0,0,0,0,0
221.62,1.365,0.53371,0,0,0,0,0
222.12,1.3682,0.534,0,0,0,0,0
222.62,1.3717,0.534,0,0,0,0,0
223.12,1.3748,0.534,0,0,0,0,0
223.62,1.3781,0.53429,0,0,0,0,0
224.12,1.3815,0.53471,0,0,0,0,0
224.62,1.3848,0.535,0,0,0,0,0
225.12,1.3882,0.535,0,0,0,0,0
225.62,1.3912,0.53529,0,0,0,0,0
226.12,1.3946,0.53571,0,0,0,0,0
226.62,1.3979,0.536,0,0,0,0,0
227.12,1.4011,0.536,0,0,0,0,0
227.62,1.4045,0.536,0,0,0,0,0
228.12,1.4077,0.53629,0,0,0,0,0
228.62,1.4111,0.53671,0,0,0,0,0
229.12,1.4143,0.537,0,0,0,0,0
229.62,1.4178,0.53729,0,0,0,0,0
230.12,1.4209,0.53771,0,0,0,0,0
230.62,1.4242,0.538,0,0,0,0,0
231.12,1.4278,0.538,0,0,0,0,0
231.62,1.431,0.538,0,0,0,0,0
232.12,1.4346,0.53829,0,0,0,0,0
232.62,1.4374,0.53871,0,0,0,0,0
233.12,1.4407,0.539,0,0,0,0,0
233.62,1.4442,0.539,0,0,0,0,0
234.12,1.4474,0.539,0,0,0,0,0
234.62,1.4508,0.53929,0,0,0,0,0
235.12,1.4539,0.53971,0,0,0,0,0
235.62,1.4575,0.54,0,0,0,0,0
236.12,1.4608,0.54029,0,0,0,0,0
236.62,1.464,0.54071,0,0,0,0,0
237.12,1.4672,0.541,0,0,0,0,0
237.62,1.4705,0.541,0,0,0,0,0
238.12,1.4739,0.541,0,0,0,0,0
238.62,1.477,0.54129,0,0,0,0,0
239.12,1.4804,0.54171,0,0,0,0,0
239.62,1.4837,0.542,0,0,0,0,0
240.12,1.487,0.542,0,0,0,0,0
240.62,1.4903,0.542,0,0,0,0,0
241.12,1.4936,0.54229,0,0,0,0,0
241.62,1.497,0.54271,0,0,0,0,0
242.12,1.5002,0.543,0,0,0,0,0
242.62,1.5036,0.543,0,0,0,0,0
243.12,1.5068,0.543,0,0,0,0,0
243.62,1.5101,0.543,0,0,0,0,0
244.12,1.5133,0.54329,0,0,0,0,0
244.62,1.5166,0.54371,0,0,0,0,0
245.12,1.5199,0.544,0,0,0,0,0
245.62,1.5231,0.544,0,0,0,0,0
246.12,1.5263,0.544,0,0,0,0,0
246.62,1.5297,0.54429,0,0,0,0,0
247.12,1.5329,0.54471,0,0,0,0,0
247.62,1.5364,0.545,0,0,0,0,0
248.12,1.5395,0.545,0,0,0,0,0
248.62,1.5427,0.54529,0,0,0,0,0
249.12,1.5459,0.54571,0,0,0,0,0
249.62,1.5493,0.546,0,0,0,0,0
250.12,1.5525,0.546,0,0,0,0,0
250.62,1.556,0.546,0,0,0,0,0
251.12,1.5593,0.54629,0,0,0,0,0
251.62,1.5624,0.54671,0,0,0,0,0
252.12,1.5657,0.547,0,0,0,0,0
252.62,1.5689,0.547,0,0,0,0,0
253.12,1.5723,0.54729,0,0,0,0,0
253.62,1.5756,0.54743,0,0,0,0,0
254.12,1.5788,0.54757,0,0,0,0,0
254.62,1.5821,0.54771,0,0,0,0,0
255.12,1.5853,0.548,0,0,0,0,0
255.62,1.5888,0.548,0,0,0,0,0
256.12,1.5919,0.54829,0,0,0,0,0
256.62,1.5953,0.54871,0,0,0,0,0
257.12,1.5985,0.549,0,0,0,0,0
257.62,1.6017,0.549,0,0,0,0,0
258.12,1.6052,0.549,0,0,0,0,0
258.62,1.6083,0.549,0,0,0,0,0
259.12,1.6117,0.54929,0,0,0,0,0
259.62,1.6148,0.54971,0,0,0,0,0
260.12,1.6181,0.55,0,0,0,0,0
260.62,1.6213,0.55,0,0,0,0,0
261.12,1.6246,0.55,0,0,0,0,0
261.62,1.6278,0.55029,0,0,0,0,0
262.12,1.6308,0.55071,0,0,0,0,0
262.62,1.6342,0.551,0,0,0,0,0
263.12,1.6374,0.551,0,0,0,0,0
263.62,1.6407,0.551,0,0,0,0,0
264.12,1.644,0.55129,0,0,0,0,0
264.62,1.647,0.55171,0,0,0,0,0
265.12,1.6506,0.552,0,0,0,0,0
265.62,1.6537,0.552,0,0,0,0,0
266.12,1.657,0.552,0,0,0,0,0
266.62,1.6603,0.552,0,0,0,0,0
267.12,1.6635,0.552,0,0,0,0,0
267.62,1.6669,0.55229,0,0,0,0,0
268.12,1.6701,0.55271,0,0,0,0,0
268.62,1.6735,0.553,0,0,0,0,0
269.12,1.6766,0.553,0,0,0,0,0
269.62,1.6798,0.553,0,0,0,0,0
270.12,1.6832,0.553,0,0,0,0,0
270.62,1.6865,0.55329,0,0,0,0,0
271.12,1.6896,0.55371,0,0,0,0,0
271.62,1.6928,0.554,0,0,0,0,0
272.12,1.6963,0.554,0,0,0,0,0
272.62,1.6992,0.554,0,0,0,0,0
273.12,1.7024,0.55429,0,0,0,0,0
273.62,1.706,0.55471,0,0,0,0,0
274.12,1.709,0.555,0,0,0,0,0
274.62,1.7125,0.555,0,0,0,0,0
275.12,1.7158,0.555,0,0,0,0,0
275.62,1.7188,0.555,0,0,0,0,0
276.12,1.7221,0.555,0,0,0,0,0
276.62,1.7255,0.55529,0,0,0,0,0
277.12,1.7289,0.55543,0,0,0,0,0
277.62,1.7321,0.55557,0,0,0,0,0
278.12,1.7354,0.55571,0,0,0,0,0
278.62,1.7386,0.556,0,0,0,0,0
279.12,1.742,0.556,0,0,0,0,0
279.62,1.7452,0.556,0,0,0,0,0
280.12,1.7486,0.55629,0,0,0,0,0
280.62,1.7518,0.55671,0,0,0,0,0
281.12,1.7551,0.557,0,0,0,0,0
281.62,1.7585,0.557,0,0,0,0,0
282.12,1.7619,0.557,0,0,0,0,0
282.62,1.7652,0.557,0,0,0,0,0
283.12,1.7684,0.55729,0,0,0,0,0
283.62,1.7716,0.55771,0,0,0,0,0
284.12,1.775,0.558,0,0,0,0,0
284.62,1.7783,0.558,0,0,0,0,0
285.12,1.7817,0.558,0,0,0,0,0
285.62,1.7848,0.558,0,0,0,0,0
286.12,1.7883,0.558,0,0,0,0,0
286.62,1.7915,0.55829,0,0,0,0,0
287.12,1.7949,0.55871,0,0,0,0,0
287.62,1.798,0.559,0,0,0,0,0
288.12,1.8014,0.559,0,0,0,0,0
288.62,1.8048,0.559,0,0,0,0,0
289.12,1.808,0.559,0,0,0,0,0
289.62,1.8114,0.559,0,0,0,0,0
290.12,1.8146,0.55929,0,0,0,0,0
290.62,1.818,0.55971,0,0,0,0,0
291.12,1.8213,0.56,0,0,0,0,0
291.62,1.8246,0.56,0,0,0,0,0
292.12,1.8279,0.56,0,0,0,0,0
292.62,1.8312,0.56,0,0,0,0,0
293.12,1.8346,0.56,0,0,0,0,0
293.62,1.8379,0.56,0,0,0,0,0
294.12,1.8412,0.56029,0,0,0,0,0
294.62,1.8445,0.56071,0,0,0,0,0
295.12,1.8477,0.561,0,0,0,0,0
295.62,1.8511,0.561,0,0,0,0,0
296.12,1.8544,0.561,0,0,0,0,0
296.62,1.8578,0.561,0,0,0,0,0
297.12,1.861,0.56129,0,0,0,0,0
297.62,1.8643,0.56171,0,0,0,0,0
298.12,1.8675,0.562,0,0,0,0,0
298.62,1.8708,0.562,0,0,0,0,0
299.12,1.8741,0.562,0,0,0,0,0
299.62,1.8775,0.562,0,0,0,0,0
300.12,1.8807,0.562,0,0,0,0,0
300.62,1.884,0.56229,0,0,0,0,0
301.12,1.8875,0.56271,0,0,0,0,0
301.62,1.891,0.563,0,0,0,0,0
302.12,1.894,0.563,0,0,0,0,0
302.62,1.8974,0.563,0,0,0,0,0
303.12,1.9004,0.563,0,0,0,0,0
303.62,1.9038,0.563,0,0,0,0,0
304.12,1.9071,0.563,0,0,0,0,0
304.62,1.9105,0.56329,0,0,0,0,0
305.12,1.9137,0.56371,0,0,0,0,0
305.62,1.9169,0.564,0,0,0,0,0
306.12,1.9202,0.564,0,0,0,0,0
306.62,1.9235,0.564,0,0,0,0,0
307.12,1.9268,0.564,0,0,0,0,0
307.62,1.9299,0.564,0,0,0,0,0
308.12,1.9335,0.56429,0,0,0,0,0
308.62,1.9365,0.56443,0,0,0,0,0
309.12,1.9399,0.56457,0,0,0,0,0
309.62,1.9432,0.56471,0,0,0,0,0
310.12,1.9464,0.565,0,0,0,0,0
310.62,1.9498,0.565,0,0,0,0,0
311.12,1.953,0.565,0,0,0,0,0
311.62,1.9563,0.56529,0,0,0,0,0
312.12,1.9596,0.56571,0,0,0,0,0
312.62,1.963,0.566,0,0,0,0,0
313.12,1.9662,0.566,0,0,0,0,0
313.62,1.9694,0.566,0,0,0,0,0
314.12,1.9728,0.566,0,0,0,0,0
314.62,1.976,0.566,0,0,0,0,0
315.12,1.9793,0.566,0,0,0,0,0
315.62,1.9826,0.56629,0,0,0,0,0
316.12,1.9859,0.56671,0,0,0,0,0
316.62,1.9893,0.567,0,0,0,0,0
317.12,1.9924,0.567,0,0,0,0,0
317.62,1.9959,0.567,0,0,0,0,0
318.12,1.9992,0.567,0,0,0,0,0
318.62,2.0026,0.567,0,0,0,0,0
319.12,2.0059,0.567,0,0,0,0,0
319.62,2.0092,0.567,0,0,0,0,0
320.12,2.0126,0.56729,0,0,0,0,0
320.62,2.0158,0.56771,0,0,0,0,0
321.12,2.0191,0.568,0,0,0,0,0
321.62,2.0223,0.568,0,0,0,0,0
322.12,2.0257,0.568,0,0,0,0,0
322.62,2.029,0.568,0,0,0,0,0
323.12,2.0323,0.568,0,0,0,0,0
323.62,2.0356,0.568,0,0,0,0,0
324.12,2.0387,0.56829,0,0,0,0,0
324.62,2.0422,0.56871,0,0,0,0,0
325.12,2.0455,0.569,0,0,0,0,0
325.62,2.0489,0.569,0,0,0,0,0
326.12,2.0521,0.569,0,0,0,0,0
326.62,2.0554,0.569,0,0,0,0,0
327.12,2.0588,0.569,0,0,0,0,0
327.62,2.0621,0.569,0,0,0,0,0
328.12,2.0656,0.569,0,0,0,0,0
328.62,2.0687,0.569,0,0,0,0,0
329.12,2.0722,0.56929,0,0,0,0,0
329.62,2.0754,0.56971,0,0,0,0,0
330.12,2.0786,0.57,0,0,0,0,0
330.62,2.0821,0.57,0,0,0,0,0
331.12,2.0852,0.57,0,0,0,0,0
331.62,2.0886,0.57,0,0,0,0,0
332.12,2.0919,0.57,0,0,0,0,0
332.62,2.0951,0.57,0,0,0,0,0
333.12,2.0984,0.57,0,0,0,0,0
333.62,2.1016,0.57029,0,0,0,0,0
334.12,2.1051,0.57071,0,0,0,0,0
334.62,2.1083,0.571,0,0,0,0,0
335.12,2.1118,0.571,0,0,0,0,0
335.62,2.1149,0.571,0,0,0,0,0
336.12,2.1182,0.571,0,0,0,0,0
336.62,2.1215,0.571,0,0,0,0,0
337.12,2.1247,0.571,0,0,0,0,0
337.62,2.1281,0.571,0,0,0,0,0
338.12,2.1312,0.571,0,0,0,0,0
338.62,2.1347,0.57129,0,0,0,0,0
339.12,2.138,0.57171,0,0,0,0,0
339.62,2.1415,0.572,0,0,0,0,0
340.12,2.1447,0.572,0,0,0,0,0
340.62,2.148,0.572,0,0,0,0,0
341.12,2.1513,0.572,0,0,0,0,0
341.62,2.1546,0.572,0,0,0,0,0
342.12,2.1581,0.572,0,0,0,0,0
342.62,2.1612,0.57229,0,0,0,0,0
343.12,2.1647,0.57271,0,0,0,0,0
343.62,2.1678,0.573,0,0,0,0,0
344.12,2.1713,0.573,0,0,0,0,0
344.62,2.1746,0.573,0,0,0,0,0
345.12,2.1778,0.573,0,0,0,0,0
345.62,2.1812,0.573,0,0,0,0,0
346.12,2.1844,0.573,0,0,0,0,0
346.62,2.1876,0.573,0,0,0,0,0
347.12,2.1909,0.573,0,0,0,0,0
347.62,2.1942,0.573,0,0,0,0,0
348.12,2.1976,0.573,0,0,0,0,0
348.62,2.2007,0.573,0,0,0,0,0
349.12,2.2042,0.573,0,0,0,0,0
349.62,2.2075,0.573,0,0,0,0,0
350.12,2.2108,0.573,0,0,0,0,0
350.62,2.2142,0.57329,0,0,0,0,0
351.12,2.2176,0.57371,0,0,0,0,0
351.62,2.2208,0.574,0,0,0,0,0
352.12,2.2241,0.574,0,0,0,0,0
352.62,2.2276,0.574,0,0,0,0,0
353.12,2.2307,0.574,0,0,0,0,0
353.62,2.234,0.574,0,0,0,0,0
354.12,2.2374,0.574,0,0,0,0,0
354.62,2.2408,0.574,0,0,0,0,0
355.12,2.244,0.574,0,0,0,0,0
355.62,2.2473,0.574,0,0,0,0,0
356.12,2.2508,0.574,0,0,0,0,0
356.62,2.2539,0.574,0,0,0,0,0
357.12,2.2573,0.574,0,0,0,0,0
357.62,2.2606,0.574,0.7682,0,0,0,0
358.12,2.264,0.574,0.7721,0,0,0,0
358.62,2.2673,0.574,0.7761,0,0,0,0
359.12,2.2706,0.57371,0.7803,0,0,0,0
359.62,2.274,0.57329,0.7845,0,0,0,0
360.12,2.2773,0.573,0.7885,0,0,0,0
360.62,2.2807,0.573,0.7931,0,0,0,0
361.12,2.284,0.57271,0.7975,0,0,0,0
361.62,2.2876,0.57229,0.8019,0,0,0,0
362.12,2.2909,0.57171,0.8066,0,0,0,0
362.62,2.2943,0.57129,0.8119,0,0,0,0
363.12,2.2978,0.57071,0.8163,0,0,0,0
363.62,2.301,0.57,0.8211,0,0,0,0
