0,0,-0.0069,0,0,1.008,19.962,4.98,2
0.4761,-0.002631411,-0.0038,-1.67E-05,-8.52E-05,0,0,0,0
0.9761,-0.001991447,0.001,-1.85E-06,-8.15E-05,0,0,0,0
1.476,0.000261761,-0.0016,2.22E-05,-0.000112969,0,0,0,0
1.976,4.12E-04,0,-9.26E-06,4.07E-05,0,0,0,0
2.476,-2.30E-03,-0.0088,-0.00018335,-0.000107413,0,0,0,0
2.976,-0.000703058,-0.0057,-0.000162976,-5.74E-05,0,0,0,0
3.476,-0.000531433,-0.0079,-0.000294488,2.78E-05,0,0,0,0
3.976,-0.003269719,0.0035,-4.37E-04,-0.000368586,0,0,0,0
4.476,-0.002289815,0.0051,-2.30E-04,-0.000135194,0,0,0,0
4.9759,0.000883514,0.0022,-1.93E-04,0.000101847,0,0,0,0
5.4759,-1.48E-04,0.0108,-8.70E-05,4.63E-05,0,0,0,0
5.9759,0.003101036,-0.0003,-1.22E-04,-3.52E-05,0,0,0,0
6.4759,-2.00E-03,-0.0057,-3.41E-04,-0.000179646,0,0,0,0
6.9759,0.000728995,0.0041,4.63E-05,7.78E-05,0,0,0,0
7.4759,-0.00139416,-0.0076,-4.44E-05,-0.000101857,0,0,0,0
7.9759,-0.000895287,-0.0016,-0.000164828,-7.04E-05,0,0,0,0
8.4758,-0.000229202,0,-0.000174089,0.000179613,0,0,0,0
8.9758,-0.002724122,-0.0057,-8.70E-05,3.70E-06,0,0,0,0
9.4758,0.001020557,-0.0129,9.26E-06,-7.41E-06,0,0,0,0
9.9758,0.000509359,-0.0028,-6.30E-05,0.000122215,0,0,0,0
10.4758,-0.00067473,-0.0063,-3.59E-04,-0.000368586,0,0,0,0
10.9758,0.001512624,0.0013,-0.000205577,-0.000103709,0,0,0,0
11.4758,-0.005327204,-0.0038,-1.54E-04,-0.000170385,0,0,0,0
11.9758,-0.002425202,-0.0031,-2.46E-04,-0.00060018,0,0,0,0
12.4758,-0.00065468,0.0098,-1.22E-04,-1.85E-05,0,0,0,0
12.9757,0.001264475,0.0427,-9.26E-06,-9.44E-05,0,0,0,0
13.4757,0.002189194,0.1444,0.000353641,0.000146286,0,0,0,0
13.9757,0.003855233,0.1915,8.70E-05,6.67E-05,0,0,0,0
14.4757,0.003014395,0.2396,0.000194426,0.000216643,0,0,0,0
14.9757,0.005251049,0.3062,0.00016295,0.000316617,0,0,0,0
15.4756,0.003814948,0.3792,0.000320319,0.000198129,0,0,0,0
15.9756,0.00630766,0.445,0.00033698,0.000218495,0,0,0,0
16.4756,0.007575262,0.506,0.000403622,0.000412878,0,0,0,0
16.9756,0.015140407,0.5768,0.000849639,0.000808932,0,0,0,0
17.4756,0.012231047,0.6134,0.0006831,0.00049062,0,0,0,0
17.9756,0.018634361,0.688,0.00114379,0.000827435,0,0,0,0
18.4756,0.014272897,0.7351,0.000945849,0.001049449,0,0,0,0
18.9757,0.014783175,0.8207,0.000805231,0.00055355,0,0,0,0
19.4755,0.019063517,0.8722,0.001117893,0.001069798,0,0,0,0
19.9755,0.017285637,0.9427,0.001162287,0.000888494,0,0,0,0
20.4755,0.020271888,1.0005,0.001301005,0.001116044,0,0,0,0
20.9755,0.022575315,1.0476,0.001097546,0.001051299,0,0,0,0
21.4755,0.022342249,1.0938,0.001336144,0.001350939,0,0,0,0
21.9756,0.024474603,1.1848,0.001641245,0.001326897,0,0,0,0
22.4754,0.026468809,1.2316,0.001746622,0.001399021,0,0,0,0
22.9754,0.025372833,1.2967,0.001667128,0.001439704,0,0,0,0
23.4754,0.02993701,1.3659,0.001748471,0.001914832,0,0,0,0
23.9754,0.028813809,1.4262,0.001844594,0.001552498,0,0,0,0
24.4754,0.030123904,1.4683,0.002022028,0.001696708,0,0,0,0
24.9754,0.032943312,1.5201,0.001898197,0.001909287,0,0,0,0
25.4754,0.032736919,1.6038,0.001998003,0.001846442,0,0,0,0
25.9753,0.034770123,1.6614,0.002009092,0.001820564,0,0,0,0
26.4753,0.036528321,1.7065,0.002214213,0.002121821,0,0,0,0
26.9753,0.038781346,1.7862,0.002533824,0.002291816,0,0,0,0
27.4753,0.040660768,1.838,0.002640954,0.00253013,0,0,0,0
27.9753,0.04109581,1.9015,0.002694515,0.002794241,0,0,0,0
28.4753,0.042730026,1.9613,0.00270929,0.002738839,0,0,0,0
28.9753,0.042507078,2.0058,0.002899496,0.002583696,0,0,0,0
29.4752,0.045166449,2.0548,0.002877338,0.002857026,0,0,0,0
29.9752,0.044210643,2.1316,0.002971507,0.002694515,0,0,0,0
30.4752,0.047820118,2.197,0.003185661,0.0028441,0,0,0,0
30.9752,0.051799517,2.2567,0.003385005,0.003194891,0,0,0,0
31.4752,0.048057966,2.3146,0.003050897,0.003002894,0,0,0,0
31.9752,0.053628168,2.3718,0.003682102,0.003471744,0,0,0,0
32.4752,0.048859805,2.4277,0.003715312,0.003313024,0,0,0,0
32.9751,0.05399846,2.4934,0.00393853,0.003597226,0,0,0,0
33.4751,0.052519499,2.5421,0.00399571,0.003742986,0,0,0,0
33.9751,0.056849508,2.6047,0.004172763,0.004023377,0,0,0,0
34.4751,0.058105337,2.6673,0.004102684,0.004124815,0,0,0,0
34.9751,0.05894967,2.7213,0.004290781,0.004312908,0,0,0,0
35.4751,0.058858614,2.7757,0.004069486,0.00404551,0,0,0,0
35.975,0.06130074,2.8338,0.004500967,0.004322128,0,0,0,0
36.475,0.06388138,2.8686,0.004681617,0.004443815,0,0,0,0
36.975,0.065030334,2.9454,0.004701892,0.004528619,0,0,0,0
37.475,0.064284048,2.9811,0.005138626,0.004913833,0,0,0,0
37.975,0.067913573,3.0462,0.005284162,0.005098094,0,0,0,0
38.475,0.068441695,3.0961,0.005709595,0.005693023,0,0,0,0
38.975,0.071687868,3.1549,0.005974708,0.005963663,0,0,0,0
39.475,0.072624543,3.2197,0.006169816,0.00600232,0,0,0,0
39.9751,0.074286903,3.275,0.006405368,0.005902914,0,0,0,0
40.4749,0.075155701,3.3217,0.006418248,0.006252634,0,0,0,0
40.9749,0.074674487,3.366,0.006442168,0.006414568,0,0,0,0
41.4749,0.078239814,3.4146,0.006639024,0.006405368,0,0,0,0
41.9749,0.079942459,3.4848,0.006962741,0.006653741,0,0,0,0
42.4749,0.081029974,3.5373,0.007503261,0.007159495,0,0,0,0
42.9748,0.083526733,3.5872,0.007732986,0.007637427,0,0,0,0
43.4748,0.085105579,3.633,0.008370426,0.007944286,0,0,0,0
43.9748,0.086487966,3.6931,0.008550378,0.008487949,0,0,0,0
44.4748,0.087395578,3.7354,0.008609131,0.008594443,0,0,0,0
44.9748,0.091596269,3.7936,0.008915692,0.008697254,0,0,0,0
45.4748,0.088985645,3.835,0.008717448,0.008583427,0,0,0,0
45.9748,0.093146604,3.8833,0.009073526,0.009178122,0,0,0,0
46.4748,0.093696799,3.9348,0.009765129,0.00951019,0,0,0,0
46.9747,0.09536339,3.9788,0.009774298,0.009666095,0,0,0,0
47.4747,0.097844329,4.0211,0.010668811,0.010450756,0,0,0,0
47.9747,0.101630397,4.0587,0.010725608,0.010390278,0,0,0,0
48.4747,0.10015585,4.1061,0.010974742,0.01107914,0,0,0,0
48.9747,0.103545136,4.1399,0.011767527,0.011762037,0,0,0,0
49.4747,0.101102643,4.1801,0.012257897,0.011968828,0,0,0,0
49.9746,0.10692265,4.2161,0.012716944,0.012340212,0,0,0,0
50.4746,0.107902738,4.2471,0.01297655,0.012883319,0,0,0,0
50.9746,0.110007682,4.2802,0.013464501,0.013013109,0,0,0,0
51.4746,0.111762753,4.302,0.013661807,0.013303705,0,0,0,0
51.9746,0.114121733,4.3359,0.014529124,0.014065431,0,0,0,0
52.4746,0.118362526,4.3908,0.015249795,0.015220614,0,0,0,0
52.9746,0.121312171,4.3959,0.015691064,0.015461337,0,0,0,0
53.4745,0.120057261,4.4341,0.015784033,0.015727523,0,0,0,0
53.9748,0.124165242,4.4699,0.016687759,0.01626515,0,0,0,0
54.4745,0.127158115,4.4942,0.017121112,0.016868042,0,0,0,0
54.9745,0.127432753,4.5125,0.017676185,0.017632518,0,0,0,0
55.4745,0.129817119,4.5166,0.018310956,0.018127296,0,0,0,0
55.9745,0.133489873,4.5517,0.018952593,0.018796311,0,0,0,0
56.4744,0.135673732,4.5672,0.019557499,0.019319577,0,0,0,0
56.9744,0.139275849,4.6073,0.020065846,0.019936968,0,0,0,0
57.4744,0.138381298,4.6288,0.020682777,0.02066101,0,0,0,0
57.9744,0.142330346,4.6323,0.021215935,0.021328333,0,0,0,0
58.4744,0.143961066,4.649,0.021803167,0.021872017,0,0,0,0
58.9744,0.149261781,4.6642,0.022460675,0.0226888,0,0,0,0
59.4744,0.150074658,4.6945,0.02307975,0.023286023,0,0,0,0
59.9744,0.153874522,4.7189,0.023515769,0.023884698,0,0,0,0
60.4743,0.155993998,4.7252,0.024210111,0.024721519,0,0,0,0
60.9743,0.158656865,4.7429,0.024907585,0.025077362,0,0,0,0
61.4743,0.162030883,4.7735,0.025465575,0.025871682,0,0,0,0
61.9743,0.162527549,4.7786,0.026109855,0.026485043,0,0,0,0
62.4743,0.167638428,4.7979,0.027213371,0.02722058,0,0,0,0
62.9743,0.16840826,4.8172,0.027487259,0.028123036,0,0,0,0
63.4743,0.170669562,4.8295,0.027926763,0.028463272,0,0,0,0
63.9742,0.173807021,4.8529,0.028285068,0.029168579,0,0,0,0
64.4742,0.175772531,4.8696,0.029089436,0.02987878,0,0,0,0
64.9742,0.179740341,4.8627,0.029742173,0.030403465,0,0,0,0
65.4742,0.18295046,4.8807,0.030592069,0.03133895,0,0,0,0
65.9742,0.185243034,4.912,0.031238441,0.031995601,0,0,0,0
66.4742,0.188093714,4.9287,0.031902332,0.032438507,0,0,0,0
66.9741,0.190060144,4.9445,0.032519177,0.033166096,0,0,0,0
67.4741,0.193875091,4.9451,0.033192967,0.033730241,0,0,0,0
67.9741,0.195736485,4.953,0.033907478,0.034635788,0,0,0,0
68.4741,0.19667776,4.9594,0.034242173,0.035168711,0,0,0,0
68.9741,0.19977015,4.9998,0.035170499,0.035656677,0,0,0,0
69.4741,0.20442851,4.997,0.035826426,0.036751499,0,0,0,0
69.9741,0.207205242,5.0011,0.036412286,0.037258319,0,0,0,0
70.474,0.208024925,5.0336,0.036999587,0.037768448,0,0,0,0
70.974,0.213896622,5.034,0.037629348,0.038631152,0,0,0,0
71.474,0.216252107,5.0542,0.038631152,0.039665771,0,0,0,0
71.9742,0.217355994,5.0684,0.03934891,0.040203136,0,0,0,0
72.474,0.22366163,5.07,0.039945166,0.040990869,0,0,0,0
72.974,0.22343813,5.0934,0.040359665,0.041378284,0,0,0,0
73.474,0.228270876,5.0855,0.041019308,0.042142012,0,0,0,0
73.974,0.228888581,5.1164,0.041598582,0.042582222,0,0,0,0
74.4739,0.23262443,5.1209,0.042513008,0.043352124,0,0,0,0
74.9741,0.238048944,5.1284,0.043079001,0.044307469,0,0,0,0
75.4739,0.23720406,5.1458,0.043272323,0.044966284,0,0,0,0
75.9739,0.24016235,5.1585,0.044263178,0.045536199,0,0,0,0
76.4739,0.242333701,5.1743,0.044755581,0.046118167,0,0,0,0
76.9739,0.246076356,5.1686,0.045345083,0.046740446,0,0,0,0
77.4738,0.249155134,5.1898,0.046121704,0.047339377,0,0,0,0
77.9738,0.254068266,5.2018,0.046894188,0.047953836,0,0,0,0
78.4738,0.255115679,5.2059,0.047296986,0.048476182,0,0,0,0
78.9738,0.256887858,5.2071,0.047553068,0.048924194,0,0,0,0
79.4738,0.260650195,5.2232,0.048604962,0.050032778,0,0,0,0
79.9738,0.262362038,5.2353,0.049313837,0.050761764,0,0,0,0
80.4738,0.265924238,5.2416,0.049810807,0.0514568,0,0,0,0
80.9739,0.269658063,5.253,0.050344511,0.052035334,0,0,0,0
81.4737,0.272078299,5.259,0.050944808,0.052546768,0,0,0,0
81.9737,0.275097477,5.2703,0.051681923,0.053500394,0,0,0,0
82.4737,0.278087775,5.2874,0.052427281,0.053983007,0,0,0,0
82.9737,0.278867357,5.2893,0.052780429,0.054745938,0,0,0,0
83.4737,0.28490185,5.2978,0.053698732,0.055408427,0,0,0,0
83.9737,0.286426615,5.3215,0.054258431,0.055888369,0,0,0,0
84.4736,0.287331651,5.3143,0.055133319,0.056700593,0,0,0,0
84.9736,0.291607027,5.3389,0.055679955,0.057461454,0,0,0,0
85.4736,0.296237611,5.3313,0.0562508,0.058076716,0,0,0,0
85.9736,0.296821285,5.3506,0.056894799,0.058637464,0,0,0,0
86.4736,0.300965504,5.3525,0.057454461,0.059330539,0,0,0,0
86.9736,0.305973922,5.3544,0.05845757,0.060183566,0,0,0,0
87.4735,0.307343801,5.3664,0.05880161,0.060845948,0,0,0,0
87.9735,0.312789837,5.3822,0.059375912,0.061701166,0,0,0,0
88.4735,0.316425065,5.4005,0.060190541,0.061977954,0,0,0,0
88.9735,0.316657394,5.3942,0.060403247,0.062585226,0,0,0,0
89.4735,0.318797657,5.3964,0.061276261,0.063346839,0,0,0,0
89.9735,0.322712306,5.4182,0.062160696,0.064373577,0,0,0,0
90.4735,0.324199913,5.4344,0.062658282,0.064769397,0,0,0,0
90.9734,0.326005938,5.4432,0.063006098,0.065409669,0,0,0,0
91.4734,0.329303249,5.4337,0.063584942,0.065765199,0,0,0,0
91.9736,0.333212012,5.4407,0.064253758,0.066446422,0,0,0,0
92.4734,0.33825722,5.452,0.064845766,0.067360923,0,0,0,0
92.9734,0.337347217,5.4745,0.065844959,0.06791995,0,0,0,0
93.4735,0.342025444,5.4751,0.066200334,0.068572042,0,0,0,0
93.9734,0.343875065,5.4726,0.066979983,0.069109655,0,0,0,0
94.4733,0.347646417,5.4947,0.067724413,0.07016675,0,0,0,0
94.9733,0.350764008,5.5061,0.068220969,0.07073974,0,0,0,0
95.4733,0.351996292,5.5042,0.068838292,0.071322748,0,0,0,0
95.9733,0.357491995,5.5184,0.069329111,0.071915756,0,0,0,0
96.4733,0.359614415,5.5263,0.070042444,0.072751232,0,0,0,0
96.9733,0.362481282,5.533,0.070877761,0.073336511,0,0,0,0
97.4733,0.365763877,5.5396,0.071383099,0.074067627,0,0,0,0
97.9733,0.368744058,5.5535,0.071872671,0.074430407,0,0,0,0
98.4732,0.37309798,5.5532,0.072792557,0.075322182,0,0,0,0
98.9732,0.371760293,5.5623,0.07321604,0.075766913,0,0,0,0
99.4732,0.37788437,5.5617,0.074182837,0.076683225,0,0,0,0
99.9732,0.37915234,5.5623,0.074480257,0.07745646,0,0,0,0
100.4732,0.37978329,5.5911,0.075074833,0.077862555,0,0,0,0
100.9732,0.386672601,5.5766,0.075921406,0.078732448,0,0,0,0
101.4731,0.389589135,5.6022,0.076379596,0.079510942,0,0,0,0
101.9731,0.39460675,5.5977,0.077314202,0.080345226,0,0,0,0
102.4731,0.393851082,5.6116,0.077720355,0.080476801,0,0,0,0
102.9731,0.395525215,5.6135,0.078292459,0.08137686,0,0,0,0
103.4731,0.400849475,5.6284,0.078951514,0.081948583,0,0,0,0
103.9731,0.402289071,5.6338,0.07949897,0.082448359,0,0,0,0
104.4731,0.405578657,5.6404,0.08013672,0.083031399,0,0,0,0
104.973,0.408433383,5.6451,0.080801394,0.083838912,0,0,0,0
105.473,0.408846168,5.6363,0.081395638,0.084672997,0,0,0,0
105.973,0.415097171,5.6543,0.082260759,0.085273448,0,0,0,0
106.473,0.417248839,5.6578,0.082518273,0.085331263,0,0,0,0
106.973,0.419712487,5.6575,0.083218855,0.086318699,0,0,0,0
107.4731,0.425794255,5.6622,0.084065375,0.086987766,0,0,0,0
107.9729,0.426989565,5.6856,0.084674698,0.087909122,0,0,0,0
108.4729,0.428336818,5.6891,0.085416278,0.088126187,0,0,0,0
108.9729,0.431354525,5.6976,0.085839549,0.088997367,0,0,0,0
109.4729,0.438925188,5.7121,0.086801015,0.089989654,0,0,0,0
109.9729,0.438354758,5.703,0.08707943,0.090251954,0,0,0,0
110.4729,0.441770901,5.7276,0.087883682,0.091006319,0,0,0,0
110.9729,0.444323581,5.7279,0.088387282,0.091795593,0,0,0,0
111.4729,0.446240528,5.7235,0.089305657,0.092393472,0,0,0,0
111.9728,0.449789667,5.7346,0.089899948,0.093205272,0,0,0,0
112.4728,0.452314203,5.7302,0.090517569,0.093579727,0,0,0,0
112.9728,0.456927679,5.7362,0.090940377,0.094314735,0,0,0,0
113.4728,0.457143269,5.7393,0.0915996,0.094946477,0,0,0,0
113.9728,0.460490983,5.7655,0.092118222,0.095527328,0,0,0,0
114.4728,0.465253091,5.7636,0.093078736,0.096134756,0,0,0,0
114.9727,0.468523913,5.7621,0.093712945,0.096972098,0,0,0,0
115.4727,0.469405955,5.7899,0.094227102,0.097417386,0,0,0,0
115.9727,0.473199933,5.764,0.09507783,0.098085786,0,0,0,0
116.4727,0.476490806,5.8035,0.095419601,0.098726895,0,0,0,0
116.9727,0.479408995,5.8063,0.096207084,0.099438012,0,0,0,0
117.4727,0.482479127,5.7965,0.096869569,0.100326198,0,0,0,0
117.9727,0.486066896,5.8047,0.097598805,0.100768321,0,0,0,0
118.4726,0.487766966,5.8215,0.097749962,0.101417753,0,0,0,0
118.9726,0.490553999,5.8205,0.098695017,0.102083485,0,0,0,0
119.4726,0.494054943,5.8269,0.099305555,0.10263681,0,0,0,0
119.9726,0.497240045,5.8408,0.100183806,0.103239935,0,0,0,0
120.4726,0.49985306,5.842,0.100615945,0.103934499,0,0,0,0
120.9726,0.503672423,5.8464,0.101484681,0.104536843,0,0,0,0
121.4726,0.503999854,5.8572,0.101989841,0.105157162,0,0,0,0
121.9725,0.510481163,5.8629,0.102651851,0.105907033,0,0,0,0
122.4725,0.511210895,5.8449,0.103326782,0.106421619,0,0,0,0
122.9725,0.515061161,5.8654,0.103642374,0.107108986,0,0,0,0
123.4725,0.517985053,5.8654,0.104284937,0.107854071,0,0,0,0
123.9725,0.521638492,5.8825,0.105177166,0.108538793,0,0,0,0
124.4725,0.523119844,5.8888,0.105588823,0.108857727,0,0,0,0
124.9726,0.528161925,5.8752,0.106363346,0.109747545,0,0,0,0
125.4724,0.529256798,5.9008,0.107197161,0.110465795,0,0,0,0
125.9724,0.533966113,5.8999,0.107689468,0.111137132,0,0,0,0
126.4724,0.532833714,5.9049,0.108154941,0.111496651,0,0,0,0
126.9724,0.539863931,5.8999,0.109088558,0.11241226,0,0,0,0
127.4724,0.541801848,5.9147,0.109608148,0.113060792,0,0,0,0
127.9725,0.544949792,5.9172,0.109986466,0.113839468,0,0,0,0
128.4724,0.546574626,5.9251,0.110699571,0.113961752,0,0,0,0
128.9723,0.549947541,5.9302,0.111415481,0.11480907,0,0,0,0
129.4723,0.552507763,5.9311,0.112230199,0.115536894,0,0,0,0
129.9723,0.555788518,5.9441,0.112888774,0.116071283,0,0,0,0
130.4723,0.559052534,5.9476,0.113474177,0.116725687,0,0,0,0
130.9723,0.561699213,5.9526,0.114252531,0.117277558,0,0,0,0
131.4723,0.564070518,5.9571,0.114772748,0.118156628,0,0,0,0
131.9723,0.568301561,5.9542,0.115254739,0.118814602,0,0,0,0
132.4722,0.569253873,5.9501,0.115944309,0.119281501,0,0,0,0
132.9722,0.572947045,5.9593,0.11665318,0.119894385,0,0,0,0
133.4722,0.575657922,5.9804,0.117127677,0.120677608,0,0,0,0
133.9722,0.579557119,5.989,0.117883442,0.121199415,0,0,0,0
134.4722,0.58206142,5.9801,0.118363937,0.121898014,0,0,0,0
134.9722,0.584699453,5.9899,0.119192741,0.122692774,0,0,0,0
135.4722,0.589580025,5.9934,0.119712038,0.123082549,0,0,0,0
135.9721,0.587671172,5.9997,0.120240918,0.123799468,0,0,0,0
136.4721,0.596204632,5.9997,0.121286357,0.12451097,0,0,0,0
136.9721,0.598960209,5.9978,0.121622569,0.125141901,0,0,0,0
137.4721,0.59935791,6.0171,0.122284822,0.125498054,0,0,0,0
137.9721,0.602699921,6.0266,0.12261906,0.126528224,0,0,0,0
138.4721,0.605871594,6.0209,0.123557279,0.12701437,0,0,0,0
138.972,0.60946856,6.0269,0.12425914,0.127889814,0,0,0,0
139.472,0.610957271,6.0367,0.124744755,0.12833295,0,0,0,0
139.972,0.613711377,6.0285,0.125310191,0.128875199,0,0,0,0
140.472,0.617619587,6.0282,0.126276902,0.129535921,0,0,0,0
140.972,0.620935477,6.0481,0.126727279,0.130285622,0,0,0,0
141.472,0.623727661,6.0528,0.127241048,0.130717948,0,0,0,0
141.972,0.625491561,6.055,0.127594825,0.131357968,0,0,0,0
142.4719,0.631850359,6.0534,0.128769378,0.132193925,0,0,0,0
142.9721,0.632744358,6.0677,0.129272336,0.133149144,0,0,0,0
143.4719,0.636345187,6.0734,0.129762029,0.133658005,0,0,0,0
143.9719,0.637904903,6.0651,0.130669199,0.134234618,0,0,0,0
144.4719,0.640590579,6.0778,0.131283266,0.134852973,0,0,0,0
144.9719,0.642952318,6.0873,0.13158204,0.135344794,0,0,0,0
145.472,0.645131947,6.0819,0.132276671,0.136128942,0,0,0,0
145.9719,0.652277501,6.0993,0.133012971,0.136755818,0,0,0,0
146.4718,0.652840389,6.1056,0.133525143,0.137277377,0,0,0,0
146.9718,0.655386447,6.0892,0.134417574,0.137855134,0,0,0,0
147.4718,0.657359315,6.1084,0.134768821,0.138543809,0,0,0,0
147.9718,0.661176838,6.1106,0.135590614,0.139515535,0,0,0,0
148.4718,0.66444766,6.117,0.136169345,0.140228822,0,0,0,0
148.9718,0.66727369,6.1021,0.136891482,0.140592515,0,0,0,0
149.4718,0.668864494,6.1106,0.137112704,0.14115228,0,0,0,0
149.9717,0.669616115,6.1277,0.137630849,0.141583149,0,0,0,0
150.4717,0.675825177,6.1331,0.13879368,0.142479663,0,0,0,0
150.9717,0.678440768,6.141,0.139283567,0.143420299,0,0,0,0
151.4717,0.682353945,6.1334,0.140038877,0.144087517,0,0,0,0
151.9717,0.684478941,6.1464,0.140804877,0.144595652,0,0,0,0
152.4717,0.686295451,6.1514,0.141250367,0.145047466,0,0,0,0
152.9716,0.689337623,6.1385,0.141991339,0.145992092,0,0,0,0
153.4716,0.692816309,6.1574,0.142633821,0.14660642,0,0,0,0
153.9718,0.696060275,6.147,0.143349702,0.146937425,0,0,0,0
154.4716,0.697948158,6.1688,0.143526185,0.147824362,0,0,0,0
154.9716,0.704124293,6.1742,0.144842413,0.148637095,0,0,0,0
155.4716,0.704736848,6.1745,0.145140367,0.149310413,0,0,0,0
155.9716,0.708964396,6.1814,0.146004894,0.150005593,0,0,0,0
156.4715,0.711084425,6.1849,0.146609619,0.15073533,0,0,0,0
156.9715,0.714025608,6.1903,0.147452104,0.15143907,0,0,0,0
157.4715,0.716258766,6.1754,0.148170932,0.152174125,0,0,0,0
157.9715,0.719643822,6.1925,0.148611558,0.152754467,0,0,0,0
158.4715,0.720665114,6.1843,0.149216304,0.153186723,0,0,0,0
158.9715,0.725410667,6.1922,0.150120347,0.153977649,0,0,0,0
159.4714,0.728896527,6.1998,0.150654098,0.154663247,0,0,0,0
159.9714,0.731158014,6.2013,0.15143907,0.155492636,0,0,0,0
160.4714,0.730705496,6.2194,0.152213885,0.156045709,0,0,0,0
160.9714,0.736143806,6.2171,0.15280851,0.156918275,0,0,0,0
161.4714,0.739663513,6.2225,0.153677552,0.157603442,0,0,0,0
161.9714,0.741330472,6.2285,0.153974474,0.158250202,0,0,0,0
162.4714,0.745290372,6.2279,0.154924983,0.158906022,0,0,0,0
162.9713,0.747936499,6.2352,0.155627367,0.15958825,0,0,0,0
163.4713,0.751377843,6.2393,0.156465459,0.160306298,0,0,0,0
163.9715,0.754087249,6.2238,0.156766304,0.161172004,0,0,0,0
164.4713,0.75626651,6.2408,0.15751011,0.161784957,0,0,0,0
164.9713,0.761130343,6.2513,0.1584383,0.162605315,0,0,0,0
165.4713,0.761862649,6.2412,0.159251932,0.163148176,0,0,0,0
165.9713,0.76691264,6.2465,0.159828183,0.163832233,0,0,0,0
166.4712,0.769543683,6.2611,0.16049401,0.164518965,0,0,0,0
166.9712,0.771881324,6.2532,0.161220865,0.165178538,0,0,0,0
167.4712,0.773709976,6.2652,0.161888916,0.166044744,0,0,0,0
167.9712,0.776882384,6.2712,0.162525041,0.16659358,0,0,0,0
168.4712,0.779408392,6.275,0.163236265,0.167135848,0,0,0,0
168.9712,0.782794551,6.2832,0.16409001,0.167950264,0,0,0,0
169.4712,0.787145162,6.2822,0.164889636,0.168817202,0,0,0,0
169.9711,0.788767605,6.2759,0.165495606,0.169555228,0,0,0,0
170.4711,0.792720331,6.2769,0.166253337,0.170281776,0,0,0,0
170.9711,0.792345992,6.3022,0.166936841,0.170770532,0,0,0,0
171.4711,0.79774788,6.2914,0.167435066,0.171410394,0,0,0,0
171.9711,0.799785315,6.2977,0.16826489,0.172300838,0,0,0,0
172.4711,0.803503504,6.3037,0.168997068,0.172916355,0,0,0,0
172.9711,0.805954276,6.3006,0.169414544,0.173466105,0,0,0,0
173.471,0.808406151,6.2984,0.170505103,0.174306497,0,0,0,0
173.971,0.812109073,6.3059,0.171298058,0.175065356,0,0,0,0
174.4711,0.814282447,6.3211,0.172032696,0.175565763,0,0,0,0
174.971,0.818309857,6.3192,0.172625005,0.176391974,0,0,0,0
175.471,0.821684244,6.3116,0.173483231,0.177271791,0,0,0,0
175.971,0.823672196,6.3246,0.174309608,0.177707533,0,0,0,0
176.471,0.825877761,6.3334,0.175181933,0.178508742,0,0,0,0
176.9709,0.827996502,6.335,0.175604604,0.179123547,0,0,0,0
177.4709,0.832546516,6.3473,0.176452516,0.17972405,0,0,0,0
177.9709,0.833973051,6.3451,0.177023597,0.180387589,0,0,0,0
178.4709,0.83757664,6.3322,0.177909058,0.181290161,0,0,0,0
178.9709,0.841253441,6.3492,0.178751922,0.182014411,0,0,0,0
179.4709,0.842566111,6.3616,0.179131288,0.182593125,0,0,0,0
179.9708,0.845825896,6.36,0.180052008,0.183284056,0,0,0,0
180.4708,0.849753789,6.3568,0.180699872,0.184191721,0,0,0,0
180.9708,0.853095065,6.371,0.181671654,0.184993909,0,0,0,0
181.4708,0.856816933,6.359,0.182303038,0.185786227,0,0,0,0
181.9708,0.858496769,6.3568,0.182958699,0.186238259,0,0,0,0
182.4708,0.861260624,6.372,0.183883608,0.187081814,0,0,0,0
182.9708,0.863429215,6.3818,0.184396563,0.187723606,0,0,0,0
183.4708,0.866830826,6.3682,0.185217052,0.188664055,0,0,0,0
183.9707,0.867469502,6.3837,0.186023031,0.189081067,0,0,0,0
184.4707,0.867809074,6.3824,0.186677795,0.189799699,0,0,0,0
184.9707,0.875375691,6.3938,0.18718932,0.190504038,0,0,0,0
185.4707,0.877942351,6.3922,0.188067364,0.190976892,0,0,0,0
185.9707,0.882078476,6.3846,0.189284911,0.191814932,0,0,0,0
186.4706,0.883448723,6.4096,0.190193271,0.192733216,0,0,0,0
186.9707,0.886226742,6.3916,0.190894274,0.193606408,0,0,0,0
187.4706,0.889104094,6.4087,0.191697221,0.194312647,0,0,0,0
187.9706,0.891080641,6.4159,0.192743907,0.195050386,0,0,0,0
188.4706,0.898520148,6.4143,0.193328657,0.195991584,0,0,0,0
188.9706,0.898818883,6.4055,0.19438736,0.196655068,0,0,0,0
189.4706,0.901402835,6.4112,0.194678536,0.197287707,0,0,0,0
189.9706,0.90401861,6.4298,0.195705358,0.197825743,0,0,0,0
190.4705,0.907342778,6.4166,0.196632249,0.198841751,0,0,0,0
190.9705,0.909268738,6.4229,0.197480765,0.19961256,0,0,0,0
191.4705,0.911666348,6.4358,0.198597335,0.200305477,0,0,0,0
191.9705,0.915269569,6.4384,0.199356196,0.201228116,0,0,0,0
192.4705,0.919642806,6.4361,0.2002691,0.202068203,0,0,0,0
192.9705,0.92296072,6.4387,0.200834318,0.202503863,0,0,0,0
193.4705,0.924454029,6.4504,0.201777658,0.203305101,0,0,0,0
193.9704,0.925460974,6.4469,0.202357151,0.203820276,0,0,0,0
194.4704,0.930429474,6.4403,0.203625417,0.204797019,0,0,0,0
194.9704,0.931443041,6.4621,0.204928286,0.205747182,0,0,0,0
195.4704,0.937577788,6.4567,0.205626577,0.206539802,0,0,0,0
195.9704,0.938453024,6.4507,0.206676865,0.207184284,0,0,0,0
196.4704,0.941614947,6.47,0.207191811,0.208037434,0,0,0,0
196.9704,0.948536633,6.4706,0.208575732,0.209164821,0,0,0,0
197.4703,0.946495336,6.4614,0.208826738,0.20938564,0,0,0,0
197.9703,0.948826723,6.4785,0.209426193,0.210404981,0,0,0,0
198.4705,0.953672713,6.4804,0.210916512,0.211396303,0,0,0,0
198.9704,0.955109918,6.4684,0.211529704,0.211886352,0,0,0,0
199.4703,0.957976785,6.464,0.212729513,0.212949546,0,0,0,0
199.9703,0.961743537,6.493,0.213543544,0.213510637,0,0,0,0
200.4702,0.964750207,6.493,0.214301613,0.214237342,0,0,0,0
200.9702,0.966161291,6.4861,0.215050147,0.214908253,0,0,0,0
201.4702,0.970074836,6.4962,0.215889154,0.215777227,0,0,0,0
201.9702,0.973591048,6.4896,0.216478426,0.216470969,0,0,0,0
202.4702,0.976673505,6.4826,0.217627626,0.217115046,0,0,0,0
202.9702,0.980004111,6.5019,0.218263515,0.217976149,0,0,0,0
203.4702,0.981710619,6.5006,0.219522187,0.218784435,0,0,0,0
203.9702,0.98450409,6.512,0.220406476,0.219853701,0,0,0,0
204.4701,0.986028671,6.5107,0.221089592,0.22036488,0,0,0,0
204.9701,0.990374868,6.5047,0.222022924,0.22140723,0,0,0,0
205.4701,0.992855623,6.5259,0.222559677,0.222178641,0,0,0,0
205.9701,0.996457924,6.5205,0.223459057,0.22283832,0,0,0,0
206.4701,0.999241645,6.5129,0.224233328,0.224043887,0,0,0,0
206.9701,1.003074068,6.53,0.224720086,0.224609143,0,0,0,0
207.4701,1.005523736,6.5303,0.225725401,0.225243567,0,0,0,0
207.97,1.00645011,6.5354,0.226630797,0.226130198,0,0,0,0
208.47,1.010254573,6.5303,0.22766959,0.226880265,0,0,0,0
208.97,1.013613691,6.5287,0.228380187,0.227634194,0,0,0,0
209.47,1.016737353,6.543,0.229121205,0.228545232,0,0,0,0
209.97,1.019569086,6.5354,0.230101511,0.229402442,0,0,0,0
210.47,1.023136988,6.5518,0.230688351,0.230110338,0,0,0,0
210.9699,1.026274079,6.5496,0.231310114,0.231462923,0,0,0,0
211.4699,1.027827172,6.5471,0.231974077,0.232043092,0,0,0,0
211.97,1.031511515,6.5588,0.233252285,0.232892909,0,0,0,0
212.4699,1.033555204,6.5648,0.23387832,0.233815294,0,0,0,0
212.97,1.036424095,6.5594,0.234593308,0.234588914,0,0,0,0
213.4699,1.040212002,6.5594,0.235397058,0.235394132,0,0,0,0
213.9699,1.043840791,6.5705,0.236284972,0.236374158,0,0,0,0
214.4699,1.044770661,6.5676,0.237156028,0.236958791,0,0,0,0
214.9698,1.049843645,6.5739,0.238036543,0.238115357,0,0,0,0
215.4698,1.051736311,6.5607,0.238856491,0.238843365,0,0,0,0
215.9698,1.053326746,6.5806,0.239492145,0.239675768,0,0,0,0
216.4698,1.057367217,6.5654,0.240236629,0.240420115,0,0,0,0
216.9698,1.0610087,6.5812,0.241156634,0.241690489,0,0,0,0
217.4697,1.063352412,6.5768,0.241755928,0.242177546,0,0,0,0
217.9698,1.065094606,6.5869,0.242418806,0.243149499,0,0,0,0
218.4697,1.06784117,6.5863,0.243349873,0.244065378,0,0,0,0
218.9697,1.071090838,6.5739,0.24395511,0.245051441,0,0,0,0
219.4697,1.076013351,6.5878,0.245080428,0.245890279,0,0,0,0
219.9697,1.076236115,6.5799,0.245564389,0.246650276,0,0,0,0
220.4697,1.08098645,6.5863,0.246943986,0.247747994,0,0,0,0
220.9696,1.084442695,6.6043,0.247538378,0.248931138,0,0,0,0
221.4696,1.086701606,6.597,0.248422803,0.249677286,0,0,0,0
221.9698,1.090257367,6.5872,0.249105818,0.250395488,0,0,0,0
222.4696,1.092397263,6.6169,0.250332053,0.251493425,0,0,0,0
222.9696,1.096172477,6.6052,0.251186642,0.252654887,0,0,0,0
223.4696,1.099040632,6.616,0.252244859,0.253412637,0,0,0,0
223.9696,1.102921802,6.6175,0.253094941,0.254319169,0,0,0,0
224.4696,1.103141254,6.6239,0.254204282,0.25512301,0,0,0,0
224.9695,1.107740935,6.6235,0.255273658,0.256161305,0,0,0,0
225.4695,1.109535187,6.6239,0.255923338,0.257175613,0,0,0,0
225.9695,1.111062711,6.6286,0.257068214,0.258266135,0,0,0,0
226.4695,1.116743652,6.6273,0.257977162,0.259511195,0,0,0,0
226.9695,1.116418795,6.6273,0.25873804,0.260016782,0,0,0,0
227.4695,1.119659266,6.6179,0.259499767,0.261212604,0,0,0,0
227.9695,1.123912015,6.6277,0.260847445,0.262378509,0,0,0,0
228.4694,1.129257798,6.6175,0.261892643,0.263369457,0,0,0,0
228.9694,1.130703281,6.6419,0.263003661,0.264201607,0,0,0,0
229.4694,1.133510916,6.6359,0.264475993,0.26504301,0,0,0,0
229.9694,1.135213929,6.6393,0.265034485,0.26599442,0,0,0,0
230.4695,1.141780407,6.6416,0.266126409,0.26730503,0,0,0,0
230.9694,1.139776819,6.6485,0.267098057,0.26810417,0,0,0,0
231.4693,1.144248286,6.6482,0.268081508,0.269123421,0,0,0,0
231.9693,1.146886319,6.6438,0.269552046,0.269936661,0,0,0,0
232.4693,1.150599726,6.6558,0.270718162,0.271140456,0,0,0,0
232.9694,1.152936632,6.6649,0.272035298,0.27220881,0,0,0,0
233.4693,1.153662132,6.6596,0.273325339,0.27313511,0,0,0,0
233.9693,1.159831461,6.6596,0.274699552,0.274230899,0,0,0,0
234.4693,1.161280622,6.6675,0.276014268,0.275332519,0,0,0,0
234.9692,1.1644041,6.6454,0.276764357,0.276404834,0,0,0,0
235.4692,1.167949193,6.6608,0.277996429,0.277828126,0,0,0,0
235.9692,1.176193666,6.6498,0.279780101,0.278973429,0,0,0,0
236.4692,1.173450598,6.6561,0.280932959,0.279886488,0,0,0,0
236.9692,1.176405577,6.6678,0.282201805,0.280935756,0,0,0,0
237.4692,1.178679388,6.6703,0.283329558,0.28197694,0,0,0,0
237.9692,1.183331127,6.6789,0.284522921,0.28357225,0,0,0,0
238.4691,1.185333059,6.6763,0.28603071,0.284559146,0,0,0,0
238.9691,1.186403834,6.6678,0.287526505,0.285728777,0,0,0,0
239.4691,1.18873467,6.6751,0.288828637,0.286830321,0,0,0,0
239.9691,1.196094342,6.677,0.290813276,0.288193053,0,0,0,0
240.4691,1.197991423,6.6728,0.292766348,0.289462431,0,0,0,0
