0,0,-0.0022,0,0,1.021,20,10,1
0.4761,0.000887903,0,0.0002259,0,0,0,0,0
0.9761,-0.000774055,0,0.000240712,0,0,0,0,0
1.4761,0.00022622,0.0013,0.000355492,0,0,0,0,0
1.9761,0.001566746,0,0.000427686,0,0,0,0,0
2.4761,-0.00047698,0.001,0.000114808,0,0,0,0,0
2.9761,-0.003597556,0.0007,-1.30E-05,0,0,0,0,0
3.476,-0.001044743,0.0013,0.000324022,0,0,0,0,0
3.9761,-0.000809482,0.001,0.000214792,0,0,0,0,0
4.4762,0.002775711,0.0016,0.000357344,0,0,0,0,0
4.976,0.000622565,0.0025,0.000398069,0,0,0,0,0
5.476,-0.000199649,0.0003,0.000333278,0,0,0,0,0
5.976,0.000215333,0.0007,0.000311063,0,0,0,0,0
6.4759,0.000219392,0.001,0.000327724,0,0,0,0,0
6.976,0.002591377,0.0073,0.000342534,0,0,0,0,0
7.4759,0.003525225,0.0528,0.000375855,0,0,0,0,0
7.9759,-4.32E-05,0.1053,0.00026478,0,0,0,0,0
8.4759,0.00614631,0.1726,0.000481366,0,0,0,0,0
8.9759,0.007167435,0.202,0.000668295,0,0,0,0,0
9.4759,0.006361827,0.2655,0.000423984,0,0,0,0,0
9.9759,0.008315878,0.2983,0.00033698,0,0,0,0,0
10.4758,0.008377507,0.366,0.000783027,0,0,0,0,0
10.9758,0.011501589,0.4017,0.000671996,0,0,0,0,0
11.4758,0.011676143,0.4507,0.000847789,0,0,0,0,0
11.9758,0.014427313,0.4911,0.001060549,0,0,0,0,0
12.4758,0.016263272,0.5591,0.000943999,0,0,0,0,0
12.9758,0.017043231,0.5989,0.001058699,0,0,0,0,0
13.4758,0.018841917,0.6397,0.001062398,0,0,0,0,0
13.9757,0.02050775,0.7016,0.001086447,0,0,0,0,0
14.4757,0.01964162,0.7332,0.000945849,0,0,0,0,0
14.9757,0.021450639,0.7996,0.00120113,0,0,0,0,0
15.4757,0.02488545,0.8448,0.001260317,0,0,0,0,0
15.9757,0.025369627,0.8779,0.001417513,0,0,0,0,0
16.4757,0.027537903,0.9272,0.001313951,0,0,0,0,0
16.9756,0.028770486,0.9879,0.001484083,0,0,0,0,0
17.4756,0.029839771,1.0366,0.001454497,0,0,0,0,0
17.9756,0.031691782,1.084,0.001404569,0,0,0,0,0
18.4756,0.034119861,1.1266,0.001559894,0,0,0,0,0
18.9756,0.035769271,1.1823,0.001713346,0,0,0,0,0
19.4756,0.035417763,1.2271,0.00172259,0,0,0,0,0
19.9756,0.037343767,1.2761,0.001687464,0,0,0,0,0
20.4756,0.039935144,1.3273,0.001972128,0,0,0,0,0
20.9755,0.04094649,1.3741,0.001833503,0,0,0,0,0
21.4755,0.043228799,1.4202,0.001933315,0,0,0,0,0
21.9753,0.044143641,1.4604,0.001493329,0,0,0,0,0
22.4752,0.046093447,1.5157,0.001835352,0,0,0,0,0
22.9755,0.046283871,1.5602,0.002199431,0,0,0,0,0
23.4755,0.049060135,1.6013,0.002131061,0,0,0,0,0
23.9755,0.051204793,1.6433,0.002046054,0,0,0,0,0
24.4755,0.051645239,1.692,0.002301054,0,0,0,0,0
24.9754,0.052433502,1.7524,0.002269645,0,0,0,0,0
25.4754,0.053918691,1.7805,0.002365718,0,0,0,0,0
25.9754,0.05639419,1.8424,0.002495033,0,0,0,0,0
26.4754,0.054812498,1.8804,0.002234539,0,0,0,0,0
26.9754,0.058346211,1.9268,0.002646495,0,0,0,0,0
27.4753,0.060638484,1.9748,0.002624331,0,0,0,0,0
27.9753,0.060868024,2.0181,0.002447004,0,0,0,0,0
28.4753,0.063183547,2.0763,0.002866259,0,0,0,0,0
28.975,0.063841724,2.1227,0.002740685,0,0,0,0,0
29.475,0.065975864,2.1727,0.002770233,0,0,0,0,0
29.975,0.071621575,2.2078,0.003303796,0,0,0,0,0
30.475,0.069959064,2.2504,0.002879185,0,0,0,0,0
30.975,0.070423313,2.2899,0.003019511,0,0,0,0,0
31.4752,0.073514919,2.3323,0.003047204,0,0,0,0,0
31.9752,0.074645833,2.3901,0.002936425,0,0,0,0,0
32.4752,0.074700819,2.4356,0.002943811,0,0,0,0,0
32.9752,0.077500518,2.4641,0.003279801,0,0,0,0,0
33.4752,0.07949221,2.519,0.003438526,0,0,0,0,0
33.9752,0.079121143,2.5453,0.003624904,0,0,0,0,0
34.4751,0.083742039,2.592,0.003626749,0,0,0,0,0
34.9751,0.08335455,2.6442,0.003372086,0,0,0,0,0
35.4751,0.086223259,2.6831,0.003604607,0,0,0,0,0
35.9751,0.088344483,2.7295,0.003722692,0,0,0,0,0
36.4751,0.089760662,2.7592,0.003772505,0,0,0,0,0
36.9751,0.089808821,2.7864,0.003685792,0,0,0,0,0
37.475,0.093885387,2.8294,0.004366379,0,0,0,0,0
37.975,0.095150999,2.8499,0.004517558,0,0,0,0,0
38.475,0.095549375,2.884,0.004947003,0,0,0,0,0
38.975,0.09892883,2.9109,0.005109148,0,0,0,0,0
39.475,0.10180861,2.9289,0.005330214,0,0,0,0,0
39.975,0.103169064,2.9691,0.005840319,0,0,0,0,0
40.475,0.107372395,2.9902,0.005694865,0,0,0,0,0
40.9749,0.109100225,3.0168,0.005948937,0,0,0,0,0
41.4749,0.110105482,3.0187,0.00611276,0,0,0,0,0
41.9749,0.113279753,3.0493,0.006536001,0,0,0,0,0
42.4749,0.115198745,3.0746,0.006756751,0,0,0,0,0
42.9749,0.118626913,3.0797,0.006896535,0,0,0,0,0
43.475,0.122302336,3.0945,0.007528993,0,0,0,0,0
43.9749,0.123574406,3.1135,0.008071045,0,0,0,0,0
44.4749,0.129322341,3.1331,0.008513656,0,0,0,0,0
44.9748,0.130426499,3.1476,0.008352061,0,0,0,0,0
45.4748,0.130300104,3.1789,0.008506311,0,0,0,0,0
45.9748,0.132363574,3.1944,0.008644014,0,0,0,0,0
46.4748,0.136816927,3.2073,0.009143258,0,0,0,0,0
46.9747,0.140798097,3.213,0.009515693,0,0,0,0,0
47.4747,0.140876886,3.2393,0.009539539,0,0,0,0,0
47.9747,0.146549721,3.2367,0.010027336,0,0,0,0,0
48.4747,0.147407917,3.2611,0.010148331,0,0,0,0,0
48.9747,0.147722336,3.2743,0.010753089,0,0,0,0,0
49.4747,0.154465379,3.2908,0.010938108,0,0,0,0,0
49.9747,0.156247273,3.2879,0.011611949,0,0,0,0,0
50.4747,0.158026585,3.31,0.011782169,0,0,0,0,0
50.9746,0.162437683,3.3189,0.012182894,0,0,0,0,0
51.4746,0.163954978,3.3356,0.012245092,0,0,0,0,0
51.9746,0.167194384,3.3461,0.013013109,0,0,0,0,0
52.4746,0.172712777,3.3609,0.013060634,0,0,0,0,0
52.9746,0.173304713,3.3676,0.013024077,0,0,0,0,0
53.4746,0.177100811,3.3698,0.013612484,0,0,0,0,0
53.9746,0.179923758,3.3903,0.013771404,0,0,0,0,0
54.4745,0.182538754,3.384,0.014317386,0,0,0,0,0
54.9745,0.184627318,3.4093,0.014640452,0,0,0,0,0
55.4745,0.187348227,3.4216,0.01476454,0,0,0,0,0
55.9745,0.191768921,3.4305,0.015182311,0,0,0,0,0
56.4745,0.193007039,3.4371,0.015430338,0,0,0,0,0
56.9745,0.195279015,3.4409,0.015681949,0,0,0,0,0
57.4745,0.198848155,3.456,0.015809553,0,0,0,0,0
57.9744,0.202850361,3.4516,0.016365354,0,0,0,0,0
58.4744,0.207229906,3.4671,0.016760605,0,0,0,0,0
58.9744,0.208419312,3.4801,0.016962723,0,0,0,0,0
59.4744,0.211139668,3.4899,0.017233972,0,0,0,0,0
59.9744,0.213152764,3.4965,0.017536081,0,0,0,0,0
60.4744,0.218467633,3.4911,0.017728946,0,0,0,0,0
60.9743,0.218841468,3.5148,0.018087286,0,0,0,0,0
61.4743,0.224360968,3.5234,0.01857275,0,0,0,0,0
61.9743,0.226404141,3.5177,0.018956227,0,0,0,0,0
62.4743,0.228061117,3.5306,0.018983483,0,0,0,0,0
62.9743,0.230169425,3.5433,0.019281431,0,0,0,0,0
63.4743,0.235844105,3.5521,0.019887954,0,0,0,0,0
63.9743,0.238274767,3.5607,0.020083997,0,0,0,0,0
64.4742,0.239359735,3.5704,0.019980534,0,0,0,0,0
64.9742,0.245442755,3.5695,0.020506809,0,0,0,0,0
65.4742,0.247726724,3.5771,0.020680963,0,0,0,0,0
65.9742,0.252209231,3.5929,0.020904054,0,0,0,0,0
66.4742,0.252601333,3.6008,0.021012861,0,0,0,0,0
66.9742,0.256696535,3.6014,0.021524093,0,0,0,0,0
67.4742,0.258867949,3.5989,0.0217325,0,0,0,0,0
67.9741,0.262343354,3.615,0.022071294,0,0,0,0,0
68.4739,0.266014164,3.6166,0.022498699,0,0,0,0,0
68.9741,0.268827332,3.6305,0.022987456,0,0,0,0,0
69.4741,0.271246184,3.6239,0.023045367,0,0,0,0,0
69.9741,0.275559857,3.645,0.023461503,0,0,0,0,0
70.4741,0.27754546,3.6514,0.023844918,0,0,0,0,0
70.974,0.280059708,3.6542,0.023832261,0,0,0,0,0
71.4741,0.283100203,3.6656,0.024107075,0,0,0,0,0
71.974,0.286401423,3.6728,0.024455909,0,0,0,0,0
72.474,0.289202782,3.6605,0.024690806,0,0,0,0,0
72.974,0.292363583,3.6678,0.024573364,0,0,0,0,0
73.474,0.296801806,3.6871,0.025424052,0,0,0,0,0
73.974,0.299496144,3.6905,0.025595547,0,0,0,0,0
74.474,0.299530834,3.7029,0.025552225,0,0,0,0,0
74.9739,0.307431545,3.7044,0.026461598,0,0,0,0,0
75.4739,0.309129852,3.6956,0.026542752,0,0,0,0,0
75.9739,0.313064524,3.7133,0.026795188,0,0,0,0,0
76.4739,0.313948921,3.7215,0.027054771,0,0,0,0,0
76.9739,0.318082134,3.7319,0.027289058,0,0,0,0,0
77.4739,0.321611788,3.7367,0.027321494,0,0,0,0,0
77.9738,0.324431045,3.7402,0.027654797,0,0,0,0,0
78.4738,0.327284254,3.7512,0.028115834,0,0,0,0,0
78.9738,0.329475964,3.7439,0.028087026,0,0,0,0,0
79.4738,0.332176392,3.7566,0.028691832,0,0,0,0,0
79.9738,0.33583447,3.7515,0.028824984,0,0,0,0,0
80.4738,0.339291054,3.7721,0.029254909,0,0,0,0,0
80.9737,0.344205519,3.7705,0.029549813,0,0,0,0,0
81.4737,0.343727247,3.7705,0.029661278,0,0,0,0,0
81.9737,0.350728615,3.7857,0.030214826,0,0,0,0,0
82.4737,0.352518075,3.792,0.030363944,0,0,0,0,0
82.9737,0.354640775,3.797,0.030640561,0,0,0,0,0
83.4737,0.357419254,3.7961,0.030583089,0,0,0,0,0
83.9737,0.361942539,3.7948,0.030884784,0,0,0,0,0
84.4737,0.364504763,3.8008,0.030811164,0,0,0,0,0
84.9736,0.366485384,3.8119,0.031206132,0,0,0,0,0
85.4736,0.372191063,3.8214,0.03208886,0,0,0,0,0
85.9736,0.372043633,3.8299,0.031963316,0,0,0,0,0
86.4736,0.376207292,3.8359,0.032262802,0,0,0,0,0
86.9736,0.378090303,3.8255,0.032472568,0,0,0,0,0
87.4736,0.38347123,3.8302,0.03275398,0,0,0,0,0
87.9735,0.386099142,3.8492,0.033092644,0,0,0,0,0
88.4736,0.388407652,3.8539,0.033055021,0,0,0,0,0
88.9735,0.394590681,3.8555,0.033544019,0,0,0,0,0
89.4735,0.395312886,3.8602,0.033735612,0,0,0,0,0
89.9735,0.398385856,3.8644,0.034218909,0,0,0,0,0
90.4735,0.400366846,3.8741,0.034227856,0,0,0,0,0
90.9734,0.404700262,3.8767,0.034324487,0,0,0,0,0
91.4735,0.406733471,3.8729,0.034693028,0,0,0,0,0
91.9734,0.411628377,3.8915,0.035286703,0,0,0,0,0
92.4734,0.41589186,3.8947,0.035510134,0,0,0,0,0
92.9734,0.418623102,3.8915,0.035490474,0,0,0,0,0
93.4734,0.420358498,3.895,0.035731728,0,0,0,0,0
93.9734,0.421203777,3.8899,0.036053309,0,0,0,0,0
94.4734,0.42661515,3.8969,0.036326572,0,0,0,0,0
94.9733,0.429794403,3.9146,0.036565839,0,0,0,0,0
95.4733,0.433813399,3.9178,0.036851456,0,0,0,0,0
95.9733,0.436026514,3.9247,0.037040632,0,0,0,0,0
96.4733,0.438614569,3.9165,0.037442067,0,0,0,0,0
96.9733,0.439503395,3.9216,0.037718517,0,0,0,0,0
97.4733,0.447325316,3.9326,0.037891483,0,0,0,0,0
97.9733,0.451160902,3.9304,0.03849039,0,0,0,0,0
98.4733,0.451554848,3.9453,0.038502863,0,0,0,0,0
98.9732,0.454848318,3.9554,0.038588391,0,0,0,0,0
99.4732,0.460483512,3.9579,0.038762987,0,0,0,0,0
99.9732,0.462924137,3.9595,0.039245642,0,0,0,0,0
100.4732,0.463302769,3.9519,0.039247422,0,0,0,0,0
100.9732,0.469640978,3.9674,0.039710266,0,0,0,0,0
101.4732,0.468441424,3.9702,0.039801029,0,0,0,0,0
101.9731,0.474182162,3.9753,0.039966518,0,0,0,0,0
102.4731,0.478113327,3.9746,0.040462819,0,0,0,0,0
102.9731,0.479447949,3.981,0.040667316,0,0,0,0,0
103.4731,0.483165443,3.975,0.04067265,0,0,0,0,0
103.9731,0.48491191,3.9829,0.041134834,0,0,0,0,0
104.4731,0.489108228,3.9863,0.041579041,0,0,0,0,0
104.973,0.493420609,4.0028,0.041483109,0,0,0,0,0
105.4731,0.496892508,4.0072,0.042015948,0,0,0,0,0
105.973,0.499629286,3.9968,0.042269835,0,0,0,0,0
106.473,0.500699124,3.9983,0.042321314,0,0,0,0,0
106.973,0.505760096,4.0205,0.042773866,0,0,0,0,0
107.473,0.509375735,4.0198,0.043047073,0,0,0,0,0
107.973,0.510599646,4.0151,0.043180101,0,0,0,0,0
108.4729,0.514495753,4.016,0.043610991,0,0,0,0,0
108.9729,0.517707666,4.0201,0.043703173,0,0,0,0,0
109.4729,0.519608391,4.0214,0.043683674,0,0,0,0,0
109.9729,0.523535497,4.0341,0.044041695,0,0,0,0,0
110.4729,0.52730281,4.0306,0.044337585,0,0,0,0,0
110.9729,0.529630695,4.0486,0.044713081,0,0,0,0,0
111.4729,0.533776086,4.0546,0.045097287,0,0,0,0,0
111.9728,0.536829682,4.0413,0.045332695,0,0,0,0,0
112.4728,0.541260155,4.048,0.045516735,0,0,0,0,0
112.9728,0.544010956,4.0622,0.045674203,0,0,0,0,0
113.4728,0.54811686,4.0701,0.046229569,0,0,0,0,0
113.9728,0.550472608,4.0593,0.046132314,0,0,0,0,0
114.4728,0.55101583,4.078,0.046507137,0,0,0,0,0
114.9727,0.556230506,4.0802,0.046660915,0,0,0,0,0
115.4725,0.560590123,4.0805,0.047032006,0,0,0,0,0
115.9725,0.561958697,4.0862,0.04728109,0,0,0,0,0
116.4727,0.566257054,4.0827,0.047478899,0,0,0,0,0
116.9727,0.568713548,4.0884,0.047734934,0,0,0,0,0
117.4727,0.568842342,4.0865,0.047683732,0,0,0,0,0
117.9727,0.57506984,4.1023,0.048319154,0,0,0,0,0
118.4727,0.575955528,4.1077,0.048463832,0,0,0,0,0
118.9726,0.581452149,4.1011,0.048858945,0,0,0,0,0
119.4726,0.58644614,4.1169,0.048940065,0,0,0,0,0
119.9726,0.588026357,4.1045,0.049479521,0,0,0,0,0
120.4726,0.589513391,4.1086,0.049477758,0,0,0,0,0
120.9726,0.593365582,4.1118,0.049782617,0,0,0,0,0
121.4726,0.596771978,4.1187,0.050069768,0,0,0,0,0
121.9725,0.598820871,4.1175,0.050089144,0,0,0,0,0
122.4725,0.604390745,4.1301,0.050510025,0,0,0,0,0
122.9725,0.608127981,4.1279,0.05086561,0,0,0,0,0
123.4725,0.611601172,4.1298,0.051166527,0,0,0,0,0
123.9725,0.613481784,4.1485,0.051168287,0,0,0,0,0
124.4725,0.614417846,4.1491,0.051453282,0,0,0,0,0
124.9725,0.61942254,4.1409,0.051739954,0,0,0,0,0
125.4724,0.622498832,4.1557,0.051924577,0,0,0,0,0
125.9724,0.626340691,4.1614,0.052167172,0,0,0,0,0
126.4724,0.629026172,4.1614,0.052562581,0,0,0,0,0
126.9724,0.633179867,4.1696,0.053208958,0,0,0,0,0
127.4721,0.635428224,4.169,0.052947296,0,0,0,0,0
127.9724,0.640891447,4.1794,0.053430176,0,0,0,0,0
128.4724,0.641448692,4.1788,0.053537256,0,0,0,0,0
128.9723,0.643282068,4.175,0.053749627,0,0,0,0,0
129.4724,0.647051595,4.1842,0.054205808,0,0,0,0,0
129.9723,0.651545542,4.1728,0.054126869,0,0,0,0,0
130.4723,0.652536591,4.1857,0.054426806,0,0,0,0,0
130.9723,0.661748674,4.1788,0.05490196,0,0,0,0,0
131.4723,0.661383697,4.1962,0.055082495,0,0,0,0,0
131.9722,0.662178972,4.1952,0.054982592,0,0,0,0,0
132.4722,0.665961969,4.1908,0.055417187,0,0,0,0,0
132.9722,0.669395304,4.1965,0.055443467,0,0,0,0,0
133.4722,0.674828634,4.2082,0.055981178,0,0,0,0,0
133.9722,0.673964903,4.2129,0.056021451,0,0,0,0,0
134.4722,0.680178008,4.2022,0.056532601,0,0,0,0,0
134.9722,0.683007045,4.2199,0.056772331,0,0,0,0,0
135.4722,0.686536883,4.224,0.056984016,0,0,0,0,0
135.9721,0.68837155,4.2287,0.057365285,0,0,0,0,0
136.4721,0.692760506,4.2186,0.057454461,0,0,0,0,0
136.9721,0.697325677,4.2281,0.057678238,0,0,0,0,0
137.4721,0.698816955,4.236,0.058115158,0,0,0,0,0
137.9721,0.701192077,4.2335,0.058199024,0,0,0,0,0
138.4721,0.705014746,4.2442,0.058516956,0,0,0,0,0
138.9721,0.709214939,4.2486,0.058773672,0,0,0,0,0
139.472,0.711809822,4.2474,0.058991917,0,0,0,0,0
139.972,0.716013337,4.2471,0.059302615,0,0,0,0,0
140.472,0.718720407,4.2429,0.05956611,0,0,0,0,0
140.972,0.721483018,4.2562,0.059726615,0,0,0,0,0
141.472,0.726163328,4.2616,0.060063244,0,0,0,0,0
141.972,0.727737271,4.2597,0.060082427,0,0,0,0,0
142.472,0.730535862,4.2632,0.060443342,0,0,0,0,0
142.9719,0.73607732,4.2587,0.060589763,0,0,0,0,0
143.4719,0.737536492,4.2638,0.060835493,0,0,0,0,0
143.9719,0.741192172,4.2787,0.061243167,0,0,0,0,0
144.4719,0.743918616,4.2809,0.061290195,0,0,0,0,0
144.9719,0.748344476,4.2834,0.061836959,0,0,0,0,0
145.4719,0.750078396,4.2834,0.061882219,0,0,0,0,0
145.9716,0.754721618,4.2698,0.062167657,0,0,0,0,0
146.4718,0.752782514,4.2806,0.062225083,0,0,0,0,0
146.9718,0.759407464,4.2796,0.062600881,0,0,0,0,0
147.4718,0.762665506,4.2967,0.063032179,0,0,0,0,0
147.9718,0.765973,4.2973,0.063233851,0,0,0,0,0
148.4718,0.768328193,4.3058,0.063466766,0,0,0,0,0
148.9717,0.773104084,4.2907,0.063484146,0,0,0,0,0
149.4717,0.775883301,4.3103,0.063972389,0,0,0,0,0
149.9717,0.780531321,4.2976,0.064212079,0,0,0,0,0
150.4717,0.781890853,4.303,0.064505534,0,0,0,0,0
150.9717,0.785788252,4.3062,0.064691287,0,0,0,0,0
151.4717,0.788407491,4.3226,0.064726004,0,0,0,0,0
151.9717,0.79263241,4.315,0.065154651,0,0,0,0,0
152.4716,0.795640615,4.3144,0.065286505,0,0,0,0,0
152.9716,0.797129494,4.3283,0.065609128,0,0,0,0,0
153.4716,0.800412815,4.3254,0.065636876,0,0,0,0,0
153.9716,0.804845687,4.3374,0.066269661,0,0,0,0,0
154.4716,0.80794246,4.3374,0.066312988,0,0,0,0,0
154.9716,0.812800462,4.3409,0.067132376,0,0,0,0,0
155.4716,0.813300322,4.345,0.066843155,0,0,0,0,0
155.9715,0.817397185,4.3494,0.067009424,0,0,0,0,0
156.4715,0.819313594,4.3466,0.067521914,0,0,0,0,0
156.9715,0.824154067,4.3542,0.067864581,0,0,0,0,0
157.4715,0.82590976,4.3501,0.067897457,0,0,0,0,0
157.9712,0.829523184,4.3539,0.068184644,0,0,0,0,0
158.4715,0.835516159,4.357,0.06871382,0,0,0,0,0
158.9714,0.836292613,4.3545,0.068751855,0,0,0,0,0
159.4714,0.841388275,4.3697,0.069168412,0,0,0,0,0
159.9714,0.842559782,4.3684,0.069206429,0,0,0,0,0
160.4714,0.845741803,4.3554,0.069387855,0,0,0,0,0
160.9714,0.848533383,4.3763,0.069852502,0,0,0,0,0
161.4714,0.855077329,4.3611,0.070044171,0,0,0,0,0
161.9713,0.855790678,4.3624,0.07035318,0,0,0,0,0
162.4714,0.859931456,4.3801,0.070491255,0,0,0,0,0
162.9713,0.863101483,4.3671,0.070991613,0,0,0,0,0
163.4713,0.865825345,4.3776,0.071108903,0,0,0,0,0
163.9713,0.869903941,4.3744,0.070970914,0,0,0,0,0
164.4713,0.870288108,4.3779,0.071429653,0,0,0,0,0
164.9713,0.875986591,4.3921,0.072029491,0,0,0,0,0
165.4713,0.879125804,4.3972,0.072146659,0,0,0,0,0
165.9712,0.882148032,4.3987,0.07255147,0,0,0,0,0
166.4712,0.884477393,4.4025,0.072594526,0,0,0,0,0
166.9712,0.887439467,4.4025,0.073059407,0,0,0,0,0
167.4712,0.891307159,4.3968,0.073475894,0,0,0,0,0
167.9712,0.895540381,4.4089,0.073386416,0,0,0,0,0
168.4712,0.89649877,4.4139,0.073444922,0,0,0,0,0
168.9712,0.900573306,4.4139,0.073897368,0,0,0,0,0
169.4711,0.904712424,4.4136,0.074129533,0,0,0,0,0
169.9711,0.907384436,4.4142,0.074439002,0,0,0,0,0
170.4711,0.910925529,4.419,0.074873816,0,0,0,0,0
170.9711,0.913732793,4.4114,0.074884126,0,0,0,0,0
171.4711,0.918194634,4.4215,0.075464723,0,0,0,0,0
171.9711,0.920720507,4.4149,0.075593508,0,0,0,0,0
172.4711,0.923751592,4.4285,0.075861328,0,0,0,0,0
172.971,0.926475638,4.4319,0.076093038,0,0,0,0,0
173.471,0.930412154,4.4405,0.07622689,0,0,0,0,0
173.971,0.93320318,4.4275,0.076484247,0,0,0,0,0
174.471,0.934609395,4.4272,0.076384743,0,0,0,0,0
174.971,0.941206668,4.4405,0.07713078,0,0,0,0,0
175.471,0.943731619,4.4433,0.077451319,0,0,0,0,0
175.9709,0.945664449,4.4382,0.077497591,0,0,0,0,0
176.4709,0.948477618,4.4493,0.077913948,0,0,0,0,0
176.9709,0.950552159,4.4544,0.078033854,0,0,0,0,0
177.4709,0.954996286,4.4623,0.078475669,0,0,0,0,0
177.9709,0.96164467,4.4594,0.078795777,0,0,0,0,0
178.4709,0.962761745,4.4635,0.078751276,0,0,0,0,0
178.9709,0.965250899,4.4632,0.079182509,0,0,0,0,0
179.4708,0.968577213,4.4623,0.079404897,0,0,0,0,0
179.9708,0.971756281,4.473,0.079834139,0,0,0,0,0
180.4708,0.97375683,4.4743,0.080049545,0,0,0,0,0
180.9708,0.976824081,4.4585,0.080293958,0,0,0,0,0
181.4708,0.981485201,4.4676,0.080456297,0,0,0,0,0
181.9708,0.979971412,4.479,0.080722818,0,0,0,0,0
182.4708,0.987830606,4.479,0.081233451,0,0,0,0,0
182.9707,0.990485642,4.4834,0.081160032,0,0,0,0,0
183.4707,0.993828379,4.4736,0.081262476,0,0,0,0,0
183.9707,0.996844517,4.4838,0.081752357,0,0,0,0,0
184.4708,0.999756956,4.4907,0.081839383,0,0,0,0,0
184.9707,1.004815714,4.491,0.08222494,0,0,0,0,0
185.4707,1.006772532,4.4932,0.082670022,0,0,0,0,0
185.9707,1.010324882,4.4954,0.083080823,0,0,0,0,0
186.4707,1.013822429,4.4844,0.083062076,0,0,0,0,0
186.9706,1.016988397,4.4853,0.083068893,0,0,0,0,0
187.4706,1.019864855,4.4992,0.083537449,0,0,0,0,0
187.9703,1.023606335,4.4901,0.083917243,0,0,0,0,0
188.4706,1.026015962,4.4967,0.084087508,0,0,0,0,0
188.9706,1.02906476,4.5084,0.084274766,0,0,0,0,0
189.4706,1.033388581,4.4973,0.084635563,0,0,0,0,0
189.9705,1.035173059,4.5176,0.084533464,0,0,0,0,0
190.4705,1.040473167,4.5173,0.085168012,0,0,0,0,0
190.9705,1.042434414,4.5179,0.085535288,0,0,0,0,0
191.4703,1.045201452,4.5229,0.085805558,0,0,0,0,0
191.9705,1.048718005,4.5173,0.085902429,0,0,0,0,0
192.4705,1.051903163,4.5188,0.086366262,0,0,0,0,0
192.9704,1.054919301,4.5236,0.086602343,0,0,0,0,0
193.4704,1.058681633,4.5166,0.08678064,0,0,0,0,0
193.9704,1.059866057,4.5198,0.087120167,0,0,0,0,0
194.4704,1.064728856,4.5191,0.087374737,0,0,0,0,0
194.9704,1.070605399,4.5343,0.087554594,0,0,0,0,0
195.4701,1.071473559,4.5337,0.087781913,0,0,0,0,0
195.9703,1.074570147,4.5384,0.087919298,0,0,0,0,0
196.4701,1.077125913,4.5416,0.088392367,0,0,0,0,0
196.9703,1.080838793,4.5343,0.088483903,0,0,0,0,0
197.4703,1.084419373,4.5381,0.088863519,0,0,0,0,0
197.9703,1.086408113,4.5343,0.089046496,0,0,0,0,0
198.4703,1.090445931,4.553,0.089728977,0,0,0,0,0
198.9703,1.094582465,4.5504,0.089578296,0,0,0,0,0
199.4702,1.096965152,4.553,0.089847475,0,0,0,0,0
199.9702,1.098439639,4.5564,0.090204576,0,0,0,0,0
200.4702,1.10235346,4.5593,0.090438061,0,0,0,0,0
200.9702,1.107085989,4.5583,0.09059707,0,0,0,0,0
201.4702,1.109759108,4.5631,0.09092685,0,0,0,0,0
201.9702,1.11334504,4.5577,0.091346104,0,0,0,0,0
202.4702,1.116248437,4.565,0.091760115,0,0,0,0,0
202.9701,1.121342807,4.5561,0.09183276,0,0,0,0,0
203.4701,1.123125071,4.5643,0.092305671,0,0,0,0,0
203.9701,1.125448527,4.5738,0.092504902,0,0,0,0,0
204.4701,1.129320094,4.5662,0.092717596,0,0,0,0,0
204.9701,1.131868662,4.5795,0.093114168,0,0,0,0,0
205.4701,1.134644927,4.5726,0.09308211,0,0,0,0,0
205.97,1.138856745,4.5703,0.093470104,0,0,0,0,0
206.4698,1.141873991,4.5843,0.093803996,0,0,0,0,0
206.97,1.146606889,4.5852,0.094137776,0,0,0,0,0
207.47,1.149702555,4.5691,0.094365289,0,0,0,0,0
207.97,1.152384716,4.5861,0.094702251,0,0,0,0,0
208.47,1.155697929,4.5843,0.095096352,0,0,0,0,0
208.97,1.15742945,4.5896,0.095047519,0,0,0,0,0
209.4699,1.162614419,4.5906,0.095710773,0,0,0,0,0
209.9699,1.16490909,4.5833,0.095663653,0,0,0,0,0
210.4699,1.16952076,4.5855,0.096092702,0,0,0,0,0
210.9699,1.171781111,4.5947,0.096639263,0,0,0,0,0
211.4699,1.173895508,4.6016,0.096632537,0,0,0,0,0
211.9699,1.17721315,4.6004,0.096926718,0,0,0,0,0
212.4699,1.179943654,4.6064,0.097289701,0,0,0,0,0
212.9699,1.184859225,4.6042,0.097471143,0,0,0,0,0
213.4698,1.188536124,4.5972,0.09780706,0,0,0,0,0
213.9698,1.19094612,4.6111,0.098154615,0,0,0,0,0
214.4698,1.19345225,4.6124,0.098230155,0,0,0,0,0
214.9698,1.195602074,4.6026,0.098463452,0,0,0,0,0
215.4698,1.200194923,4.6073,0.098847686,0,0,0,0,0
215.9698,1.20374229,4.62,0.099417893,0,0,0,0,0
216.4698,1.207627695,4.6064,0.099471543,0,0,0,0,0
216.9697,1.21047463,4.6061,0.099785001,0,0,0,0,0
217.4697,1.212656377,4.6247,0.100162027,0,0,0,0,0
217.9697,1.216267034,4.6256,0.100513789,0,0,0,0,0
218.4697,1.219585782,4.6215,0.100304422,0,0,0,0,0
218.9697,1.223912002,4.6294,0.100713066,0,0,0,0,0
219.4697,1.226782556,4.6165,0.101151671,0,0,0,0,0
219.9696,1.228160724,4.6348,0.101454564,0,0,0,0,0
220.4696,1.232701908,4.632,0.10173562,0,0,0,0,0
220.9696,1.236426966,4.6364,0.101969774,0,0,0,0,0
221.4696,1.238367916,4.6244,0.102195512,0,0,0,0,0
221.9696,1.242425107,4.6317,0.102615084,0,0,0,0,0
222.4696,1.246583415,4.6421,0.10306956,0,0,0,0,0
222.9695,1.249453231,4.6323,0.103278349,0,0,0,0,0
223.4695,1.25163018,4.6317,0.103423641,0,0,0,0,0
223.9695,1.256230778,4.6465,0.103871074,0,0,0,0,0
224.4696,1.257790144,4.6494,0.104339995,0,0,0,0,0
224.9695,1.262304018,4.6361,0.104446765,0,0,0,0,0
225.4695,1.265688087,4.6361,0.104755333,0,0,0,0,0
225.9695,1.268773051,4.6386,0.104882068,0,0,0,0,0
226.4694,1.269445621,4.6541,0.105167164,0,0,0,0,0
226.9694,1.274741116,4.6525,0.105383849,0,0,0,0,0
227.4694,1.276805139,4.6522,0.10621515,0,0,0,0,0
227.9694,1.281971471,4.6462,0.106310065,0,0,0,0,0
228.4694,1.286512101,4.6494,0.106669658,0,0,0,0,0
228.9694,1.288536638,4.65,0.106922628,0,0,0,0,0
229.4694,1.290827803,4.6667,0.107095676,0,0,0,0,0
229.9693,1.29349594,4.6576,0.107428376,0,0,0,0,0
230.4694,1.296605999,4.6601,0.107632932,0,0,0,0,0
230.9693,1.300497308,4.6718,0.107754315,0,0,0,0,0
231.4693,1.304997344,4.6715,0.108332761,0,0,0,0,0
231.9693,1.308555598,4.6585,0.10868,0,0,0,0,0
232.4693,1.308038578,4.6756,0.109013834,0,0,0,0,0
232.9692,1.315005072,4.6686,0.109460433,0,0,0,0,0
233.4693,1.316703011,4.6791,0.109903514,0,0,0,0,0
233.9692,1.321514883,4.6648,0.110069411,0,0,0,0,0
234.4692,1.32362522,4.6816,0.11021372,0,0,0,0,0
234.9692,1.325981152,4.6772,0.11030328,0,0,0,0,0
235.4692,1.330678807,4.6819,0.11070786,0,0,0,0,0
235.9692,1.334069887,4.6759,0.11121004,0,0,0,0,0
236.4692,1.336714221,4.6863,0.111398914,0,0,0,0,0
236.9692,1.337252092,4.6926,0.111726874,0,0,0,0,0
237.4691,1.342850198,4.693,0.112072937,0,0,0,0,0
237.9691,1.345300049,4.6936,0.112516517,0,0,0,0,0
238.4691,1.349337867,4.6958,0.112708453,0,0,0,0,0
238.9691,1.352921769,4.6939,0.113194748,0,0,0,0,0
239.4691,1.355879968,4.6832,0.113166635,0,0,0,0,0
239.9691,1.356407138,4.692,0.113606425,0,0,0,0,0
240.469,1.361519221,4.6857,0.114024541,0,0,0,0,0
240.969,1.363494307,4.6977,0.114130282,0,0,0,0,0
241.469,1.368936494,4.6904,0.11439954,0,0,0,0,0
241.969,1.371395756,4.6923,0.114957649,0,0,0,0,0
242.469,1.374002079,4.6895,0.115322398,0,0,0,0,0
242.9689,1.378944775,4.7075,0.115591335,0,0,0,0,0
243.4689,1.381951872,4.711,0.115911326,0,0,0,0,0
243.9689,1.384836449,4.7107,0.116338371,0,0,0,0,0
244.4689,1.387553299,4.711,0.116368043,0,0,0,0,0
244.9687,1.391819734,4.7132,0.116845971,0,0,0,0,0
245.4689,1.394020671,4.71,0.116939882,0,0,0,0,0
245.9689,1.397139586,4.71,0.117323671,0,0,0,0,0
246.4689,1.397322813,4.7173,0.117506454,0,0,0,0,0
246.9689,1.404150918,4.7195,0.117995359,0,0,0,0,0
247.4688,1.410627147,4.7157,0.118520212,0,0,0,0,0
247.9688,1.409706215,4.7242,0.118380388,0,0,0,0,0
248.4688,1.414728992,4.7258,0.119105617,0,0,0,0,0
248.9688,1.417461526,4.7284,0.119365322,0,0,0,0,0
249.4688,1.420997637,4.7154,0.119754753,0,0,0,0,0
249.9687,1.424405693,4.7274,0.119833607,0,0,0,0,0
250.4687,1.425958785,4.7284,0.120254054,0,0,0,0,0
250.9687,1.430028524,4.7287,0.120559425,0,0,0,0,0
251.4687,1.434294775,4.7331,0.120936905,0,0,0,0,0
251.9687,1.436034046,4.7334,0.121286357,0,0,0,0,0
252.4687,1.440632984,4.7224,0.121581573,0,0,0,0,0
252.9687,1.442082192,4.7246,0.122030791,0,0,0,0,0
253.4687,1.445292259,4.7255,0.122037348,0,0,0,0,0
253.9686,1.450670972,4.7261,0.122714068,0,0,0,0,0
254.4686,1.452004487,4.7423,0.122792689,0,0,0,0,0
254.9686,1.456689964,4.7429,0.123182424,0,0,0,0,0
255.4686,1.459511436,4.7413,0.123169327,0,0,0,0,0
255.9686,1.461789316,4.7318,0.123776561,0,0,0,0,0
256.4686,1.464956575,4.7486,0.124213346,0,0,0,0,0
256.9685,1.469443511,4.7495,0.124651574,0,0,0,0,0
257.4685,1.473065054,4.7486,0.124795428,0,0,0,0,0
257.9685,1.475403457,4.7363,0.12508144,0,0,0,0,0
258.4685,1.479912534,4.7391,0.125416379,0,0,0,0,0
258.9685,1.482154249,4.7517,0.126105509,0,0,0,0,0
259.4685,1.485542007,4.7587,0.126236097,0,0,0,0,0
259.9685,1.489934285,4.7536,0.127053512,0,0,0,0,0
260.4685,1.491733709,4.753,0.126753381,0,0,0,0,0
260.9684,1.493919514,4.7631,0.12706819,0,0,0,0,0
261.4684,1.496949492,4.7615,0.127580154,0,0,0,0,0
261.9684,1.501675194,4.7628,0.127891444,0,0,0,0,0
262.4684,1.506534118,4.7641,0.128308518,0,0,0,0,0
262.9684,1.510689843,4.7619,0.12877589,0,0,0,0,0
263.4684,1.512345896,4.7615,0.128950081,0,0,0,0,0
263.9683,1.514890405,4.7682,0.129487114,0,0,0,0,0
264.4683,1.51925888,4.7634,0.129698594,0,0,0,0,0
264.9683,1.521680315,4.7634,0.129844977,0,0,0,0,0
265.4683,1.526742764,4.7584,0.13038153,0,0,0,0,0
265.9683,1.529712219,4.7584,0.130888552,0,0,0,0,0
266.4683,1.532901805,4.7562,0.130961658,0,0,0,0,0
266.9683,1.533642647,4.7739,0.131167954,0,0,0,0,0
267.4682,1.538652876,4.7751,0.131939153,0,0,0,0,0
267.9682,1.539924393,4.7786,0.132046263,0,0,0,0,0
268.4682,1.545481166,4.7638,0.132268559,0,0,0,0,0
268.9682,1.547356612,4.7726,0.132667594,0,0,0,0,0
269.4682,1.550418326,4.7653,0.133016214,0,0,0,0,0
269.9682,1.554822597,4.7805,0.133495975,0,0,0,0,0
270.4681,1.557230379,4.7824,0.133857265,0,0,0,0,0
270.9681,1.560069564,4.7792,0.134037052,0,0,0,0,0
271.4681,1.563462489,4.7856,0.134519562,0,0,0,0,0
271.9681,1.568332116,4.7704,0.135026108,0,0,0,0,0
272.4681,1.570564974,4.7859,0.135354498,0,0,0,0,0
272.9681,1.574289663,4.79,0.135475797,0,0,0,0,0
273.4681,1.576738223,4.7726,0.136061061,0,0,0,0,0
273.9681,1.577585347,4.7859,0.136225907,0,0,0,0,0
274.468,1.582812017,4.7852,0.136739667,0,0,0,0,0
274.968,1.586548331,4.7931,0.136917321,0,0,0,0,0
275.4678,1.588542237,4.7777,0.137180514,0,0,0,0,0
275.9677,1.594101963,4.7821,0.137784142,0,0,0,0,0
276.4678,1.595591027,4.783,0.138063238,0,0,0,0,0
276.968,1.599447278,4.7976,0.138432557,0,0,0,0,0
277.468,1.602614906,4.7909,0.138748547,0,0,0,0,0
277.9679,1.607744704,4.7878,0.13936734,0,0,0,0,0
278.4679,1.607458885,4.7998,0.139655657,0,0,0,0,0
278.9679,1.612261531,4.8048,0.13997287,0,0,0,0,0
279.4679,1.616991846,4.7897,0.140882088,0,0,0,0,0
279.9679,1.619794312,4.7922,0.140640783,0,0,0,0,0
280.4679,1.621833979,4.808,0.141190873,0,0,0,0,0
280.9678,1.625532651,4.8055,0.141645835,0,0,0,0,0
281.4678,1.627454965,4.7931,0.14185958,0,0,0,0,0
281.9678,1.629071715,4.7979,0.141939923,0,0,0,0,0
282.4678,1.636975748,4.8026,0.142898724,0,0,0,0,0
282.9678,1.638721108,4.7966,0.143117016,0,0,0,0,0
283.4678,1.642305194,4.7998,0.143397837,0,0,0,0,0
283.9675,1.645217264,4.8159,0.143842174,0,0,0,0,0
284.4678,1.649630946,4.8096,0.144390505,0,0,0,0,0
284.9677,1.651187359,4.8168,0.144807165,0,0,0,0,0
285.4677,1.654489317,4.8168,0.145234861,0,0,0,0,0
285.9677,1.659299159,4.808,0.145419019,0,0,0,0,0
286.4677,1.661624645,4.8168,0.145814442,0,0,0,0,0
286.9677,1.664314186,4.8203,0.146080105,0,0,0,0,0
287.4677,1.666809798,4.8146,0.146433679,0,0,0,0,0
287.9676,1.66914285,4.8219,0.14678233,0,0,0,0,0
288.4676,1.674588174,4.8232,0.147303482,0,0,0,0,0
288.9676,1.678327071,4.821,0.147835543,0,0,0,0,0
289.4676,1.680026117,4.8247,0.148164545,0,0,0,0,0
289.9676,1.685050185,4.8124,0.148445548,0,0,0,0,0
290.4676,1.68767496,4.8131,0.148795094,0,0,0,0,0
290.9675,1.692584812,4.8134,0.149434816,0,0,0,0,0
291.4673,1.693819978,4.8134,0.149760103,0,0,0,0,0
291.9675,1.697843219,4.832,0.150125128,0,0,0,0,0
292.4673,1.700740897,4.8345,0.150432665,0,0,0,0,0
292.9672,1.703849479,4.8333,0.150928032,0,0,0,0,0
293.4672,1.708919861,4.8219,0.151577531,0,0,0,0,0
293.9672,1.708326819,4.8307,0.151665054,0,0,0,0,0
294.4674,1.712248943,4.8323,0.152225017,0,0,0,0,0
294.9674,1.714750645,4.8292,0.152501702,0,0,0,0,0
295.4674,1.719913102,4.8355,0.153053252,0,0,0,0,0
295.9674,1.721712341,4.8323,0.153423431,0,0,0,0,0
296.4674,1.726215145,4.8251,0.153731544,0,0,0,0,0
296.9674,1.730300568,4.8323,0.15405385,0,0,0,0,0
297.4673,1.733029965,4.8257,0.154509346,0,0,0,0,0
297.9674,1.736362553,4.8428,0.155240562,0,0,0,0,0
298.4673,1.740181347,4.8374,0.155134323,0,0,0,0,0
298.9673,1.742964254,4.8301,0.156107494,0,0,0,0,0
299.4673,1.745973934,4.8434,0.156308667,0,0,0,0,0
299.9673,1.748767544,4.8276,0.156710892,0,0,0,0,0
300.4673,1.752887841,4.8323,0.15712245,0,0,0,0,0
300.9673,1.757035631,4.8447,0.157649314,0,0,0,0,0
301.4672,1.758315636,4.8399,0.157809059,0,0,0,0,0
301.9672,1.765706891,4.8418,0.158624783,0,0,0,0,0
302.4672,1.765962634,4.8491,0.158853888,0,0,0,0,0
302.9672,1.769465717,4.8339,0.159288254,0,0,0,0,0
303.4672,1.773232292,4.8522,0.159892892,0,0,0,0,0
303.9672,1.774879857,4.8526,0.160146952,0,0,0,0,0
304.4672,1.778331644,4.8443,0.160732149,0,0,0,0,0
304.9671,1.782101909,4.8545,0.161124717,0,0,0,0,0
305.4671,1.785750024,4.8507,0.161636874,0,0,0,0,0
305.9671,1.78790114,4.8548,0.161921992,0,0,0,0,0
306.4671,1.792121261,4.8402,0.162529763,0,0,0,0,0
306.9671,1.793611248,4.8399,0.162800464,0,0,0,0,0
307.4671,1.798002418,4.8545,0.163209524,0,0,0,0,0
307.9671,1.801308066,4.8563,0.163706465,0,0,0,0,0
308.467,1.805647571,4.8554,0.164239301,0,0,0,0,0
308.967,1.809523566,4.8434,0.164613216,0,0,0,0,0
309.467,1.812066414,4.8589,0.165068639,0,0,0,0,0
309.967,1.814632328,4.8519,0.16569333,0,0,0,0,0
310.467,1.816232841,4.85,0.166228245,0,0,0,0,0
310.967,1.821349169,4.8586,0.1666265,0,0,0,0,0
311.4669,1.824302202,4.8627,0.167062204,0,0,0,0,0
311.9669,1.829422774,4.8652,0.167441332,0,0,0,0,0
312.4669,1.832572688,4.8472,0.167837538,0,0,0,0,0
312.9669,1.834343327,4.8668,0.16844642,0,0,0,0,0
313.4669,1.83889429,4.8614,0.169037728,0,0,0,0,0
313.9669,1.841542315,4.8655,0.169230063,0,0,0,0,0
314.4668,1.843596559,4.8633,0.169828722,0,0,0,0,0
314.9668,1.847359997,4.8674,0.170598792,0,0,0,0,0
315.4668,1.847697481,4.8592,0.17048168,0,0,0,0,0
315.9668,1.852614713,4.8516,0.171360468,0,0,0,0,0
316.4668,1.856579646,4.8668,0.171837781,0,0,0,0,0
316.9668,1.861582679,4.8582,0.172590723,0,0,0,0,0
317.4665,1.863530825,4.8696,0.172773028,0,0,0,0,0
317.9667,1.867323602,4.8646,0.173164013,0,0,0,0,0
318.4667,1.870403399,4.8696,0.174059122,0,0,0,0,0
318.9667,1.874222378,4.8592,0.174256716,0,0,0,0,0
319.4667,1.877117472,4.8712,0.174648677,0,0,0,0,0
319.9667,1.880785146,4.8721,0.175466323,0,0,0,0,0
320.4667,1.882922792,4.8674,0.175646551,0,0,0,0,0
320.9666,1.886194858,4.8753,0.176491322,0,0,0,0,0
321.4666,1.889823597,4.8737,0.176761375,0,0,0,0,0
321.9666,1.894037076,4.8791,0.177414475,0,0,0,0,0
322.4666,1.896048327,4.8696,0.177764895,0,0,0,0,0
322.9666,1.900711478,4.8759,0.178313535,0,0,0,0,0
323.4666,1.901839255,4.8772,0.178755019,0,0,0,0,0
323.9666,1.905623728,4.8718,0.179278351,0,0,0,0,0
324.4666,1.908548161,4.88,0.179714767,0,0,0,0,0
324.9665,1.916023557,4.8804,0.180602487,0,0,0,0,0
325.4665,1.916119691,4.8674,0.180804975,0,0,0,0,0
325.9665,1.920091266,4.8674,0.181423005,0,0,0,0,0
326.4663,1.922511779,4.8797,0.181892452,0,0,0,0,0
326.9665,1.926142733,4.8734,0.182412602,0,0,0,0,0
327.4662,1.92781281,4.8807,0.182893924,0,0,0,0,0
327.9662,1.933192814,4.8785,0.18351683,0,0,0,0,0
328.4662,1.935572733,4.875,0.184199422,0,0,0,0,0
328.9664,1.938296595,4.8807,0.184555172,0,0,0,0,0
329.4662,1.941185416,4.8816,0.185187816,0,0,0,0,0
329.9664,1.94534686,4.8829,0.185718558,0,0,0,0,0
330.4664,1.949699282,4.8753,0.186376596,0,0,0,0,0
330.9664,1.952317045,4.8687,0.186782272,0,0,0,0,0
331.4664,1.954629615,4.8835,0.187372053,0,0,0,0,0
331.9663,1.960148931,4.8788,0.188015194,0,0,0,0,0
332.4663,1.959184822,4.8813,0.188676322,0,0,0,0,0
332.9663,1.964839574,4.887,0.18926652,0,0,0,0,0
333.4663,1.970836055,4.8687,0.190044742,0,0,0,0,0
333.9663,1.972795641,4.8734,0.190340247,0,0,0,0,0
334.4663,1.974952477,4.8857,0.191048796,0,0,0,0,0
334.9662,1.978625501,4.8816,0.191704865,0,0,0,0,0
335.466,1.984114372,4.8721,0.192258136,0,0,0,0,0
335.966,1.985173139,4.8728,0.192497996,0,0,0,0,0
336.4662,1.989597707,4.8838,0.193214177,0,0,0,0,0
336.9662,1.992329318,4.8851,0.193787973,0,0,0,0,0
337.4662,1.995177176,4.8908,0.194160154,0,0,0,0,0
337.9662,1.996974754,4.8886,0.19500315,0,0,0,0,0
338.4661,2.001417959,4.8788,0.195767787,0,0,0,0,0
338.9661,2.005117738,4.8782,0.19655466,0,0,0,0,0
339.4661,2.00942606,4.894,0.196954709,0,0,0,0,0
339.9661,2.012953683,4.8908,0.197540043,0,0,0,0,0
340.4661,2.015414421,4.8933,0.198276924,0,0,0,0,0
340.9661,2.018349925,4.8936,0.19879773,0,0,0,0,0
341.4661,2.020687036,4.8971,0.199292473,0,0,0,0,0
341.966,2.023340596,4.8895,0.200243331,0,0,0,0,0
342.466,2.026989633,4.8848,0.200654029,0,0,0,0,0
342.966,2.032201172,4.8977,0.20136288,0,0,0,0,0
343.466,2.035570664,4.8895,0.202018272,0,0,0,0,0
343.966,2.037592617,4.8965,0.20261426,0,0,0,0,0
344.466,2.04191939,4.8927,0.203113165,0,0,0,0,0
344.9659,2.044921874,4.8794,0.204006036,0,0,0,0,0
345.466,2.047929156,4.8955,0.204662717,0,0,0,0,0
345.9659,2.04996993,4.8927,0.204873971,0,0,0,0,0
346.4659,2.054649318,4.8864,0.2059989,0,0,0,0,0
346.9656,2.056696366,4.8804,0.206527752,0,0,0,0,0
347.4659,2.062106078,4.894,0.207273094,0,0,0,0,0
347.9659,2.064569768,4.8981,0.20806601,0,0,0,0,0
348.4658,2.067436262,4.8879,0.208659909,0,0,0,0,0
348.9658,2.071136226,4.8958,0.209508797,0,0,0,0,0
349.4658,2.074081879,4.8826,0.209921712,0,0,0,0,0
349.9658,2.076131141,4.8826,0.210489004,0,0,0,0,0
350.4658,2.083730164,4.8933,0.211480243,0,0,0,0,0
350.9657,2.083302081,4.8908,0.212133533,0,0,0,0,0
351.4658,2.087148184,4.8996,0.212754961,0,0,0,0,0
351.9657,2.089987369,4.8927,0.213477728,0,0,0,0,0
352.4657,2.091419786,4.8911,0.213989185,0,0,0,0,0
352.9657,2.096967149,4.8996,0.214675203,0,0,0,0,0
353.4657,2.100307671,4.8984,0.215771257,0,0,0,0,0
353.9657,2.103770529,4.8917,0.216329276,0,0,0,0,0
354.4657,2.107911861,4.8819,0.217386269,0,0,0,0,0
354.9657,2.111476757,4.8977,0.218163765,0,0,0,0,0
355.4656,2.114383292,4.8936,0.219079006,0,0,0,0,0
355.9656,2.116245452,4.8968,0.219818028,0,0,0,0,0
356.4656,2.119949107,4.8851,0.220486692,0,0,0,0,0
356.9656,2.123153454,4.8889,0.221099983,0,0,0,0,0
357.4656,2.127730065,4.894,0.222126738,0,0,0,0,0
357.9656,2.130630511,4.8917,0.22299391,0,0,0,0,0
358.4655,2.131853868,4.8902,0.223462019,0,0,0,0,0
358.9655,2.136940857,4.893,0.2243961,0,0,0,0,0
359.4655,2.140546348,4.899,0.225348526,0,0,0,0,0
359.9655,2.14469746,4.8848,0.226521543,0,0,0,0,0
360.4655,2.147809363,4.8889,0.226722325,0,0,0,0,0
360.9655,2.151191587,4.8977,0.227690236,0,0,0,0,0
361.4655,2.152624003,4.8842,0.228408187,0,0,0,0,0
361.9654,2.157900677,4.8895,0.229571735,0,0,0,0,0
362.4654,2.157251542,4.8914,0.230210374,0,0,0,0,0
362.9652,2.163669647,4.8876,0.231111721,0,0,0,0,0
363.4652,2.16685259,4.8854,0.232137062,0,0,0,0,0
363.9652,2.171091533,4.8835,0.232916382,0,0,0,0,0
364.4654,2.172059885,4.8977,0.23365698,0,0,0,0,0
364.9654,2.177845646,4.8946,0.234452695,0,0,0,0,0
365.4653,2.182566551,4.8993,0.235619476,0,0,0,0,0
365.9653,2.183105714,4.8996,0.236358076,0,0,0,0,0
366.4653,2.186377964,4.8819,0.23717794,0,0,0,0,0
366.9653,2.189503522,4.8955,0.238035083,0,0,0,0,0
367.4653,2.192935565,4.8933,0.239140836,0,0,0,0,0
367.9653,2.19522507,4.8876,0.239924916,0,0,0,0,0
368.4652,2.196540502,4.8971,0.240878683,0,0,0,0,0
368.9652,2.203913675,4.8952,0.242133939,0,0,0,0,0
369.4652,2.205787644,4.8946,0.24291713,0,0,0,0,0
369.9652,2.209253454,4.8804,0.243807101,0,0,0,0,0
370.4652,2.212671659,4.8832,0.244900694,0,0,0,0,0
370.9652,2.216842883,4.8946,0.245870005,0,0,0,0,0
371.4652,2.221599953,4.8936,0.247163851,0,0,0,0,0
371.9652,2.22108404,4.8816,0.247931552,0,0,0,0,0
372.4651,2.227427784,4.8889,0.249195312,0,0,0,0,0
372.9651,2.229402131,4.8895,0.250147493,0,0,0,0,0
373.4651,2.23195273,4.8879,0.251140545,0,0,0,0,0
373.9651,2.236659611,4.8816,0.25241033,0,0,0,0,0
374.4651,2.240952064,4.874,0.253402576,0,0,0,0,0
374.965,2.242245169,4.8892,0.254237313,0,0,0,0,0
375.4651,2.246661065,4.8911,0.255504608,0,0,0,0,0
375.965,2.251719638,4.8816,0.256877731,0,0,0,0,0
376.465,2.252889301,4.8725,0.257904191,0,0,0,0,0
376.965,2.256390723,4.8845,0.259139698,0,0,0,0,0
377.465,2.260275943,4.8832,0.260445045,0,0,0,0,0
377.965,2.264098428,4.8867,0.261476406,0,0,0,0,0
378.465,2.26747899,4.8819,0.262508129,0,0,0,0,0
378.9649,2.272386258,4.8715,0.263878787,0,0,0,0,0
379.4649,2.273111416,4.8838,0.265016016,0,0,0,0,0
379.9649,2.276547334,4.8804,0.266080996,0,0,0,0,0
380.4649,2.280094701,4.8797,0.267465193,0,0,0,0,0
380.9649,2.282690322,4.8826,0.268906917,0,0,0,0,0
381.4649,2.287860345,4.8791,0.270072372,0,0,0,0,0
381.9649,2.289842811,4.8785,0.271195524,0,0,0,0,0
382.4648,2.292663914,4.8778,0.272534593,0,0,0,0,0
382.9648,2.295498302,4.8778,0.273943687,0,0,0,0,0
383.4648,2.298272168,4.874,0.275087819,0,0,0,0,0
383.9648,2.301631695,4.8674,0.276991801,0,0,0,0,0
384.4648,2.309135322,4.8696,0.278217984,0,0,0,0,0
384.9645,2.310972204,4.8589,0.279796899,0,0,0,0,0
385.4647,2.311646803,4.8538,0.280959527,0,0,0,0,0
385.9647,2.316239652,4.8684,0.282412658,0,0,0,0,0
386.4647,2.31991489,4.8674,0.284008667,0,0,0,0,0
386.9647,2.324348869,4.8579,0.285550636,0,0,0,0,0
387.4647,2.328041452,4.8639,0.287030471,0,0,0,0,0
387.9647,2.330572676,4.8639,0.288506732,0,0,0,0,0
388.4647,2.334918455,4.8633,0.29009998,0,0,0,0,0
388.9646,2.335693617,4.8475,0.291353104,0,0,0,0,0
389.4646,2.33971944,4.863,0.292969458,0,0,0,0,0
389.9646,2.343491182,4.856,0.294465954,0,0,0,0,0
390.4646,2.345598936,4.8431,0.29591889,0,0,0,0,0
390.9646,2.350718216,4.8516,0.297945886,0,0,0,0,0
391.4643,2.352892582,4.8513,0.299886462,0,0,0,0,0
391.9643,2.35731143,4.8465,0.30093004,0,0,0,0,0
392.4645,2.360634976,4.8484,0.30284432,0,0,0,0,0
392.9645,2.36331363,4.845,0.304944712,0,0,0,0,0
393.4645,2.366465575,4.8431,0.30647384,0,0,0,0,0
393.9645,2.370798068,4.8263,0.309008592,0,0,0,0,0
394.4645,2.374782559,4.8241,0.310451428,0,0,0,0,0
394.9645,2.378218662,4.838,0.312054851,0,0,0,0,0
395.4645,2.382361839,4.833,0.313906032,0,0,0,0,0
395.9645,2.383405476,4.8279,0.315691671,0,0,0,0,0
396.4644,2.388570885,4.8251,0.31777606,0,0,0,0,0
396.9644,2.391201749,4.8292,0.319588441,0,0,0,0,0
397.4644,2.394827168,4.8235,0.322162669,0,0,0,0,0
397.9644,2.398118977,4.8156,0.32384925,0,0,0,0,0
398.4641,2.401135669,4.8168,0.325526305,0,0,0,0,0
398.9641,2.405597325,4.807,0.328009278,0,0,0,0,0
399.4644,2.408267123,4.8052,0.329743299,0,0,0,0,0
399.9641,2.41289909,4.7944,0.331770726,0,0,0,0,0
400.4643,2.41665976,4.7881,0.333943911,0,0,0,0,0
400.9641,2.419812996,4.7818,0.33640742,0,0,0,0,0
401.4643,2.423164036,4.7878,0.338578483,0,0,0,0,0
401.9643,2.427379175,4.7856,0.340630247,0,0,0,0,0
402.4642,2.429068811,4.7783,0.343007712,0,0,0,0,0
402.9642,2.43422075,4.7717,0.345366428,0,0,0,0,0
403.4642,2.43690494,4.772,0.347766679,0,0,0,0,0
